candidate_id,start_name,end_name,end_output_names,needs_route_input,islands,island_count,stage_plan,stage_count,stage_devices,cpu_prefix_convs,cpu_tail_convs,cpu_stage_convs,vta_stage_convs,vta_convs,boundary_points,boundary_conv_outputs,resource_cycle_ms,vta_dma_ms,boundary_ms,dma_fragmentation_ms,sram_risk_ms,tail_cpu_ms,effective_segment_count,small_island_count,pattern_cpu_vta_cpu,pattern_cpu_vta_cpu_vta_cpu,stage_cpu_ms_est,stage_vta_ms_est,total_vta_occupied_ms_est,boundary_bytes_est,balance_imbalance_ms_est,balanced_cycle_ms_est,fitted_cycle_ms_est,predicted_cycle_ms,predicted_fps,boundary_valid,boundary_status,failure_type,boundary_reasons,boundary_warnings,status,package_dir,error_summary
yolo_multi_pool2_logits,pool2,logits,"['small_logits51', 'big_logits66']",False,"[{'start_point_idx': 3, 'end_point_idx': 11, 'start_name': 'pool2', 'end_name': 'logits', 'vta_convs': [3, 4, 5, 6, 7, 8, 9, 10, 11, 12]}]",1,"[{'device': 'cpu', 'input_point': 'data', 'output_point': 'pool2', 'convs': [0, 1, 2]}, {'device': 'vta', 'input_point': 'pool2', 'output_point': 'logits', 'convs': [3, 4, 5, 6, 7, 8, 9, 10, 11, 12]}, {'device': 'cpu', 'input_point': 'logits', 'output_point': 'output', 'convs': [], 'is_tail': True}]",3.0,cpu/vta/cpu,"[0, 1, 2]",[],"[[0, 1, 2], []]","[[3, 4, 5, 6, 7, 8, 9, 10, 11, 12]]","[3, 4, 5, 6, 7, 8, 9, 10, 11, 12]","[3, 11]","[0, 1, 2, 3, 4, 5, 6, 7, 8, 9, 10, 11, 12]",144.31248,1.6503618181818183,2.4205306666666666,0.08,0.0,0.0,3.0,0.0,1.0,0.0,"[143.47915636363638, 0.0]",[144.31248],144.31248,3630796,0.41666181818180803,148.65420266666666,478.26289816670027,231.05637654167506,4.327948074696967,True,safe,,,per_stage_quantization_experimental;non_pool4_start_boundary_experimental;cpu_tail_requires_serial_raw_gate;logits_boundary_experimental;cpu_to_vta_boundary_requires_pack_quant:pool2;vta_to_cpu_boundary_requires_unpack_dequant:small_logits51;vta_to_cpu_boundary_requires_unpack_dequant:big_logits66,buildable,vta/tutorials/frontend/report_out/yolov3_tiny_pipeline_baseline/20260514_yolo_multisplit100/packages/yolo_multi_pool2_logits,
yolo_multi_pool2_dual_pre_logits,pool2,dual_pre_logits,"['small_pre26', 'big64']",False,"[{'start_point_idx': 3, 'end_point_idx': 10, 'start_name': 'pool2', 'end_name': 'dual_pre_logits', 'vta_convs': [3, 4, 5, 6, 7, 8, 9, 11]}]",1,"[{'device': 'cpu', 'input_point': 'data', 'output_point': 'pool2', 'convs': [0, 1, 2]}, {'device': 'vta', 'input_point': 'pool2', 'output_point': 'dual_pre_logits', 'convs': [3, 4, 5, 6, 7, 8, 9, 11]}, {'device': 'cpu', 'input_point': 'dual_pre_logits', 'output_point': 'output', 'convs': [10, 12], 'is_tail': True}]",3.0,cpu/vta/cpu,"[0, 1, 2]","[10, 12]","[[0, 1, 2], [10, 12]]","[[3, 4, 5, 6, 7, 8, 9, 11]]","[3, 4, 5, 6, 7, 8, 9, 11]","[3, 10]","[0, 1, 2, 3, 4, 5, 6, 7, 8, 9, 11]",143.47915636363638,1.7305599999999999,2.538154666666667,0.08,0.0,20.05876363636364,3.0,0.0,1.0,0.0,"[143.47915636363638, 20.05876363636364]",[140.17536],140.17536,3807232,3.3037963636363656,149.89533866666667,477.861084513151,231.88677512828775,4.312449467835178,True,safe,,,per_stage_quantization_experimental;non_pool4_start_boundary_experimental;cpu_tail_requires_serial_raw_gate;cpu_to_vta_boundary_requires_pack_quant:pool2;vta_to_cpu_boundary_requires_unpack_dequant:small_pre26;vta_to_cpu_boundary_requires_unpack_dequant:big64,buildable,vta/tutorials/frontend/report_out/yolov3_tiny_pipeline_baseline/20260514_yolo_multisplit100/packages/yolo_multi_pool2_dual_pre_logits,
yolo_multi_pool3_dual_pre18_14,pool3,dual_pre18_14,"['route23', 'small42', 'big64']",False,"[{'start_point_idx': 4, 'end_point_idx': 9, 'start_name': 'pool3', 'end_name': 'dual_pre18_14', 'vta_convs': [4, 5, 6, 7, 8, 11]}]",1,"[{'device': 'cpu', 'input_point': 'data', 'output_point': 'pool3', 'convs': [0, 1, 2, 3]}, {'device': 'vta', 'input_point': 'pool3', 'output_point': 'dual_pre18_14', 'convs': [4, 5, 6, 7, 8, 11]}, {'device': 'cpu', 'input_point': 'dual_pre18_14', 'output_point': 'output', 'convs': [9, 10, 12], 'is_tail': True}]",3.0,cpu/vta/cpu,"[0, 1, 2, 3]","[9, 10, 12]","[[0, 1, 2, 3], [9, 10, 12]]","[[4, 5, 6, 7, 8, 11]]","[4, 5, 6, 7, 8, 11]","[4, 9]","[0, 1, 2, 3, 4, 5, 6, 7, 8, 11]",203.89143272727273,1.1405963636363636,1.6728746666666667,0.08,0.0,201.29559272727275,3.0,0.0,1.0,0.0,"[203.89143272727273, 201.29559272727275]",[90.335232],90.335232,2509312,2.5958399999999813,208.39219975757575,506.9907964589545,283.0418489329204,3.533046451505464,True,safe,,,per_stage_quantization_experimental;non_pool4_start_boundary_experimental;cpu_tail_requires_serial_raw_gate;concat_route_cpu_tail_boundary;cpu_to_vta_boundary_requires_pack_quant:pool3;vta_to_cpu_boundary_requires_unpack_dequant:route23;vta_to_cpu_boundary_requires_unpack_dequant:small42;vta_to_cpu_boundary_requires_unpack_dequant:big64,buildable,vta/tutorials/frontend/report_out/yolov3_tiny_pipeline_baseline/20260514_yolo_multisplit100/packages/yolo_multi_pool3_dual_pre18_14,
yolo_multi_pool1_logits,pool1,logits,"['small_logits51', 'big_logits66']",False,"[{'start_point_idx': 2, 'end_point_idx': 11, 'start_name': 'pool1', 'end_name': 'logits', 'vta_convs': [2, 3, 4, 5, 6, 7, 8, 9, 10, 11, 12]}]",1,"[{'device': 'cpu', 'input_point': 'data', 'output_point': 'pool1', 'convs': [0, 1]}, {'device': 'vta', 'input_point': 'pool1', 'output_point': 'logits', 'convs': [2, 3, 4, 5, 6, 7, 8, 9, 10, 11, 12]}, {'device': 'cpu', 'input_point': 'logits', 'output_point': 'output', 'convs': [], 'is_tail': True}]",3.0,cpu/vta/cpu,"[0, 1]",[],"[[0, 1], []]","[[2, 3, 4, 5, 6, 7, 8, 9, 10, 11, 12]]","[2, 3, 4, 5, 6, 7, 8, 9, 10, 11, 12]","[2, 11]","[0, 1, 2, 3, 4, 5, 6, 7, 8, 9, 10, 11, 12]",156.772512,2.9089509090909087,4.266461333333333,0.08,0.0,0.0,3.0,0.0,1.0,0.0,"[83.06688, 0.0]",[156.772512],156.772512,6399692,36.852816000000004,222.90225464242425,484.2709012555223,288.2444162956988,3.469277958099763,True,safe,,,per_stage_quantization_experimental;non_pool4_start_boundary_experimental;cpu_tail_requires_serial_raw_gate;logits_boundary_experimental;cpu_to_vta_boundary_requires_pack_quant:pool1;vta_to_cpu_boundary_requires_unpack_dequant:small_logits51;vta_to_cpu_boundary_requires_unpack_dequant:big_logits66,buildable,vta/tutorials/frontend/report_out/yolov3_tiny_pipeline_baseline/20260514_yolo_multisplit100/packages/yolo_multi_pool1_logits,
yolo_multi_pool3_logits,pool3,logits,"['small_logits51', 'big_logits66']",False,"[{'start_point_idx': 4, 'end_point_idx': 11, 'start_name': 'pool3', 'end_name': 'logits', 'vta_convs': [4, 5, 6, 7, 8, 9, 10, 11, 12]}]",1,"[{'device': 'cpu', 'input_point': 'data', 'output_point': 'pool3', 'convs': [0, 1, 2, 3]}, {'device': 'vta', 'input_point': 'pool3', 'output_point': 'logits', 'convs': [4, 5, 6, 7, 8, 9, 10, 11, 12]}, {'device': 'cpu', 'input_point': 'logits', 'output_point': 'output', 'convs': [], 'is_tail': True}]",3.0,cpu/vta/cpu,"[0, 1, 2, 3]",[],"[[0, 1, 2, 3], []]","[[4, 5, 6, 7, 8, 9, 10, 11, 12]]","[4, 5, 6, 7, 8, 9, 10, 11, 12]","[4, 11]","[0, 1, 2, 3, 4, 5, 6, 7, 8, 9, 10, 11, 12]",203.89143272727273,1.0210672727272727,1.4975653333333334,0.08,0.0,0.0,3.0,0.0,1.0,0.0,"[203.89143272727273, 0.0]",[131.852448],131.852448,2246348,36.019492363636346,229.82273536969697,506.9907964589545,299.11475064201136,3.3431985478938384,True,safe,,,per_stage_quantization_experimental;non_pool4_start_boundary_experimental;cpu_tail_requires_serial_raw_gate;logits_boundary_experimental;cpu_to_vta_boundary_requires_pack_quant:pool3;vta_to_cpu_boundary_requires_unpack_dequant:small_logits51;vta_to_cpu_boundary_requires_unpack_dequant:big_logits66,buildable,vta/tutorials/frontend/report_out/yolov3_tiny_pipeline_baseline/20260514_yolo_multisplit100/packages/yolo_multi_pool3_logits,
yolo_multi_pool1_dual_pre_logits,pool1,dual_pre_logits,"['small_pre26', 'big64']",False,"[{'start_point_idx': 2, 'end_point_idx': 10, 'start_name': 'pool1', 'end_name': 'dual_pre_logits', 'vta_convs': [2, 3, 4, 5, 6, 7, 8, 9, 11]}]",1,"[{'device': 'cpu', 'input_point': 'data', 'output_point': 'pool1', 'convs': [0, 1]}, {'device': 'vta', 'input_point': 'pool1', 'output_point': 'dual_pre_logits', 'convs': [2, 3, 4, 5, 6, 7, 8, 9, 11]}, {'device': 'cpu', 'input_point': 'dual_pre_logits', 'output_point': 'output', 'convs': [10, 12], 'is_tail': True}]",3.0,cpu/vta/cpu,"[0, 1]","[10, 12]","[[0, 1], [10, 12]]","[[2, 3, 4, 5, 6, 7, 8, 9, 11]]","[2, 3, 4, 5, 6, 7, 8, 9, 11]","[2, 10]","[0, 1, 2, 3, 4, 5, 6, 7, 8, 9, 11]",152.635392,2.989149090909091,4.384085333333333,0.08,0.0,20.05876363636364,3.0,0.0,1.0,0.0,"[83.06688, 20.05876363636364]",[152.635392],152.635392,6576128,69.568512,240.2281592242424,482.27605647993687,300.740133538166,3.325129866224167,True,safe,,,per_stage_quantization_experimental;non_pool4_start_boundary_experimental;cpu_tail_requires_serial_raw_gate;cpu_to_vta_boundary_requires_pack_quant:pool1;vta_to_cpu_boundary_requires_unpack_dequant:small_pre26;vta_to_cpu_boundary_requires_unpack_dequant:big64,buildable,vta/tutorials/frontend/report_out/yolov3_tiny_pipeline_baseline/20260514_yolo_multisplit100/packages/yolo_multi_pool1_dual_pre_logits,
yolo_multi_pool2_dual_pre18_14,pool2,dual_pre18_14,"['route23', 'small42', 'big64']",False,"[{'start_point_idx': 3, 'end_point_idx': 9, 'start_name': 'pool2', 'end_name': 'dual_pre18_14', 'vta_convs': [3, 4, 5, 6, 7, 8, 11]}]",1,"[{'device': 'cpu', 'input_point': 'data', 'output_point': 'pool2', 'convs': [0, 1, 2]}, {'device': 'vta', 'input_point': 'pool2', 'output_point': 'dual_pre18_14', 'convs': [3, 4, 5, 6, 7, 8, 11]}, {'device': 'cpu', 'input_point': 'dual_pre18_14', 'output_point': 'output', 'convs': [9, 10, 12], 'is_tail': True}]",3.0,cpu/vta/cpu,"[0, 1, 2]","[9, 10, 12]","[[0, 1, 2], [9, 10, 12]]","[[3, 4, 5, 6, 7, 8, 11]]","[3, 4, 5, 6, 7, 8, 11]","[3, 9]","[0, 1, 2, 3, 4, 5, 6, 7, 8, 11]",201.29559272727275,1.7698909090909092,2.59584,0.08,0.0,201.29559272727275,3.0,0.0,1.0,0.0,"[143.47915636363638, 201.29559272727275]",[102.795264],102.795264,3893760,57.81643636363637,243.24200727272734,505.73912914878326,308.8662877417413,3.237646967920793,True,safe,,,per_stage_quantization_experimental;non_pool4_start_boundary_experimental;cpu_tail_requires_serial_raw_gate;concat_route_cpu_tail_boundary;cpu_to_vta_boundary_requires_pack_quant:pool2;vta_to_cpu_boundary_requires_unpack_dequant:route23;vta_to_cpu_boundary_requires_unpack_dequant:small42;vta_to_cpu_boundary_requires_unpack_dequant:big64,buildable,vta/tutorials/frontend/report_out/yolov3_tiny_pipeline_baseline/20260514_yolo_multisplit100/packages/yolo_multi_pool2_dual_pre18_14,
yolo_multi_pool3_dual_pre_logits,pool3,dual_pre_logits,"['small_pre26', 'big64']",False,"[{'start_point_idx': 4, 'end_point_idx': 10, 'start_name': 'pool3', 'end_name': 'dual_pre_logits', 'vta_convs': [4, 5, 6, 7, 8, 9, 11]}]",1,"[{'device': 'cpu', 'input_point': 'data', 'output_point': 'pool3', 'convs': [0, 1, 2, 3]}, {'device': 'vta', 'input_point': 'pool3', 'output_point': 'dual_pre_logits', 'convs': [4, 5, 6, 7, 8, 9, 11]}, {'device': 'cpu', 'input_point': 'dual_pre_logits', 'output_point': 'output', 'convs': [10, 12], 'is_tail': True}]",3.0,cpu/vta/cpu,"[0, 1, 2, 3]","[10, 12]","[[0, 1, 2, 3], [10, 12]]","[[4, 5, 6, 7, 8, 9, 11]]","[4, 5, 6, 7, 8, 9, 11]","[4, 10]","[0, 1, 2, 3, 4, 5, 6, 7, 8, 9, 11]",203.89143272727273,1.1012654545454545,1.6151893333333334,0.08,0.0,20.05876363636364,3.0,0.0,1.0,0.0,"[203.89143272727273, 20.05876363636364]",[127.71532799999999],127.71532799999999,2422784,76.17610472727274,256.1223555878788,506.9907964589545,318.8394658056477,3.1363745936318987,True,safe,,,per_stage_quantization_experimental;non_pool4_start_boundary_experimental;cpu_tail_requires_serial_raw_gate;cpu_to_vta_boundary_requires_pack_quant:pool3;vta_to_cpu_boundary_requires_unpack_dequant:small_pre26;vta_to_cpu_boundary_requires_unpack_dequant:big64,buildable,vta/tutorials/frontend/report_out/yolov3_tiny_pipeline_baseline/20260514_yolo_multisplit100/packages/yolo_multi_pool3_dual_pre_logits,
yolo_multi_pool2_shared13__small_pre18_logits,pool2,logits,"['small_logits51', 'big_logits66']",True,"[{'start_point_idx': 3, 'end_point_idx': 7, 'start_name': 'pool2', 'end_name': 'shared13', 'vta_convs': [3, 4, 5, 6, 7]}, {'start_point_idx': 8, 'end_point_idx': 11, 'start_name': 'small_pre18', 'end_name': 'logits', 'vta_convs': [9, 10, 11, 12]}]",2,"[{'device': 'cpu', 'input_point': 'data', 'output_point': 'pool2', 'convs': [0, 1, 2]}, {'device': 'vta', 'input_point': 'pool2', 'output_point': 'shared13', 'convs': [3, 4, 5, 6, 7]}, {'device': 'cpu', 'input_point': 'shared13', 'output_point': 'small_pre18', 'convs': [8]}, {'device': 'vta', 'input_point': 'small_pre18', 'output_point': 'logits', 'convs': [9, 10, 11, 12]}, {'device': 'cpu', 'input_point': 'logits', 'output_point': 'output', 'convs': [], 'is_tail': True}]",5.0,cpu/vta/cpu/vta/cpu,"[0, 1, 2]",[],"[[0, 1, 2], [8], []]","[[3, 4, 5, 6, 7], [9, 10, 11, 12]]","[3, 4, 5, 6, 7, 9, 10, 11, 12]","[3, 7, 8, 11]","[0, 1, 2, 3, 4, 5, 6, 7, 8, 9, 10, 11, 12]",143.966368,2.476310909090909,3.6319226666666666,0.16,0.0,0.0,5.0,0.0,0.0,1.0,"[143.47915636363638, 1.678118787878788, 0.0]","[89.98912, 53.977247999999996]",143.966368,5447884,0.487211636363611,195.3912891393939,767.3437426662022,338.379402521096,2.95526262103869,True,safe,,,per_stage_quantization_experimental;non_pool4_start_boundary_experimental;cpu_tail_requires_serial_raw_gate;route_branch_cpu_to_vta_boundary;logits_boundary_experimental;cpu_to_vta_boundary_requires_pack_quant:pool2;vta_to_cpu_boundary_requires_unpack_dequant:route23;vta_to_cpu_boundary_requires_unpack_dequant:shared38;cpu_to_vta_boundary_requires_pack_quant:route23;cpu_to_vta_boundary_requires_pack_quant:shared38;cpu_to_vta_boundary_requires_pack_quant:small42;vta_to_cpu_boundary_requires_unpack_dequant:small_logits51;vta_to_cpu_boundary_requires_unpack_dequant:big_logits66,buildable,vta/tutorials/frontend/report_out/yolov3_tiny_pipeline_baseline/20260514_yolo_multisplit100/packages/yolo_multi_pool2_shared13__small_pre18_logits,
yolo_multi_pool2_trunk12__shared13_logits,pool2,logits,"['small_logits51', 'big_logits66']",True,"[{'start_point_idx': 3, 'end_point_idx': 6, 'start_name': 'pool2', 'end_name': 'trunk12', 'vta_convs': [3, 4, 5, 6]}, {'start_point_idx': 7, 'end_point_idx': 11, 'start_name': 'shared13', 'end_name': 'logits', 'vta_convs': [8, 9, 10, 11, 12]}]",2,"[{'device': 'cpu', 'input_point': 'data', 'output_point': 'pool2', 'convs': [0, 1, 2]}, {'device': 'vta', 'input_point': 'pool2', 'output_point': 'trunk12', 'convs': [3, 4, 5, 6]}, {'device': 'cpu', 'input_point': 'trunk12', 'output_point': 'shared13', 'convs': [7]}, {'device': 'vta', 'input_point': 'shared13', 'output_point': 'logits', 'convs': [8, 9, 10, 11, 12]}, {'device': 'cpu', 'input_point': 'logits', 'output_point': 'output', 'convs': [], 'is_tail': True}]",5.0,cpu/vta/cpu/vta/cpu,"[0, 1, 2]",[],"[[0, 1, 2], [7], []]","[[3, 4, 5, 6], [8, 9, 10, 11, 12]]","[3, 4, 5, 6, 8, 9, 10, 11, 12]","[3, 6, 7, 11]","[0, 1, 2, 3, 4, 5, 6, 7, 8, 9, 10, 11, 12]",143.47915636363638,2.6729654545454546,3.9203493333333332,0.16,0.0,0.0,5.0,0.0,0.0,1.0,"[143.47915636363638, 13.424950303030304, 0.0]","[87.220224, 54.32336]",141.543584,5880524,1.9355723636363678,196.33059318787878,767.1088179873425,339.0251493877447,2.949633682946321,True,safe,build_failed,,per_stage_quantization_experimental;non_pool4_start_boundary_experimental;cpu_tail_requires_serial_raw_gate;route_branch_cpu_to_vta_boundary;logits_boundary_experimental;cpu_to_vta_boundary_requires_pack_quant:pool2;vta_to_cpu_boundary_requires_unpack_dequant:route23;vta_to_cpu_boundary_requires_unpack_dequant:trunk34;cpu_to_vta_boundary_requires_pack_quant:route23;cpu_to_vta_boundary_requires_pack_quant:shared38;vta_to_cpu_boundary_requires_unpack_dequant:small_logits51;vta_to_cpu_boundary_requires_unpack_dequant:big_logits66,build_failed,," [bt] (6) /home/orange/code/tvm/build/libtvm.so(tvm::transform::Pass::operator()(tvm::IRModule, tvm::transform::PassContext const&) const+0x3d4) [0x75ad03bce3f4]
  [bt] (5) /home/orange/code/tvm/build/libtvm.so(tvm::transform::ModulePassNode::operator()(tvm::IRModule, tvm::transform::PassContext const&) const+0x1bf) [0x75ad03bd76df]
  [bt] (4) /home/orange/code/tvm/build/libtvm.so(+0x287c5f7) [0x75ad0567c5f7]
  [bt] (3) /home/orange/code/tvm/build/libtvm.so(tvm::relay::TypeInferencer::Infer(tvm::GlobalVar, tvm::relay::Function)+0xc9) [0x75ad05674119]
  [bt] (2) /home/orange/code/tvm/build/libtvm.so(+0x24f2629) [0x75ad052f2629]
  [bt] (1) /home/orange/code/tvm/build/libtvm.so(+0x99d3ab) [0x75ad0379d3ab]
  [bt] (0) /home/orange/code/tvm/build/libtvm.so(tvm::runtime::Backtrace[abi:cxx11]()+0x25) [0x75ad05bfbd95]
  File ""/home/orange/code/tvm/src/relay/analysis/type_solver.cc"", line 643
InternalError: Check failed: (false) is false: relay.concatenate requires all tensors have the same ndim"
yolo_multi_pool2_trunk12__small_pre18_logits,pool2,logits,"['small_logits51', 'big_logits66']",True,"[{'start_point_idx': 3, 'end_point_idx': 6, 'start_name': 'pool2', 'end_name': 'trunk12', 'vta_convs': [3, 4, 5, 6]}, {'start_point_idx': 8, 'end_point_idx': 11, 'start_name': 'small_pre18', 'end_name': 'logits', 'vta_convs': [9, 10, 11, 12]}]",2,"[{'device': 'cpu', 'input_point': 'data', 'output_point': 'pool2', 'convs': [0, 1, 2]}, {'device': 'vta', 'input_point': 'pool2', 'output_point': 'trunk12', 'convs': [3, 4, 5, 6]}, {'device': 'cpu', 'input_point': 'trunk12', 'output_point': 'small_pre18', 'convs': [7, 8]}, {'device': 'vta', 'input_point': 'small_pre18', 'output_point': 'logits', 'convs': [9, 10, 11, 12]}, {'device': 'cpu', 'input_point': 'logits', 'output_point': 'output', 'convs': [], 'is_tail': True}]",5.0,cpu/vta/cpu/vta/cpu,"[0, 1, 2]",[],"[[0, 1, 2], [7, 8], []]","[[3, 4, 5, 6], [9, 10, 11, 12]]","[3, 4, 5, 6, 9, 10, 11, 12]","[3, 6, 8, 11]","[0, 1, 2, 3, 4, 5, 6, 7, 8, 9, 10, 11, 12]",143.47915636363638,2.7122963636363635,3.9780346666666664,0.16,0.0,0.0,5.0,0.0,0.0,1.0,"[143.47915636363638, 15.103069090909091, 0.0]","[87.220224, 53.977247999999996]",141.197472,5967052,2.281684363636373,196.65258223030307,767.1088179873425,339.26664116956294,2.947534118157545,True,safe,,,per_stage_quantization_experimental;non_pool4_start_boundary_experimental;cpu_tail_requires_serial_raw_gate;route_branch_cpu_to_vta_boundary;logits_boundary_experimental;cpu_to_vta_boundary_requires_pack_quant:pool2;vta_to_cpu_boundary_requires_unpack_dequant:route23;vta_to_cpu_boundary_requires_unpack_dequant:trunk34;cpu_to_vta_boundary_requires_pack_quant:route23;cpu_to_vta_boundary_requires_pack_quant:shared38;cpu_to_vta_boundary_requires_pack_quant:small42;vta_to_cpu_boundary_requires_unpack_dequant:small_logits51;vta_to_cpu_boundary_requires_unpack_dequant:big_logits66,buildable,vta/tutorials/frontend/report_out/yolov3_tiny_pipeline_baseline/20260514_yolo_multisplit100/packages/yolo_multi_pool2_trunk12__small_pre18_logits,
yolo_multi_pool2_small_pre18__dual_pre18_14_logits,pool2,logits,"['small_logits51', 'big_logits66']",True,"[{'start_point_idx': 3, 'end_point_idx': 8, 'start_name': 'pool2', 'end_name': 'small_pre18', 'vta_convs': [3, 4, 5, 6, 7, 8]}, {'start_point_idx': 9, 'end_point_idx': 11, 'start_name': 'dual_pre18_14', 'end_name': 'logits', 'vta_convs': [9, 10, 12]}]",2,"[{'device': 'cpu', 'input_point': 'data', 'output_point': 'pool2', 'convs': [0, 1, 2]}, {'device': 'vta', 'input_point': 'pool2', 'output_point': 'small_pre18', 'convs': [3, 4, 5, 6, 7, 8]}, {'device': 'cpu', 'input_point': 'small_pre18', 'output_point': 'dual_pre18_14', 'convs': [11]}, {'device': 'vta', 'input_point': 'dual_pre18_14', 'output_point': 'logits', 'convs': [9, 10, 12]}, {'device': 'cpu', 'input_point': 'logits', 'output_point': 'output', 'convs': [], 'is_tail': True}]",5.0,cpu/vta/cpu/vta/cpu,"[0, 1, 2]",[],"[[0, 1, 2], [11], []]","[[3, 4, 5, 6, 7, 8], [9, 10, 12]]","[3, 4, 5, 6, 7, 8, 9, 10, 12]","[3, 8, 9, 11]","[0, 1, 2, 3, 4, 5, 6, 7, 8, 9, 10, 11, 12]",143.47915636363638,2.5943036363636365,3.804978666666667,0.16,0.0,0.0,5.0,0.0,0.0,1.0,"[143.47915636363638, 60.412276363636366, 0.0]","[90.335232, 41.517216000000005]",131.852448,5707468,11.626708363636368,202.43579910303032,767.1088179873425,343.60405382410835,2.9103265484519056,True,safe,,,per_stage_quantization_experimental;non_pool4_start_boundary_experimental;cpu_tail_requires_serial_raw_gate;route_branch_cpu_to_vta_boundary;logits_boundary_experimental;cpu_to_vta_boundary_requires_pack_quant:pool2;vta_to_cpu_boundary_requires_unpack_dequant:route23;vta_to_cpu_boundary_requires_unpack_dequant:shared38;vta_to_cpu_boundary_requires_unpack_dequant:small42;cpu_to_vta_boundary_requires_pack_quant:route23;cpu_to_vta_boundary_requires_pack_quant:small42;cpu_to_vta_boundary_requires_pack_quant:big64;vta_to_cpu_boundary_requires_unpack_dequant:small_logits51;vta_to_cpu_boundary_requires_unpack_dequant:big_logits66,buildable,vta/tutorials/frontend/report_out/yolov3_tiny_pipeline_baseline/20260514_yolo_multisplit100/packages/yolo_multi_pool2_small_pre18__dual_pre18_14_logits,
yolo_multi_pool2_shared13__dual_pre18_14_logits,pool2,logits,"['small_logits51', 'big_logits66']",True,"[{'start_point_idx': 3, 'end_point_idx': 7, 'start_name': 'pool2', 'end_name': 'shared13', 'vta_convs': [3, 4, 5, 6, 7]}, {'start_point_idx': 9, 'end_point_idx': 11, 'start_name': 'dual_pre18_14', 'end_name': 'logits', 'vta_convs': [9, 10, 12]}]",2,"[{'device': 'cpu', 'input_point': 'data', 'output_point': 'pool2', 'convs': [0, 1, 2]}, {'device': 'vta', 'input_point': 'pool2', 'output_point': 'shared13', 'convs': [3, 4, 5, 6, 7]}, {'device': 'cpu', 'input_point': 'shared13', 'output_point': 'dual_pre18_14', 'convs': [8, 11]}, {'device': 'vta', 'input_point': 'dual_pre18_14', 'output_point': 'logits', 'convs': [9, 10, 12]}, {'device': 'cpu', 'input_point': 'logits', 'output_point': 'output', 'convs': [], 'is_tail': True}]",5.0,cpu/vta/cpu/vta/cpu,"[0, 1, 2]",[],"[[0, 1, 2], [8, 11], []]","[[3, 4, 5, 6, 7], [9, 10, 12]]","[3, 4, 5, 6, 7, 9, 10, 12]","[3, 7, 9, 11]","[0, 1, 2, 3, 4, 5, 6, 7, 8, 9, 10, 11, 12]",143.47915636363638,2.554972727272727,3.7472933333333334,0.16,0.0,0.0,5.0,0.0,0.0,1.0,"[143.47915636363638, 62.09039515151515, 0.0]","[89.98912, 41.517216000000005]",131.506336,5620940,11.972820363636373,202.56375566060612,767.1088179873425,343.7000212422902,2.909513931321678,True,safe,,,per_stage_quantization_experimental;non_pool4_start_boundary_experimental;cpu_tail_requires_serial_raw_gate;route_branch_cpu_to_vta_boundary;logits_boundary_experimental;cpu_to_vta_boundary_requires_pack_quant:pool2;vta_to_cpu_boundary_requires_unpack_dequant:route23;vta_to_cpu_boundary_requires_unpack_dequant:shared38;cpu_to_vta_boundary_requires_pack_quant:route23;cpu_to_vta_boundary_requires_pack_quant:small42;cpu_to_vta_boundary_requires_pack_quant:big64;vta_to_cpu_boundary_requires_unpack_dequant:small_logits51;vta_to_cpu_boundary_requires_unpack_dequant:big_logits66,buildable,vta/tutorials/frontend/report_out/yolov3_tiny_pipeline_baseline/20260514_yolo_multisplit100/packages/yolo_multi_pool2_shared13__dual_pre18_14_logits,
yolo_multi_pool2_trunk12__dual_pre18_14_logits,pool2,logits,"['small_logits51', 'big_logits66']",True,"[{'start_point_idx': 3, 'end_point_idx': 6, 'start_name': 'pool2', 'end_name': 'trunk12', 'vta_convs': [3, 4, 5, 6]}, {'start_point_idx': 9, 'end_point_idx': 11, 'start_name': 'dual_pre18_14', 'end_name': 'logits', 'vta_convs': [9, 10, 12]}]",2,"[{'device': 'cpu', 'input_point': 'data', 'output_point': 'pool2', 'convs': [0, 1, 2]}, {'device': 'vta', 'input_point': 'pool2', 'output_point': 'trunk12', 'convs': [3, 4, 5, 6]}, {'device': 'cpu', 'input_point': 'trunk12', 'output_point': 'dual_pre18_14', 'convs': [7, 8, 11]}, {'device': 'vta', 'input_point': 'dual_pre18_14', 'output_point': 'logits', 'convs': [9, 10, 12]}, {'device': 'cpu', 'input_point': 'logits', 'output_point': 'output', 'convs': [], 'is_tail': True}]",5.0,cpu/vta/cpu/vta/cpu,"[0, 1, 2]",[],"[[0, 1, 2], [7, 8, 11], []]","[[3, 4, 5, 6], [9, 10, 12]]","[3, 4, 5, 6, 9, 10, 12]","[3, 6, 9, 11]","[0, 1, 2, 3, 4, 5, 6, 7, 8, 9, 10, 11, 12]",143.47915636363638,2.7909581818181817,4.093405333333334,0.16,0.0,0.0,5.0,0.0,0.0,1.0,"[143.47915636363638, 75.51534545454545, 0.0]","[87.220224, 41.517216000000005]",128.73744,6140108,14.741716363636385,204.94563551515154,767.1088179873425,345.4864311331993,2.8944696806759938,True,safe,,,per_stage_quantization_experimental;non_pool4_start_boundary_experimental;cpu_tail_requires_serial_raw_gate;route_branch_cpu_to_vta_boundary;logits_boundary_experimental;cpu_to_vta_boundary_requires_pack_quant:pool2;vta_to_cpu_boundary_requires_unpack_dequant:route23;vta_to_cpu_boundary_requires_unpack_dequant:trunk34;cpu_to_vta_boundary_requires_pack_quant:route23;cpu_to_vta_boundary_requires_pack_quant:small42;cpu_to_vta_boundary_requires_pack_quant:big64;vta_to_cpu_boundary_requires_unpack_dequant:small_logits51;vta_to_cpu_boundary_requires_unpack_dequant:big_logits66,buildable,vta/tutorials/frontend/report_out/yolov3_tiny_pipeline_baseline/20260514_yolo_multisplit100/packages/yolo_multi_pool2_trunk12__dual_pre18_14_logits,
yolo_multi_pool1_pool2__pool4_route_logits,pool1,logits,"['small_logits51', 'big_logits66']",True,"[{'start_point_idx': 2, 'end_point_idx': 3, 'start_name': 'pool1', 'end_name': 'pool2', 'vta_convs': [2]}, {'start_point_idx': 5, 'end_point_idx': 11, 'start_name': 'pool4_route', 'end_name': 'logits', 'vta_convs': [5, 6, 7, 8, 9, 10, 11, 12]}]",2,"[{'device': 'cpu', 'input_point': 'data', 'output_point': 'pool1', 'convs': [0, 1]}, {'device': 'vta', 'input_point': 'pool1', 'output_point': 'pool2', 'convs': [2]}, {'device': 'cpu', 'input_point': 'pool2', 'output_point': 'pool4_route', 'convs': [3, 4]}, {'device': 'vta', 'input_point': 'pool4_route', 'output_point': 'logits', 'convs': [5, 6, 7, 8, 9, 10, 11, 12]}, {'device': 'cpu', 'input_point': 'logits', 'output_point': 'output', 'convs': [], 'is_tail': True}]",5.0,cpu/vta/cpu/vta/cpu,"[0, 1]",[],"[[0, 1], [3, 4], []]","[[2], [5, 6, 7, 8, 9, 10, 11, 12]]","[2, 5, 6, 7, 8, 9, 10, 11, 12]","[2, 3, 5, 11]","[0, 1, 2, 3, 4, 5, 6, 7, 8, 9, 10, 11, 12]",131.852448,4.4821872727272725,6.573874666666667,0.16,0.0,0.0,5.0,1.0,0.0,1.0,"[83.06688, 120.82455272727273, 0.0]","[12.460032, 119.392416]",131.852448,9860812,11.027895272727278,223.07664186666665,761.5026285520697,357.6831385380174,2.795770592059128,True,safe,build_failed,,per_stage_quantization_experimental;non_pool4_start_boundary_experimental;cpu_tail_requires_serial_raw_gate;route_branch_cpu_to_vta_boundary;logits_boundary_experimental;cpu_to_vta_boundary_requires_pack_quant:pool1;vta_to_cpu_boundary_requires_unpack_dequant:pool2;cpu_to_vta_boundary_requires_pack_quant:pool4_route;cpu_to_vta_boundary_requires_pack_quant:route23;vta_to_cpu_boundary_requires_unpack_dequant:small_logits51;vta_to_cpu_boundary_requires_unpack_dequant:big_logits66,build_failed,," [bt] (6) /home/orange/code/tvm/build/libtvm.so(tvm::transform::Pass::operator()(tvm::IRModule, tvm::transform::PassContext const&) const+0x3d4) [0x75ad03bce3f4]
  [bt] (5) /home/orange/code/tvm/build/libtvm.so(tvm::transform::ModulePassNode::operator()(tvm::IRModule, tvm::transform::PassContext const&) const+0x1bf) [0x75ad03bd76df]
  [bt] (4) /home/orange/code/tvm/build/libtvm.so(+0x287c5f7) [0x75ad0567c5f7]
  [bt] (3) /home/orange/code/tvm/build/libtvm.so(tvm::relay::TypeInferencer::Infer(tvm::GlobalVar, tvm::relay::Function)+0xc9) [0x75ad05674119]
  [bt] (2) /home/orange/code/tvm/build/libtvm.so(+0x24f2629) [0x75ad052f2629]
  [bt] (1) /home/orange/code/tvm/build/libtvm.so(+0x99d3ab) [0x75ad0379d3ab]
  [bt] (0) /home/orange/code/tvm/build/libtvm.so(tvm::runtime::Backtrace[abi:cxx11]()+0x25) [0x75ad05bfbd95]
  File ""/home/orange/code/tvm/src/relay/analysis/type_solver.cc"", line 643
InternalError: Check failed: (false) is false: relay.concatenate requires all tensors have the same ndim"
yolo_multi_pool1_pool2__pool4_route_dual_pre_logits,pool1,dual_pre_logits,"['small_pre26', 'big64']",True,"[{'start_point_idx': 2, 'end_point_idx': 3, 'start_name': 'pool1', 'end_name': 'pool2', 'vta_convs': [2]}, {'start_point_idx': 5, 'end_point_idx': 10, 'start_name': 'pool4_route', 'end_name': 'dual_pre_logits', 'vta_convs': [5, 6, 7, 8, 9, 11]}]",2,"[{'device': 'cpu', 'input_point': 'data', 'output_point': 'pool1', 'convs': [0, 1]}, {'device': 'vta', 'input_point': 'pool1', 'output_point': 'pool2', 'convs': [2]}, {'device': 'cpu', 'input_point': 'pool2', 'output_point': 'pool4_route', 'convs': [3, 4]}, {'device': 'vta', 'input_point': 'pool4_route', 'output_point': 'dual_pre_logits', 'convs': [5, 6, 7, 8, 9, 11]}, {'device': 'cpu', 'input_point': 'dual_pre_logits', 'output_point': 'output', 'convs': [10, 12], 'is_tail': True}]",5.0,cpu/vta/cpu/vta/cpu,"[0, 1]","[10, 12]","[[0, 1], [3, 4], [10, 12]]","[[2], [5, 6, 7, 8, 9, 11]]","[2, 5, 6, 7, 8, 9, 11]","[2, 3, 5, 10]","[0, 1, 2, 3, 4, 5, 6, 7, 8, 9, 11]",127.71532799999999,4.5623854545454545,6.691498666666667,0.16,0.0,20.05876363636364,5.0,1.0,0.0,1.0,"[83.06688, 120.82455272727273, 20.05876363636364]","[12.460032, 115.25529599999999]",127.71532799999999,10037248,25.76961163636362,228.71945968484846,759.5077837764843,361.4165407077574,2.7668905192930926,True,safe,build_failed,,per_stage_quantization_experimental;non_pool4_start_boundary_experimental;cpu_tail_requires_serial_raw_gate;route_branch_cpu_to_vta_boundary;cpu_to_vta_boundary_requires_pack_quant:pool1;vta_to_cpu_boundary_requires_unpack_dequant:pool2;cpu_to_vta_boundary_requires_pack_quant:pool4_route;cpu_to_vta_boundary_requires_pack_quant:route23;vta_to_cpu_boundary_requires_unpack_dequant:small_pre26;vta_to_cpu_boundary_requires_unpack_dequant:big64,build_failed,," [bt] (6) /home/orange/code/tvm/build/libtvm.so(tvm::transform::Pass::operator()(tvm::IRModule, tvm::transform::PassContext const&) const+0x3d4) [0x75ad03bce3f4]
  [bt] (5) /home/orange/code/tvm/build/libtvm.so(tvm::transform::ModulePassNode::operator()(tvm::IRModule, tvm::transform::PassContext const&) const+0x1bf) [0x75ad03bd76df]
  [bt] (4) /home/orange/code/tvm/build/libtvm.so(+0x287c5f7) [0x75ad0567c5f7]
  [bt] (3) /home/orange/code/tvm/build/libtvm.so(tvm::relay::TypeInferencer::Infer(tvm::GlobalVar, tvm::relay::Function)+0xc9) [0x75ad05674119]
  [bt] (2) /home/orange/code/tvm/build/libtvm.so(+0x24f2629) [0x75ad052f2629]
  [bt] (1) /home/orange/code/tvm/build/libtvm.so(+0x99d3ab) [0x75ad0379d3ab]
  [bt] (0) /home/orange/code/tvm/build/libtvm.so(tvm::runtime::Backtrace[abi:cxx11]()+0x25) [0x75ad05bfbd95]
  File ""/home/orange/code/tvm/src/relay/analysis/type_solver.cc"", line 643
InternalError: Check failed: (false) is false: relay.concatenate requires all tensors have the same ndim"
yolo_multi_pool1_pool2__pool4_route_small_pre18__dual_pre18_14_logits,pool1,logits,"['small_logits51', 'big_logits66']",True,"[{'start_point_idx': 2, 'end_point_idx': 3, 'start_name': 'pool1', 'end_name': 'pool2', 'vta_convs': [2]}, {'start_point_idx': 5, 'end_point_idx': 8, 'start_name': 'pool4_route', 'end_name': 'small_pre18', 'vta_convs': [5, 6, 7, 8]}, {'start_point_idx': 9, 'end_point_idx': 11, 'start_name': 'dual_pre18_14', 'end_name': 'logits', 'vta_convs': [9, 10, 12]}]",3,"[{'device': 'cpu', 'input_point': 'data', 'output_point': 'pool1', 'convs': [0, 1]}, {'device': 'vta', 'input_point': 'pool1', 'output_point': 'pool2', 'convs': [2]}, {'device': 'cpu', 'input_point': 'pool2', 'output_point': 'pool4_route', 'convs': [3, 4]}, {'device': 'vta', 'input_point': 'pool4_route', 'output_point': 'small_pre18', 'convs': [5, 6, 7, 8]}, {'device': 'cpu', 'input_point': 'small_pre18', 'output_point': 'dual_pre18_14', 'convs': [11]}, {'device': 'vta', 'input_point': 'dual_pre18_14', 'output_point': 'logits', 'convs': [9, 10, 12]}, {'device': 'cpu', 'input_point': 'logits', 'output_point': 'output', 'convs': [], 'is_tail': True}]",7.0,cpu/vta/cpu/vta/cpu/vta/cpu,"[0, 1]",[],"[[0, 1], [3, 4], [11], []]","[[2], [5, 6, 7, 8], [9, 10, 12]]","[2, 5, 6, 7, 8, 9, 10, 12]","[2, 3, 5, 8, 9, 11]","[0, 1, 2, 3, 4, 5, 6, 7, 8, 9, 10, 11, 12]",120.82455272727273,5.426129090909091,7.958322666666667,0.24,0.0,0.0,7.0,1.0,0.0,0.0,"[83.06688, 120.82455272727273, 60.412276363636366, 0.0]","[12.460032, 65.415168, 41.517216000000005]",119.392416,11937484,19.594904727272734,243.94569255757577,1054.641371128527,446.61961220031355,2.239041843848742,True,safe,,,per_stage_quantization_experimental;non_pool4_start_boundary_experimental;cpu_tail_requires_serial_raw_gate;route_branch_cpu_to_vta_boundary;logits_boundary_experimental;cpu_to_vta_boundary_requires_pack_quant:pool1;vta_to_cpu_boundary_requires_unpack_dequant:pool2;cpu_to_vta_boundary_requires_pack_quant:pool4_route;cpu_to_vta_boundary_requires_pack_quant:route23;vta_to_cpu_boundary_requires_unpack_dequant:route23;vta_to_cpu_boundary_requires_unpack_dequant:shared38;vta_to_cpu_boundary_requires_unpack_dequant:small42;cpu_to_vta_boundary_requires_pack_quant:route23;cpu_to_vta_boundary_requires_pack_quant:small42;cpu_to_vta_boundary_requires_pack_quant:big64;vta_to_cpu_boundary_requires_unpack_dequant:small_logits51;vta_to_cpu_boundary_requires_unpack_dequant:big_logits66,buildable,vta/tutorials/frontend/report_out/yolov3_tiny_pipeline_baseline/20260514_yolo_multisplit100/packages/yolo_multi_pool1_pool2__pool4_route_small_pre18__dual_pre18_14_logits,
yolo_multi_pool1_pool2__pool4_route_shared13__dual_pre18_14_logits,pool1,logits,"['small_logits51', 'big_logits66']",True,"[{'start_point_idx': 2, 'end_point_idx': 3, 'start_name': 'pool1', 'end_name': 'pool2', 'vta_convs': [2]}, {'start_point_idx': 5, 'end_point_idx': 7, 'start_name': 'pool4_route', 'end_name': 'shared13', 'vta_convs': [5, 6, 7]}, {'start_point_idx': 9, 'end_point_idx': 11, 'start_name': 'dual_pre18_14', 'end_name': 'logits', 'vta_convs': [9, 10, 12]}]",3,"[{'device': 'cpu', 'input_point': 'data', 'output_point': 'pool1', 'convs': [0, 1]}, {'device': 'vta', 'input_point': 'pool1', 'output_point': 'pool2', 'convs': [2]}, {'device': 'cpu', 'input_point': 'pool2', 'output_point': 'pool4_route', 'convs': [3, 4]}, {'device': 'vta', 'input_point': 'pool4_route', 'output_point': 'shared13', 'convs': [5, 6, 7]}, {'device': 'cpu', 'input_point': 'shared13', 'output_point': 'dual_pre18_14', 'convs': [8, 11]}, {'device': 'vta', 'input_point': 'dual_pre18_14', 'output_point': 'logits', 'convs': [9, 10, 12]}, {'device': 'cpu', 'input_point': 'logits', 'output_point': 'output', 'convs': [], 'is_tail': True}]",7.0,cpu/vta/cpu/vta/cpu/vta/cpu,"[0, 1]",[],"[[0, 1], [3, 4], [8, 11], []]","[[2], [5, 6, 7], [9, 10, 12]]","[2, 5, 6, 7, 9, 10, 12]","[2, 3, 5, 7, 9, 11]","[0, 1, 2, 3, 4, 5, 6, 7, 8, 9, 10, 11, 12]",120.82455272727273,5.386798181818182,7.900637333333333,0.24,0.0,0.0,7.0,1.0,0.0,0.0,"[83.06688, 120.82455272727273, 62.09039515151515, 0.0]","[12.460032, 65.069056, 41.517216000000005]",119.046304,11850956,19.767960727272737,243.96116271515152,1054.641371128527,446.6312148184954,2.238983677856878,True,safe,,,per_stage_quantization_experimental;non_pool4_start_boundary_experimental;cpu_tail_requires_serial_raw_gate;route_branch_cpu_to_vta_boundary;logits_boundary_experimental;cpu_to_vta_boundary_requires_pack_quant:pool1;vta_to_cpu_boundary_requires_unpack_dequant:pool2;cpu_to_vta_boundary_requires_pack_quant:pool4_route;cpu_to_vta_boundary_requires_pack_quant:route23;vta_to_cpu_boundary_requires_unpack_dequant:route23;vta_to_cpu_boundary_requires_unpack_dequant:shared38;cpu_to_vta_boundary_requires_pack_quant:route23;cpu_to_vta_boundary_requires_pack_quant:small42;cpu_to_vta_boundary_requires_pack_quant:big64;vta_to_cpu_boundary_requires_unpack_dequant:small_logits51;vta_to_cpu_boundary_requires_unpack_dequant:big_logits66,buildable,vta/tutorials/frontend/report_out/yolov3_tiny_pipeline_baseline/20260514_yolo_multisplit100/packages/yolo_multi_pool1_pool2__pool4_route_shared13__dual_pre18_14_logits,
yolo_multi_pool1_pool2__pool4_route_trunk12__dual_pre18_14_logits,pool1,logits,"['small_logits51', 'big_logits66']",True,"[{'start_point_idx': 2, 'end_point_idx': 3, 'start_name': 'pool1', 'end_name': 'pool2', 'vta_convs': [2]}, {'start_point_idx': 5, 'end_point_idx': 6, 'start_name': 'pool4_route', 'end_name': 'trunk12', 'vta_convs': [5, 6]}, {'start_point_idx': 9, 'end_point_idx': 11, 'start_name': 'dual_pre18_14', 'end_name': 'logits', 'vta_convs': [9, 10, 12]}]",3,"[{'device': 'cpu', 'input_point': 'data', 'output_point': 'pool1', 'convs': [0, 1]}, {'device': 'vta', 'input_point': 'pool1', 'output_point': 'pool2', 'convs': [2]}, {'device': 'cpu', 'input_point': 'pool2', 'output_point': 'pool4_route', 'convs': [3, 4]}, {'device': 'vta', 'input_point': 'pool4_route', 'output_point': 'trunk12', 'convs': [5, 6]}, {'device': 'cpu', 'input_point': 'trunk12', 'output_point': 'dual_pre18_14', 'convs': [7, 8, 11]}, {'device': 'vta', 'input_point': 'dual_pre18_14', 'output_point': 'logits', 'convs': [9, 10, 12]}, {'device': 'cpu', 'input_point': 'logits', 'output_point': 'output', 'convs': [], 'is_tail': True}]",7.0,cpu/vta/cpu/vta/cpu/vta/cpu,"[0, 1]",[],"[[0, 1], [3, 4], [7, 8, 11], []]","[[2], [5, 6], [9, 10, 12]]","[2, 5, 6, 9, 10, 12]","[2, 3, 5, 6, 9, 11]","[0, 1, 2, 3, 4, 5, 6, 7, 8, 9, 10, 11, 12]",120.82455272727273,5.6227836363636365,8.246749333333332,0.24,0.0,0.0,7.0,2.0,0.0,0.0,"[83.06688, 120.82455272727273, 75.51534545454545, 0.0]","[12.460032, 62.30016, 41.517216000000005]",116.27740800000001,12370124,21.15240872727273,257.443151369697,1054.641371128527,456.74270630940447,2.189416461798045,True,safe,,,per_stage_quantization_experimental;non_pool4_start_boundary_experimental;cpu_tail_requires_serial_raw_gate;route_branch_cpu_to_vta_boundary;logits_boundary_experimental;cpu_to_vta_boundary_requires_pack_quant:pool1;vta_to_cpu_boundary_requires_unpack_dequant:pool2;cpu_to_vta_boundary_requires_pack_quant:pool4_route;cpu_to_vta_boundary_requires_pack_quant:route23;vta_to_cpu_boundary_requires_unpack_dequant:route23;vta_to_cpu_boundary_requires_unpack_dequant:trunk34;cpu_to_vta_boundary_requires_pack_quant:route23;cpu_to_vta_boundary_requires_pack_quant:small42;cpu_to_vta_boundary_requires_pack_quant:big64;vta_to_cpu_boundary_requires_unpack_dequant:small_logits51;vta_to_cpu_boundary_requires_unpack_dequant:big_logits66,buildable,vta/tutorials/frontend/report_out/yolov3_tiny_pipeline_baseline/20260514_yolo_multisplit100/packages/yolo_multi_pool1_pool2__pool4_route_trunk12__dual_pre18_14_logits,
yolo_multi_pool0_pool2__pool4_route_shared13__dual_pre18_14_logits,pool0,logits,"['small_logits51', 'big_logits66']",True,"[{'start_point_idx': 1, 'end_point_idx': 3, 'start_name': 'pool0', 'end_name': 'pool2', 'vta_convs': [1, 2]}, {'start_point_idx': 5, 'end_point_idx': 7, 'start_name': 'pool4_route', 'end_name': 'shared13', 'vta_convs': [5, 6, 7]}, {'start_point_idx': 9, 'end_point_idx': 11, 'start_name': 'dual_pre18_14', 'end_name': 'logits', 'vta_convs': [9, 10, 12]}]",3,"[{'device': 'cpu', 'input_point': 'data', 'output_point': 'pool0', 'convs': [0]}, {'device': 'vta', 'input_point': 'pool0', 'output_point': 'pool2', 'convs': [1, 2]}, {'device': 'cpu', 'input_point': 'pool2', 'output_point': 'pool4_route', 'convs': [3, 4]}, {'device': 'vta', 'input_point': 'pool4_route', 'output_point': 'shared13', 'convs': [5, 6, 7]}, {'device': 'cpu', 'input_point': 'shared13', 'output_point': 'dual_pre18_14', 'convs': [8, 11]}, {'device': 'vta', 'input_point': 'dual_pre18_14', 'output_point': 'logits', 'convs': [9, 10, 12]}, {'device': 'cpu', 'input_point': 'logits', 'output_point': 'output', 'convs': [], 'is_tail': True}]",7.0,cpu/vta/cpu/vta/cpu/vta/cpu,[0],[],"[[0], [3, 4], [8, 11], []]","[[1, 2], [5, 6, 7], [9, 10, 12]]","[1, 2, 5, 6, 7, 9, 10, 12]","[1, 3, 5, 7, 9, 11]","[0, 1, 2, 3, 4, 5, 6, 7, 8, 9, 10, 11, 12]",131.506336,7.903976363636364,11.592498666666666,0.24,0.0,0.0,7.0,1.0,0.0,0.0,"[22.65460363636364, 120.82455272727273, 62.09039515151515, 0.0]","[24.920064, 65.069056, 41.517216000000005]",131.506336,17388748,40.04886206060607,258.034571369697,1059.7919346982412,458.47391220183306,2.181149185124784,True,safe,,,per_stage_quantization_experimental;non_pool4_start_boundary_experimental;cpu_tail_requires_serial_raw_gate;route_branch_cpu_to_vta_boundary;logits_boundary_experimental;cpu_to_vta_boundary_requires_pack_quant:pool0;vta_to_cpu_boundary_requires_unpack_dequant:pool2;cpu_to_vta_boundary_requires_pack_quant:pool4_route;cpu_to_vta_boundary_requires_pack_quant:route23;vta_to_cpu_boundary_requires_unpack_dequant:route23;vta_to_cpu_boundary_requires_unpack_dequant:shared38;cpu_to_vta_boundary_requires_pack_quant:route23;cpu_to_vta_boundary_requires_pack_quant:small42;cpu_to_vta_boundary_requires_pack_quant:big64;vta_to_cpu_boundary_requires_unpack_dequant:small_logits51;vta_to_cpu_boundary_requires_unpack_dequant:big_logits66,buildable,vta/tutorials/frontend/report_out/yolov3_tiny_pipeline_baseline/20260514_yolo_multisplit100/packages/yolo_multi_pool0_pool2__pool4_route_shared13__dual_pre18_14_logits,
yolo_multi_pool0_logits,pool0,logits,"['small_logits51', 'big_logits66']",False,"[{'start_point_idx': 1, 'end_point_idx': 11, 'start_name': 'pool0', 'end_name': 'logits', 'vta_convs': [1, 2, 3, 4, 5, 6, 7, 8, 9, 10, 11, 12]}]",1,"[{'device': 'cpu', 'input_point': 'data', 'output_point': 'pool0', 'convs': [0]}, {'device': 'vta', 'input_point': 'pool0', 'output_point': 'logits', 'convs': [1, 2, 3, 4, 5, 6, 7, 8, 9, 10, 11, 12]}, {'device': 'cpu', 'input_point': 'logits', 'output_point': 'output', 'convs': [], 'is_tail': True}]",3.0,cpu/vta/cpu,[0],[],"[[0], []]","[[1, 2, 3, 4, 5, 6, 7, 8, 9, 10, 11, 12]]","[1, 2, 3, 4, 5, 6, 7, 8, 9, 10, 11, 12]","[1, 11]","[0, 1, 2, 3, 4, 5, 6, 7, 8, 9, 10, 11, 12]",169.23254400000002,5.426129090909091,7.958322666666667,0.08,0.0,0.0,3.0,0.0,1.0,0.0,"[22.65460363636364, 0.0]",[169.23254400000002],169.23254400000002,11937484,73.28897018181819,265.2548263757576,490.27890434434426,321.51084586790427,3.1103149795788205,True,safe,,,per_stage_quantization_experimental;non_pool4_start_boundary_experimental;cpu_tail_requires_serial_raw_gate;logits_boundary_experimental;cpu_to_vta_boundary_requires_pack_quant:pool0;vta_to_cpu_boundary_requires_unpack_dequant:small_logits51;vta_to_cpu_boundary_requires_unpack_dequant:big_logits66,buildable,vta/tutorials/frontend/report_out/yolov3_tiny_pipeline_baseline/20260514_yolo_multisplit100/packages/yolo_multi_pool0_logits,
yolo_multi_pool4_route_small_pre18,pool4_route,small_pre18,"['route23', 'shared38', 'small42']",True,"[{'start_point_idx': 5, 'end_point_idx': 8, 'start_name': 'pool4_route', 'end_name': 'small_pre18', 'vta_convs': [5, 6, 7, 8]}]",1,"[{'device': 'cpu', 'input_point': 'data', 'output_point': 'pool4_route', 'convs': [0, 1, 2, 3, 4]}, {'device': 'vta', 'input_point': 'pool4_route', 'output_point': 'small_pre18', 'convs': [5, 6, 7, 8]}, {'device': 'cpu', 'input_point': 'small_pre18', 'output_point': 'output', 'convs': [9, 10, 11, 12], 'is_tail': True}]",3.0,cpu/vta/cpu,"[0, 1, 2, 3, 4]","[9, 10, 11, 12]","[[0, 1, 2, 3, 4], [9, 10, 11, 12]]","[[5, 6, 7, 8]]","[5, 6, 7, 8]","[5, 8]","[0, 1, 2, 3, 4, 5, 6, 7, 8]",264.30370909090914,0.7472872727272728,1.0960213333333333,0.08,0.0,261.70786909090907,3.0,0.0,1.0,0.0,"[264.30370909090914, 261.70786909090907]",[65.415168],65.415168,1644032,2.5958400000000665,269.37139587878795,536.1205084047581,336.05867401028047,2.975670849577323,True,safe,,,per_stage_quantization_experimental;cpu_tail_requires_serial_raw_gate;route_branch_cpu_to_vta_boundary;concat_route_cpu_tail_boundary;cpu_to_vta_boundary_requires_pack_quant:pool4_route;cpu_to_vta_boundary_requires_pack_quant:route23;vta_to_cpu_boundary_requires_unpack_dequant:route23;vta_to_cpu_boundary_requires_unpack_dequant:shared38;vta_to_cpu_boundary_requires_unpack_dequant:small42,buildable,vta/tutorials/frontend/report_out/yolov3_tiny_pipeline_baseline/20260514_yolo_multisplit100/packages/yolo_multi_pool4_route_small_pre18,
yolo_multi_pool4_route_shared13,pool4_route,shared13,"['route23', 'shared38']",True,"[{'start_point_idx': 5, 'end_point_idx': 7, 'start_name': 'pool4_route', 'end_name': 'shared13', 'vta_convs': [5, 6, 7]}]",1,"[{'device': 'cpu', 'input_point': 'data', 'output_point': 'pool4_route', 'convs': [0, 1, 2, 3, 4]}, {'device': 'vta', 'input_point': 'pool4_route', 'output_point': 'shared13', 'convs': [5, 6, 7]}, {'device': 'cpu', 'input_point': 'shared13', 'output_point': 'output', 'convs': [8, 9, 10, 11, 12], 'is_tail': True}]",3.0,cpu/vta/cpu,"[0, 1, 2, 3, 4]","[8, 9, 10, 11, 12]","[[0, 1, 2, 3, 4], [8, 9, 10, 11, 12]]","[[5, 6, 7]]","[5, 6, 7]","[5, 7]","[0, 1, 2, 3, 4, 5, 6, 7]",264.30370909090914,0.7079563636363637,1.038336,0.08,0.0,263.38598787878794,3.0,0.0,1.0,0.0,"[264.30370909090914, 263.38598787878794]",[65.069056],65.069056,1557504,0.9177212121211937,269.6939093333334,536.1205084047581,336.3005591011896,2.9735305902334512,True,safe,,,per_stage_quantization_experimental;cpu_tail_requires_serial_raw_gate;route_branch_cpu_to_vta_boundary;concat_route_cpu_tail_boundary;cpu_to_vta_boundary_requires_pack_quant:pool4_route;cpu_to_vta_boundary_requires_pack_quant:route23;vta_to_cpu_boundary_requires_unpack_dequant:route23;vta_to_cpu_boundary_requires_unpack_dequant:shared38,buildable,vta/tutorials/frontend/report_out/yolov3_tiny_pipeline_baseline/20260514_yolo_multisplit100/packages/yolo_multi_pool4_route_shared13,
yolo_multi_pool0_dual_pre18_14,pool0,dual_pre18_14,"['route23', 'small42', 'big64']",False,"[{'start_point_idx': 1, 'end_point_idx': 9, 'start_name': 'pool0', 'end_name': 'dual_pre18_14', 'vta_convs': [1, 2, 3, 4, 5, 6, 7, 8, 11]}]",1,"[{'device': 'cpu', 'input_point': 'data', 'output_point': 'pool0', 'convs': [0]}, {'device': 'vta', 'input_point': 'pool0', 'output_point': 'dual_pre18_14', 'convs': [1, 2, 3, 4, 5, 6, 7, 8, 11]}, {'device': 'cpu', 'input_point': 'dual_pre18_14', 'output_point': 'output', 'convs': [9, 10, 12], 'is_tail': True}]",3.0,cpu/vta/cpu,[0],"[9, 10, 12]","[[0], [9, 10, 12]]","[[1, 2, 3, 4, 5, 6, 7, 8, 11]]","[1, 2, 3, 4, 5, 6, 7, 8, 11]","[1, 9]","[0, 1, 2, 3, 4, 5, 6, 7, 8, 11]",201.29559272727275,5.545658181818182,8.133632,0.08,0.0,201.29559272727275,3.0,0.0,1.0,0.0,"[22.65460363636364, 201.29559272727275]",[127.71532799999999],127.71532799999999,12200448,73.58026472727276,297.80205498181823,505.73912914878326,349.78632352355953,2.858888220461387,True,safe,,,per_stage_quantization_experimental;non_pool4_start_boundary_experimental;cpu_tail_requires_serial_raw_gate;concat_route_cpu_tail_boundary;cpu_to_vta_boundary_requires_pack_quant:pool0;vta_to_cpu_boundary_requires_unpack_dequant:route23;vta_to_cpu_boundary_requires_unpack_dequant:small42;vta_to_cpu_boundary_requires_unpack_dequant:big64,buildable,vta/tutorials/frontend/report_out/yolov3_tiny_pipeline_baseline/20260514_yolo_multisplit100/packages/yolo_multi_pool0_dual_pre18_14,
yolo_multi_pool1_dual_pre18_14,pool1,dual_pre18_14,"['route23', 'small42', 'big64']",False,"[{'start_point_idx': 2, 'end_point_idx': 9, 'start_name': 'pool1', 'end_name': 'dual_pre18_14', 'vta_convs': [2, 3, 4, 5, 6, 7, 8, 11]}]",1,"[{'device': 'cpu', 'input_point': 'data', 'output_point': 'pool1', 'convs': [0, 1]}, {'device': 'vta', 'input_point': 'pool1', 'output_point': 'dual_pre18_14', 'convs': [2, 3, 4, 5, 6, 7, 8, 11]}, {'device': 'cpu', 'input_point': 'dual_pre18_14', 'output_point': 'output', 'convs': [9, 10, 12], 'is_tail': True}]",3.0,cpu/vta/cpu,"[0, 1]","[9, 10, 12]","[[0, 1], [9, 10, 12]]","[[2, 3, 4, 5, 6, 7, 8, 11]]","[2, 3, 4, 5, 6, 7, 8, 11]","[2, 9]","[0, 1, 2, 3, 4, 5, 6, 7, 8, 11]",201.29559272727275,3.02848,4.441770666666667,0.08,0.0,201.29559272727275,3.0,0.0,1.0,0.0,"[83.06688, 201.29559272727275]",[115.25529599999999],115.25529599999999,6662656,86.04029672727276,299.6920362666667,505.73912914878326,351.2038094871958,2.8473495246538834,True,safe,,,per_stage_quantization_experimental;non_pool4_start_boundary_experimental;cpu_tail_requires_serial_raw_gate;concat_route_cpu_tail_boundary;cpu_to_vta_boundary_requires_pack_quant:pool1;vta_to_cpu_boundary_requires_unpack_dequant:route23;vta_to_cpu_boundary_requires_unpack_dequant:small42;vta_to_cpu_boundary_requires_unpack_dequant:big64,buildable,vta/tutorials/frontend/report_out/yolov3_tiny_pipeline_baseline/20260514_yolo_multisplit100/packages/yolo_multi_pool1_dual_pre18_14,
yolo_multi_pool0_dual_pre_logits,pool0,dual_pre_logits,"['small_pre26', 'big64']",False,"[{'start_point_idx': 1, 'end_point_idx': 10, 'start_name': 'pool0', 'end_name': 'dual_pre_logits', 'vta_convs': [1, 2, 3, 4, 5, 6, 7, 8, 9, 11]}]",1,"[{'device': 'cpu', 'input_point': 'data', 'output_point': 'pool0', 'convs': [0]}, {'device': 'vta', 'input_point': 'pool0', 'output_point': 'dual_pre_logits', 'convs': [1, 2, 3, 4, 5, 6, 7, 8, 9, 11]}, {'device': 'cpu', 'input_point': 'dual_pre_logits', 'output_point': 'output', 'convs': [10, 12], 'is_tail': True}]",3.0,cpu/vta/cpu,[0],"[10, 12]","[[0], [10, 12]]","[[1, 2, 3, 4, 5, 6, 7, 8, 9, 11]]","[1, 2, 3, 4, 5, 6, 7, 8, 9, 11]","[1, 10]","[0, 1, 2, 3, 4, 5, 6, 7, 8, 9, 11]",165.09542399999998,5.506327272727273,8.075946666666667,0.08,0.0,20.05876363636364,3.0,0.0,1.0,0.0,"[22.65460363636364, 20.05876363636364]",[165.09542399999998],165.09542399999998,12113920,142.44082036363633,306.2642311757575,488.28405956875883,351.7691882740079,2.8427731402701983,True,safe,,,per_stage_quantization_experimental;non_pool4_start_boundary_experimental;cpu_tail_requires_serial_raw_gate;cpu_to_vta_boundary_requires_pack_quant:pool0;vta_to_cpu_boundary_requires_unpack_dequant:small_pre26;vta_to_cpu_boundary_requires_unpack_dequant:big64,buildable,vta/tutorials/frontend/report_out/yolov3_tiny_pipeline_baseline/20260514_yolo_multisplit100/packages/yolo_multi_pool0_dual_pre_logits,
yolo_multi_pool3_small_pre18,pool3,small_pre18,"['route23', 'shared38', 'small42']",False,"[{'start_point_idx': 4, 'end_point_idx': 8, 'start_name': 'pool3', 'end_name': 'small_pre18', 'vta_convs': [4, 5, 6, 7, 8]}]",1,"[{'device': 'cpu', 'input_point': 'data', 'output_point': 'pool3', 'convs': [0, 1, 2, 3]}, {'device': 'vta', 'input_point': 'pool3', 'output_point': 'small_pre18', 'convs': [4, 5, 6, 7, 8]}, {'device': 'cpu', 'input_point': 'small_pre18', 'output_point': 'output', 'convs': [9, 10, 11, 12], 'is_tail': True}]",3.0,cpu/vta/cpu,"[0, 1, 2, 3]","[9, 10, 11, 12]","[[0, 1, 2, 3], [9, 10, 11, 12]]","[[4, 5, 6, 7, 8]]","[4, 5, 6, 7, 8]","[4, 8]","[0, 1, 2, 3, 4, 5, 6, 7, 8]",261.70786909090907,1.0619345454545455,1.557504,0.08,0.0,261.70786909090907,3.0,0.0,1.0,0.0,"[203.89143272727273, 261.70786909090907]",[77.8752],77.8752,2336256,57.81643636363634,303.4450734545454,534.8688410945867,361.3010153645557,2.767775227509371,True,safe,,,per_stage_quantization_experimental;non_pool4_start_boundary_experimental;cpu_tail_requires_serial_raw_gate;concat_route_cpu_tail_boundary;cpu_to_vta_boundary_requires_pack_quant:pool3;vta_to_cpu_boundary_requires_unpack_dequant:route23;vta_to_cpu_boundary_requires_unpack_dequant:shared38;vta_to_cpu_boundary_requires_unpack_dequant:small42,buildable,vta/tutorials/frontend/report_out/yolov3_tiny_pipeline_baseline/20260514_yolo_multisplit100/packages/yolo_multi_pool3_small_pre18,
yolo_multi_pool4_route_dual_pre18_14,pool4_route,dual_pre18_14,"['route23', 'small42', 'big64']",True,"[{'start_point_idx': 5, 'end_point_idx': 9, 'start_name': 'pool4_route', 'end_name': 'dual_pre18_14', 'vta_convs': [5, 6, 7, 8, 11]}]",1,"[{'device': 'cpu', 'input_point': 'data', 'output_point': 'pool4_route', 'convs': [0, 1, 2, 3, 4]}, {'device': 'vta', 'input_point': 'pool4_route', 'output_point': 'dual_pre18_14', 'convs': [5, 6, 7, 8, 11]}, {'device': 'cpu', 'input_point': 'dual_pre18_14', 'output_point': 'output', 'convs': [9, 10, 12], 'is_tail': True}]",3.0,cpu/vta/cpu,"[0, 1, 2, 3, 4]","[9, 10, 12]","[[0, 1, 2, 3, 4], [9, 10, 12]]","[[5, 6, 7, 8, 11]]","[5, 6, 7, 8, 11]","[5, 9]","[0, 1, 2, 3, 4, 5, 6, 7, 8, 11]",264.30370909090914,0.8259490909090909,1.211392,0.08,0.0,201.29559272727275,3.0,0.0,1.0,0.0,"[264.30370909090914, 201.29559272727275]",[77.8752],77.8752,1817088,63.00811636363639,307.29632581818186,536.1205084047581,364.5023714648259,2.74346637576403,True,safe,,,per_stage_quantization_experimental;cpu_tail_requires_serial_raw_gate;route_branch_cpu_to_vta_boundary;concat_route_cpu_tail_boundary;cpu_to_vta_boundary_requires_pack_quant:pool4_route;cpu_to_vta_boundary_requires_pack_quant:route23;vta_to_cpu_boundary_requires_unpack_dequant:route23;vta_to_cpu_boundary_requires_unpack_dequant:small42;vta_to_cpu_boundary_requires_unpack_dequant:big64,buildable,vta/tutorials/frontend/report_out/yolov3_tiny_pipeline_baseline/20260514_yolo_multisplit100/packages/yolo_multi_pool4_route_dual_pre18_14,
yolo_multi_pool3_shared13,pool3,shared13,"['route23', 'shared38']",False,"[{'start_point_idx': 4, 'end_point_idx': 7, 'start_name': 'pool3', 'end_name': 'shared13', 'vta_convs': [4, 5, 6, 7]}]",1,"[{'device': 'cpu', 'input_point': 'data', 'output_point': 'pool3', 'convs': [0, 1, 2, 3]}, {'device': 'vta', 'input_point': 'pool3', 'output_point': 'shared13', 'convs': [4, 5, 6, 7]}, {'device': 'cpu', 'input_point': 'shared13', 'output_point': 'output', 'convs': [8, 9, 10, 11, 12], 'is_tail': True}]",3.0,cpu/vta/cpu,"[0, 1, 2, 3]","[8, 9, 10, 11, 12]","[[0, 1, 2, 3], [8, 9, 10, 11, 12]]","[[4, 5, 6, 7]]","[4, 5, 6, 7]","[4, 7]","[0, 1, 2, 3, 4, 5, 6, 7]",263.38598787878794,1.0226036363636364,1.4998186666666666,0.08,0.0,263.38598787878794,3.0,0.0,1.0,0.0,"[203.89143272727273, 263.38598787878794]",[77.529088],77.529088,2249728,59.494555151515215,307.6272601212123,535.677999759748,364.6399450308462,2.742431304160619,True,safe,,,per_stage_quantization_experimental;non_pool4_start_boundary_experimental;cpu_tail_requires_serial_raw_gate;concat_route_cpu_tail_boundary;cpu_to_vta_boundary_requires_pack_quant:pool3;vta_to_cpu_boundary_requires_unpack_dequant:route23;vta_to_cpu_boundary_requires_unpack_dequant:shared38,buildable,vta/tutorials/frontend/report_out/yolov3_tiny_pipeline_baseline/20260514_yolo_multisplit100/packages/yolo_multi_pool3_shared13,
yolo_multi_pool4_route_logits,pool4_route,logits,"['small_logits51', 'big_logits66']",True,"[{'start_point_idx': 5, 'end_point_idx': 11, 'start_name': 'pool4_route', 'end_name': 'logits', 'vta_convs': [5, 6, 7, 8, 9, 10, 11, 12]}]",1,"[{'device': 'cpu', 'input_point': 'data', 'output_point': 'pool4_route', 'convs': [0, 1, 2, 3, 4]}, {'device': 'vta', 'input_point': 'pool4_route', 'output_point': 'logits', 'convs': [5, 6, 7, 8, 9, 10, 11, 12]}, {'device': 'cpu', 'input_point': 'logits', 'output_point': 'output', 'convs': [], 'is_tail': True}]",3.0,cpu/vta/cpu,"[0, 1, 2, 3, 4]",[],"[[0, 1, 2, 3, 4], []]","[[5, 6, 7, 8, 9, 10, 11, 12]]","[5, 6, 7, 8, 9, 10, 11, 12]","[5, 11]","[0, 1, 2, 3, 4, 5, 6, 7, 8, 9, 10, 11, 12]",264.30370909090914,0.70642,1.0360826666666667,0.08,0.0,0.0,3.0,0.0,1.0,0.0,"[264.30370909090914, 0.0]",[119.392416],119.392416,1554124,72.45564654545456,313.1423820121213,536.1205084047581,368.8869136102805,2.710857889245901,True,safe,build_failed,,per_stage_quantization_experimental;cpu_tail_requires_serial_raw_gate;route_branch_cpu_to_vta_boundary;logits_boundary_experimental;cpu_to_vta_boundary_requires_pack_quant:pool4_route;cpu_to_vta_boundary_requires_pack_quant:route23;vta_to_cpu_boundary_requires_unpack_dequant:small_logits51;vta_to_cpu_boundary_requires_unpack_dequant:big_logits66,build_failed,," [bt] (6) /home/orange/code/tvm/build/libtvm.so(tvm::transform::Pass::operator()(tvm::IRModule, tvm::transform::PassContext const&) const+0x3d4) [0x75ad03bce3f4]
  [bt] (5) /home/orange/code/tvm/build/libtvm.so(tvm::transform::ModulePassNode::operator()(tvm::IRModule, tvm::transform::PassContext const&) const+0x1bf) [0x75ad03bd76df]
  [bt] (4) /home/orange/code/tvm/build/libtvm.so(+0x287c5f7) [0x75ad0567c5f7]
  [bt] (3) /home/orange/code/tvm/build/libtvm.so(tvm::relay::TypeInferencer::Infer(tvm::GlobalVar, tvm::relay::Function)+0xc9) [0x75ad05674119]
  [bt] (2) /home/orange/code/tvm/build/libtvm.so(+0x24f2629) [0x75ad052f2629]
  [bt] (1) /home/orange/code/tvm/build/libtvm.so(+0x99d3ab) [0x75ad0379d3ab]
  [bt] (0) /home/orange/code/tvm/build/libtvm.so(tvm::runtime::Backtrace[abi:cxx11]()+0x25) [0x75ad05bfbd95]
  File ""/home/orange/code/tvm/src/relay/analysis/type_solver.cc"", line 643
InternalError: Check failed: (false) is false: relay.concatenate requires all tensors have the same ndim"
yolo_multi_pool4_route_trunk12,pool4_route,trunk12,"['route23', 'trunk34']",True,"[{'start_point_idx': 5, 'end_point_idx': 6, 'start_name': 'pool4_route', 'end_name': 'trunk12', 'vta_convs': [5, 6]}]",1,"[{'device': 'cpu', 'input_point': 'data', 'output_point': 'pool4_route', 'convs': [0, 1, 2, 3, 4]}, {'device': 'vta', 'input_point': 'pool4_route', 'output_point': 'trunk12', 'convs': [5, 6]}, {'device': 'cpu', 'input_point': 'trunk12', 'output_point': 'output', 'convs': [7, 8, 9, 10, 11, 12], 'is_tail': True}]",3.0,cpu/vta/cpu,"[0, 1, 2, 3, 4]","[7, 8, 9, 10, 11, 12]","[[0, 1, 2, 3, 4], [7, 8, 9, 10, 11, 12]]","[[5, 6]]","[5, 6]","[5, 6]","[0, 1, 2, 3, 4, 5, 6]",276.8109381818182,0.9439418181818182,1.384448,0.08,0.0,276.8109381818182,3.0,1.0,1.0,0.0,"[264.30370909090914, 276.8109381818182]",[62.30016],62.30016,2076672,12.50722909090905,314.3988712727273,542.1512690810378,371.3369707248049,2.6929718256927684,True,safe,,,per_stage_quantization_experimental;cpu_tail_requires_serial_raw_gate;route_branch_cpu_to_vta_boundary;concat_route_cpu_tail_boundary;cpu_to_vta_boundary_requires_pack_quant:pool4_route;cpu_to_vta_boundary_requires_pack_quant:route23;vta_to_cpu_boundary_requires_unpack_dequant:route23;vta_to_cpu_boundary_requires_unpack_dequant:trunk34,buildable,vta/tutorials/frontend/report_out/yolov3_tiny_pipeline_baseline/20260514_yolo_multisplit100/packages/yolo_multi_pool4_route_trunk12,
yolo_multi_pool2_small_pre18,pool2,small_pre18,"['route23', 'shared38', 'small42']",False,"[{'start_point_idx': 3, 'end_point_idx': 8, 'start_name': 'pool2', 'end_name': 'small_pre18', 'vta_convs': [3, 4, 5, 6, 7, 8]}]",1,"[{'device': 'cpu', 'input_point': 'data', 'output_point': 'pool2', 'convs': [0, 1, 2]}, {'device': 'vta', 'input_point': 'pool2', 'output_point': 'small_pre18', 'convs': [3, 4, 5, 6, 7, 8]}, {'device': 'cpu', 'input_point': 'small_pre18', 'output_point': 'output', 'convs': [9, 10, 11, 12], 'is_tail': True}]",3.0,cpu/vta/cpu,"[0, 1, 2]","[9, 10, 11, 12]","[[0, 1, 2], [9, 10, 11, 12]]","[[3, 4, 5, 6, 7, 8]]","[3, 4, 5, 6, 7, 8]","[3, 8]","[0, 1, 2, 3, 4, 5, 6, 7, 8]",261.70786909090907,1.6912290909090908,2.4804693333333336,0.08,0.0,261.70786909090907,3.0,0.0,1.0,0.0,"[143.47915636363638, 261.70786909090907]",[90.335232],90.335232,3720704,118.2287127272727,344.26531296969694,534.8688410945867,391.9161950009194,2.5515659030054985,True,safe,,,per_stage_quantization_experimental;non_pool4_start_boundary_experimental;cpu_tail_requires_serial_raw_gate;concat_route_cpu_tail_boundary;cpu_to_vta_boundary_requires_pack_quant:pool2;vta_to_cpu_boundary_requires_unpack_dequant:route23;vta_to_cpu_boundary_requires_unpack_dequant:shared38;vta_to_cpu_boundary_requires_unpack_dequant:small42,buildable,vta/tutorials/frontend/report_out/yolov3_tiny_pipeline_baseline/20260514_yolo_multisplit100/packages/yolo_multi_pool2_small_pre18,
yolo_multi_pool3_trunk12,pool3,trunk12,"['route23', 'trunk34']",False,"[{'start_point_idx': 4, 'end_point_idx': 6, 'start_name': 'pool3', 'end_name': 'trunk12', 'vta_convs': [4, 5, 6]}]",1,"[{'device': 'cpu', 'input_point': 'data', 'output_point': 'pool3', 'convs': [0, 1, 2, 3]}, {'device': 'vta', 'input_point': 'pool3', 'output_point': 'trunk12', 'convs': [4, 5, 6]}, {'device': 'cpu', 'input_point': 'trunk12', 'output_point': 'output', 'convs': [7, 8, 9, 10, 11, 12], 'is_tail': True}]",3.0,cpu/vta/cpu,"[0, 1, 2, 3]","[7, 8, 9, 10, 11, 12]","[[0, 1, 2, 3], [7, 8, 9, 10, 11, 12]]","[[4, 5, 6]]","[4, 5, 6]","[4, 6]","[0, 1, 2, 3, 4, 5, 6]",276.8109381818182,1.2585890909090909,1.8459306666666666,0.08,0.0,276.8109381818182,3.0,0.0,1.0,0.0,"[203.89143272727273, 276.8109381818182]",[74.760192],74.760192,2768896,72.91950545454546,342.44298084848486,542.1512690810378,392.3700529066231,2.548614484189449,True,safe,,,per_stage_quantization_experimental;non_pool4_start_boundary_experimental;cpu_tail_requires_serial_raw_gate;concat_route_cpu_tail_boundary;cpu_to_vta_boundary_requires_pack_quant:pool3;vta_to_cpu_boundary_requires_unpack_dequant:route23;vta_to_cpu_boundary_requires_unpack_dequant:trunk34,buildable,vta/tutorials/frontend/report_out/yolov3_tiny_pipeline_baseline/20260514_yolo_multisplit100/packages/yolo_multi_pool3_trunk12,
yolo_multi_pool2_shared13,pool2,shared13,"['route23', 'shared38']",False,"[{'start_point_idx': 3, 'end_point_idx': 7, 'start_name': 'pool2', 'end_name': 'shared13', 'vta_convs': [3, 4, 5, 6, 7]}]",1,"[{'device': 'cpu', 'input_point': 'data', 'output_point': 'pool2', 'convs': [0, 1, 2]}, {'device': 'vta', 'input_point': 'pool2', 'output_point': 'shared13', 'convs': [3, 4, 5, 6, 7]}, {'device': 'cpu', 'input_point': 'shared13', 'output_point': 'output', 'convs': [8, 9, 10, 11, 12], 'is_tail': True}]",3.0,cpu/vta/cpu,"[0, 1, 2]","[8, 9, 10, 11, 12]","[[0, 1, 2], [8, 9, 10, 11, 12]]","[[3, 4, 5, 6, 7]]","[3, 4, 5, 6, 7]","[3, 7]","[0, 1, 2, 3, 4, 5, 6, 7]",263.38598787878794,1.6518981818181817,2.422784,0.08,0.0,263.38598787878794,3.0,0.0,1.0,0.0,"[143.47915636363638, 263.38598787878794]",[89.98912],89.98912,3634176,119.90683151515157,348.4474996363638,535.677999759748,395.2551246672098,2.53001147256968,True,safe,,,per_stage_quantization_experimental;non_pool4_start_boundary_experimental;cpu_tail_requires_serial_raw_gate;concat_route_cpu_tail_boundary;cpu_to_vta_boundary_requires_pack_quant:pool2;vta_to_cpu_boundary_requires_unpack_dequant:route23;vta_to_cpu_boundary_requires_unpack_dequant:shared38,buildable,vta/tutorials/frontend/report_out/yolov3_tiny_pipeline_baseline/20260514_yolo_multisplit100/packages/yolo_multi_pool2_shared13,
yolo_multi_pool4_route_dual_pre_logits,pool4_route,dual_pre_logits,"['small_pre26', 'big64']",True,"[{'start_point_idx': 5, 'end_point_idx': 10, 'start_name': 'pool4_route', 'end_name': 'dual_pre_logits', 'vta_convs': [5, 6, 7, 8, 9, 11]}]",1,"[{'device': 'cpu', 'input_point': 'data', 'output_point': 'pool4_route', 'convs': [0, 1, 2, 3, 4]}, {'device': 'vta', 'input_point': 'pool4_route', 'output_point': 'dual_pre_logits', 'convs': [5, 6, 7, 8, 9, 11]}, {'device': 'cpu', 'input_point': 'dual_pre_logits', 'output_point': 'output', 'convs': [10, 12], 'is_tail': True}]",3.0,cpu/vta/cpu,"[0, 1, 2, 3, 4]","[10, 12]","[[0, 1, 2, 3, 4], [10, 12]]","[[5, 6, 7, 8, 9, 11]]","[5, 6, 7, 8, 9, 11]","[5, 10]","[0, 1, 2, 3, 4, 5, 6, 7, 8, 9, 11]",264.30370909090914,0.7866181818181818,1.1537066666666667,0.08,0.0,20.05876363636364,3.0,0.0,1.0,0.0,"[264.30370909090914, 20.05876363636364]",[115.25529599999999],115.25529599999999,1730560,149.04841309090915,363.12550244848495,536.1205084047581,406.37425393755325,2.460785815810241,True,safe,build_failed,,per_stage_quantization_experimental;cpu_tail_requires_serial_raw_gate;route_branch_cpu_to_vta_boundary;cpu_to_vta_boundary_requires_pack_quant:pool4_route;cpu_to_vta_boundary_requires_pack_quant:route23;vta_to_cpu_boundary_requires_unpack_dequant:small_pre26;vta_to_cpu_boundary_requires_unpack_dequant:big64,build_failed,," [bt] (6) /home/orange/code/tvm/build/libtvm.so(tvm::transform::Pass::operator()(tvm::IRModule, tvm::transform::PassContext const&) const+0x3d4) [0x75ad03bce3f4]
  [bt] (5) /home/orange/code/tvm/build/libtvm.so(tvm::transform::ModulePassNode::operator()(tvm::IRModule, tvm::transform::PassContext const&) const+0x1bf) [0x75ad03bd76df]
  [bt] (4) /home/orange/code/tvm/build/libtvm.so(+0x287c5f7) [0x75ad0567c5f7]
  [bt] (3) /home/orange/code/tvm/build/libtvm.so(tvm::relay::TypeInferencer::Infer(tvm::GlobalVar, tvm::relay::Function)+0xc9) [0x75ad05674119]
  [bt] (2) /home/orange/code/tvm/build/libtvm.so(+0x24f2629) [0x75ad052f2629]
  [bt] (1) /home/orange/code/tvm/build/libtvm.so(+0x99d3ab) [0x75ad0379d3ab]
  [bt] (0) /home/orange/code/tvm/build/libtvm.so(tvm::runtime::Backtrace[abi:cxx11]()+0x25) [0x75ad05bfbd95]
  File ""/home/orange/code/tvm/src/relay/analysis/type_solver.cc"", line 643
InternalError: Check failed: (false) is false: relay.concatenate requires all tensors have the same ndim"
yolo_multi_pool2_trunk12,pool2,trunk12,"['route23', 'trunk34']",False,"[{'start_point_idx': 3, 'end_point_idx': 6, 'start_name': 'pool2', 'end_name': 'trunk12', 'vta_convs': [3, 4, 5, 6]}]",1,"[{'device': 'cpu', 'input_point': 'data', 'output_point': 'pool2', 'convs': [0, 1, 2]}, {'device': 'vta', 'input_point': 'pool2', 'output_point': 'trunk12', 'convs': [3, 4, 5, 6]}, {'device': 'cpu', 'input_point': 'trunk12', 'output_point': 'output', 'convs': [7, 8, 9, 10, 11, 12], 'is_tail': True}]",3.0,cpu/vta/cpu,"[0, 1, 2]","[7, 8, 9, 10, 11, 12]","[[0, 1, 2], [7, 8, 9, 10, 11, 12]]","[[3, 4, 5, 6]]","[3, 4, 5, 6]","[3, 6]","[0, 1, 2, 3, 4, 5, 6]",276.8109381818182,1.8878836363636364,2.768896,0.08,0.0,276.8109381818182,3.0,0.0,1.0,0.0,"[143.47915636363638, 276.8109381818182]",[87.220224],87.220224,4153344,133.3317818181818,383.2632203636364,542.1512690810378,422.98523254298675,2.3641487292310446,True,safe,,,per_stage_quantization_experimental;non_pool4_start_boundary_experimental;cpu_tail_requires_serial_raw_gate;concat_route_cpu_tail_boundary;cpu_to_vta_boundary_requires_pack_quant:pool2;vta_to_cpu_boundary_requires_unpack_dequant:route23;vta_to_cpu_boundary_requires_unpack_dequant:trunk34,buildable,vta/tutorials/frontend/report_out/yolov3_tiny_pipeline_baseline/20260514_yolo_multisplit100/packages/yolo_multi_pool2_trunk12,
yolo_multi_pool0_small_pre18,pool0,small_pre18,"['route23', 'shared38', 'small42']",False,"[{'start_point_idx': 1, 'end_point_idx': 8, 'start_name': 'pool0', 'end_name': 'small_pre18', 'vta_convs': [1, 2, 3, 4, 5, 6, 7, 8]}]",1,"[{'device': 'cpu', 'input_point': 'data', 'output_point': 'pool0', 'convs': [0]}, {'device': 'vta', 'input_point': 'pool0', 'output_point': 'small_pre18', 'convs': [1, 2, 3, 4, 5, 6, 7, 8]}, {'device': 'cpu', 'input_point': 'small_pre18', 'output_point': 'output', 'convs': [9, 10, 11, 12], 'is_tail': True}]",3.0,cpu/vta/cpu,[0],"[9, 10, 11, 12]","[[0], [9, 10, 11, 12]]","[[1, 2, 3, 4, 5, 6, 7, 8]]","[1, 2, 3, 4, 5, 6, 7, 8]","[1, 8]","[0, 1, 2, 3, 4, 5, 6, 7, 8]",261.70786909090907,5.466996363636364,8.018261333333333,0.08,0.0,261.70786909090907,3.0,0.0,1.0,0.0,"[22.65460363636364, 261.70786909090907]",[115.25529599999999],115.25529599999999,12027392,146.45257309090908,406.92438147878784,534.8688410945867,438.91049638273756,2.27836884340078,True,safe,,,per_stage_quantization_experimental;non_pool4_start_boundary_experimental;cpu_tail_requires_serial_raw_gate;concat_route_cpu_tail_boundary;cpu_to_vta_boundary_requires_pack_quant:pool0;vta_to_cpu_boundary_requires_unpack_dequant:route23;vta_to_cpu_boundary_requires_unpack_dequant:shared38;vta_to_cpu_boundary_requires_unpack_dequant:small42,buildable,vta/tutorials/frontend/report_out/yolov3_tiny_pipeline_baseline/20260514_yolo_multisplit100/packages/yolo_multi_pool0_small_pre18,
yolo_multi_pool1_small_pre18,pool1,small_pre18,"['route23', 'shared38', 'small42']",False,"[{'start_point_idx': 2, 'end_point_idx': 8, 'start_name': 'pool1', 'end_name': 'small_pre18', 'vta_convs': [2, 3, 4, 5, 6, 7, 8]}]",1,"[{'device': 'cpu', 'input_point': 'data', 'output_point': 'pool1', 'convs': [0, 1]}, {'device': 'vta', 'input_point': 'pool1', 'output_point': 'small_pre18', 'convs': [2, 3, 4, 5, 6, 7, 8]}, {'device': 'cpu', 'input_point': 'small_pre18', 'output_point': 'output', 'convs': [9, 10, 11, 12], 'is_tail': True}]",3.0,cpu/vta/cpu,"[0, 1]","[9, 10, 11, 12]","[[0, 1], [9, 10, 11, 12]]","[[2, 3, 4, 5, 6, 7, 8]]","[2, 3, 4, 5, 6, 7, 8]","[2, 8]","[0, 1, 2, 3, 4, 5, 6, 7, 8]",261.70786909090907,2.949818181818182,4.3264000000000005,0.08,0.0,261.70786909090907,3.0,0.0,1.0,0.0,"[83.06688, 261.70786909090907]",[102.795264],102.795264,6489600,158.91260509090907,408.81436276363627,534.8688410945867,440.32798234637386,2.2710344109209326,True,safe,,,per_stage_quantization_experimental;non_pool4_start_boundary_experimental;cpu_tail_requires_serial_raw_gate;concat_route_cpu_tail_boundary;cpu_to_vta_boundary_requires_pack_quant:pool1;vta_to_cpu_boundary_requires_unpack_dequant:route23;vta_to_cpu_boundary_requires_unpack_dequant:shared38;vta_to_cpu_boundary_requires_unpack_dequant:small42,buildable,vta/tutorials/frontend/report_out/yolov3_tiny_pipeline_baseline/20260514_yolo_multisplit100/packages/yolo_multi_pool1_small_pre18,
yolo_multi_pool0_shared13,pool0,shared13,"['route23', 'shared38']",False,"[{'start_point_idx': 1, 'end_point_idx': 7, 'start_name': 'pool0', 'end_name': 'shared13', 'vta_convs': [1, 2, 3, 4, 5, 6, 7]}]",1,"[{'device': 'cpu', 'input_point': 'data', 'output_point': 'pool0', 'convs': [0]}, {'device': 'vta', 'input_point': 'pool0', 'output_point': 'shared13', 'convs': [1, 2, 3, 4, 5, 6, 7]}, {'device': 'cpu', 'input_point': 'shared13', 'output_point': 'output', 'convs': [8, 9, 10, 11, 12], 'is_tail': True}]",3.0,cpu/vta/cpu,[0],"[8, 9, 10, 11, 12]","[[0], [8, 9, 10, 11, 12]]","[[1, 2, 3, 4, 5, 6, 7]]","[1, 2, 3, 4, 5, 6, 7]","[1, 7]","[0, 1, 2, 3, 4, 5, 6, 7]",263.38598787878794,5.427665454545454,7.9605760000000005,0.08,0.0,263.38598787878794,3.0,0.0,1.0,0.0,"[22.65460363636364, 263.38598787878794]",[114.909184],114.909184,11940864,148.47680387878796,411.33154094545466,535.677999759748,442.418155649028,2.2603050693817,True,safe,,,per_stage_quantization_experimental;non_pool4_start_boundary_experimental;cpu_tail_requires_serial_raw_gate;concat_route_cpu_tail_boundary;cpu_to_vta_boundary_requires_pack_quant:pool0;vta_to_cpu_boundary_requires_unpack_dequant:route23;vta_to_cpu_boundary_requires_unpack_dequant:shared38,buildable,vta/tutorials/frontend/report_out/yolov3_tiny_pipeline_baseline/20260514_yolo_multisplit100/packages/yolo_multi_pool0_shared13,
yolo_multi_pool1_shared13,pool1,shared13,"['route23', 'shared38']",False,"[{'start_point_idx': 2, 'end_point_idx': 7, 'start_name': 'pool1', 'end_name': 'shared13', 'vta_convs': [2, 3, 4, 5, 6, 7]}]",1,"[{'device': 'cpu', 'input_point': 'data', 'output_point': 'pool1', 'convs': [0, 1]}, {'device': 'vta', 'input_point': 'pool1', 'output_point': 'shared13', 'convs': [2, 3, 4, 5, 6, 7]}, {'device': 'cpu', 'input_point': 'shared13', 'output_point': 'output', 'convs': [8, 9, 10, 11, 12], 'is_tail': True}]",3.0,cpu/vta/cpu,"[0, 1]","[8, 9, 10, 11, 12]","[[0, 1], [8, 9, 10, 11, 12]]","[[2, 3, 4, 5, 6, 7]]","[2, 3, 4, 5, 6, 7]","[2, 7]","[0, 1, 2, 3, 4, 5, 6, 7]",263.38598787878794,2.910487272727273,4.268714666666667,0.08,0.0,263.38598787878794,3.0,0.0,1.0,0.0,"[83.06688, 263.38598787878794]",[102.449152],102.449152,6403072,160.93683587878795,413.2215222303032,535.677999759748,443.8356416126644,2.253086291958275,True,safe,,,per_stage_quantization_experimental;non_pool4_start_boundary_experimental;cpu_tail_requires_serial_raw_gate;concat_route_cpu_tail_boundary;cpu_to_vta_boundary_requires_pack_quant:pool1;vta_to_cpu_boundary_requires_unpack_dequant:route23;vta_to_cpu_boundary_requires_unpack_dequant:shared38,buildable,vta/tutorials/frontend/report_out/yolov3_tiny_pipeline_baseline/20260514_yolo_multisplit100/packages/yolo_multi_pool1_shared13,
yolo_multi_pool0_trunk12,pool0,trunk12,"['route23', 'trunk34']",False,"[{'start_point_idx': 1, 'end_point_idx': 6, 'start_name': 'pool0', 'end_name': 'trunk12', 'vta_convs': [1, 2, 3, 4, 5, 6]}]",1,"[{'device': 'cpu', 'input_point': 'data', 'output_point': 'pool0', 'convs': [0]}, {'device': 'vta', 'input_point': 'pool0', 'output_point': 'trunk12', 'convs': [1, 2, 3, 4, 5, 6]}, {'device': 'cpu', 'input_point': 'trunk12', 'output_point': 'output', 'convs': [7, 8, 9, 10, 11, 12], 'is_tail': True}]",3.0,cpu/vta/cpu,[0],"[7, 8, 9, 10, 11, 12]","[[0], [7, 8, 9, 10, 11, 12]]","[[1, 2, 3, 4, 5, 6]]","[1, 2, 3, 4, 5, 6]","[1, 6]","[0, 1, 2, 3, 4, 5, 6]",276.8109381818182,5.66365090909091,8.306688,0.08,0.0,276.8109381818182,3.0,0.0,1.0,0.0,"[22.65460363636364, 276.8109381818182]",[112.140288],112.140288,12460032,164.6706501818182,447.9470440727273,542.1512690810378,471.4981003248049,2.1208993192361145,True,safe,,,per_stage_quantization_experimental;non_pool4_start_boundary_experimental;cpu_tail_requires_serial_raw_gate;concat_route_cpu_tail_boundary;cpu_to_vta_boundary_requires_pack_quant:pool0;vta_to_cpu_boundary_requires_unpack_dequant:route23;vta_to_cpu_boundary_requires_unpack_dequant:trunk34,buildable,vta/tutorials/frontend/report_out/yolov3_tiny_pipeline_baseline/20260514_yolo_multisplit100/packages/yolo_multi_pool0_trunk12,
yolo_multi_pool1_trunk12,pool1,trunk12,"['route23', 'trunk34']",False,"[{'start_point_idx': 2, 'end_point_idx': 6, 'start_name': 'pool1', 'end_name': 'trunk12', 'vta_convs': [2, 3, 4, 5, 6]}]",1,"[{'device': 'cpu', 'input_point': 'data', 'output_point': 'pool1', 'convs': [0, 1]}, {'device': 'vta', 'input_point': 'pool1', 'output_point': 'trunk12', 'convs': [2, 3, 4, 5, 6]}, {'device': 'cpu', 'input_point': 'trunk12', 'output_point': 'output', 'convs': [7, 8, 9, 10, 11, 12], 'is_tail': True}]",3.0,cpu/vta/cpu,"[0, 1]","[7, 8, 9, 10, 11, 12]","[[0, 1], [7, 8, 9, 10, 11, 12]]","[[2, 3, 4, 5, 6]]","[2, 3, 4, 5, 6]","[2, 6]","[0, 1, 2, 3, 4, 5, 6]",276.8109381818182,3.146472727272727,4.614826666666667,0.08,0.0,276.8109381818182,3.0,0.0,1.0,0.0,"[83.06688, 276.8109381818182]",[99.680256],99.680256,6922240,177.1306821818182,449.8370253575758,542.1512690810378,472.91558628844126,2.1145422756061985,True,safe,,,per_stage_quantization_experimental;non_pool4_start_boundary_experimental;cpu_tail_requires_serial_raw_gate;concat_route_cpu_tail_boundary;cpu_to_vta_boundary_requires_pack_quant:pool1;vta_to_cpu_boundary_requires_unpack_dequant:route23;vta_to_cpu_boundary_requires_unpack_dequant:trunk34,buildable,vta/tutorials/frontend/report_out/yolov3_tiny_pipeline_baseline/20260514_yolo_multisplit100/packages/yolo_multi_pool1_trunk12,
yolo_multi_pool2_pool3__pool4_route_logits,pool2,logits,"['small_logits51', 'big_logits66']",True,"[{'start_point_idx': 3, 'end_point_idx': 4, 'start_name': 'pool2', 'end_name': 'pool3', 'vta_convs': [3]}, {'start_point_idx': 5, 'end_point_idx': 11, 'start_name': 'pool4_route', 'end_name': 'logits', 'vta_convs': [5, 6, 7, 8, 9, 10, 11, 12]}]",2,"[{'device': 'cpu', 'input_point': 'data', 'output_point': 'pool2', 'convs': [0, 1, 2]}, {'device': 'vta', 'input_point': 'pool2', 'output_point': 'pool3', 'convs': [3]}, {'device': 'cpu', 'input_point': 'pool3', 'output_point': 'pool4_route', 'convs': [4]}, {'device': 'vta', 'input_point': 'pool4_route', 'output_point': 'logits', 'convs': [5, 6, 7, 8, 9, 10, 11, 12]}, {'device': 'cpu', 'input_point': 'logits', 'output_point': 'output', 'convs': [], 'is_tail': True}]",5.0,cpu/vta/cpu/vta/cpu,"[0, 1, 2]",[],"[[0, 1, 2], [4], []]","[[3], [5, 6, 7, 8, 9, 10, 11, 12]]","[3, 5, 6, 7, 8, 9, 10, 11, 12]","[3, 4, 5, 11]","[0, 1, 2, 3, 4, 5, 6, 7, 8, 9, 10, 11, 12]",143.47915636363638,2.5943036363636365,3.804978666666667,0.16,0.0,0.0,5.0,1.0,0.0,1.0,"[143.47915636363638, 60.412276363636366, 0.0]","[12.460032, 119.392416]",131.852448,5707468,11.626708363636368,230.43579910303032,767.1088179873425,364.60405382410835,2.7427012659667747,True,safe,build_failed,,per_stage_quantization_experimental;non_pool4_start_boundary_experimental;cpu_tail_requires_serial_raw_gate;route_branch_cpu_to_vta_boundary;logits_boundary_experimental;cpu_to_vta_boundary_requires_pack_quant:pool2;vta_to_cpu_boundary_requires_unpack_dequant:pool3;cpu_to_vta_boundary_requires_pack_quant:pool4_route;cpu_to_vta_boundary_requires_pack_quant:route23;vta_to_cpu_boundary_requires_unpack_dequant:small_logits51;vta_to_cpu_boundary_requires_unpack_dequant:big_logits66,build_failed,," [bt] (6) /home/orange/code/tvm/build/libtvm.so(tvm::transform::Pass::operator()(tvm::IRModule, tvm::transform::PassContext const&) const+0x3d4) [0x75ad03bce3f4]
  [bt] (5) /home/orange/code/tvm/build/libtvm.so(tvm::transform::ModulePassNode::operator()(tvm::IRModule, tvm::transform::PassContext const&) const+0x1bf) [0x75ad03bd76df]
  [bt] (4) /home/orange/code/tvm/build/libtvm.so(+0x287c5f7) [0x75ad0567c5f7]
  [bt] (3) /home/orange/code/tvm/build/libtvm.so(tvm::relay::TypeInferencer::Infer(tvm::GlobalVar, tvm::relay::Function)+0xc9) [0x75ad05674119]
  [bt] (2) /home/orange/code/tvm/build/libtvm.so(+0x24f2629) [0x75ad052f2629]
  [bt] (1) /home/orange/code/tvm/build/libtvm.so(+0x99d3ab) [0x75ad0379d3ab]
  [bt] (0) /home/orange/code/tvm/build/libtvm.so(tvm::runtime::Backtrace[abi:cxx11]()+0x25) [0x75ad05bfbd95]
  File ""/home/orange/code/tvm/src/relay/analysis/type_solver.cc"", line 643
InternalError: Check failed: (false) is false: relay.concatenate requires all tensors have the same ndim"
yolo_multi_pool1_trunk12__dual_pre18_14_logits,pool1,logits,"['small_logits51', 'big_logits66']",True,"[{'start_point_idx': 2, 'end_point_idx': 6, 'start_name': 'pool1', 'end_name': 'trunk12', 'vta_convs': [2, 3, 4, 5, 6]}, {'start_point_idx': 9, 'end_point_idx': 11, 'start_name': 'dual_pre18_14', 'end_name': 'logits', 'vta_convs': [9, 10, 12]}]",2,"[{'device': 'cpu', 'input_point': 'data', 'output_point': 'pool1', 'convs': [0, 1]}, {'device': 'vta', 'input_point': 'pool1', 'output_point': 'trunk12', 'convs': [2, 3, 4, 5, 6]}, {'device': 'cpu', 'input_point': 'trunk12', 'output_point': 'dual_pre18_14', 'convs': [7, 8, 11]}, {'device': 'vta', 'input_point': 'dual_pre18_14', 'output_point': 'logits', 'convs': [9, 10, 12]}, {'device': 'cpu', 'input_point': 'logits', 'output_point': 'output', 'convs': [], 'is_tail': True}]",5.0,cpu/vta/cpu/vta/cpu,"[0, 1]",[],"[[0, 1], [7, 8, 11], []]","[[2, 3, 4, 5, 6], [9, 10, 12]]","[2, 3, 4, 5, 6, 9, 10, 12]","[2, 6, 9, 11]","[0, 1, 2, 3, 4, 5, 6, 7, 8, 9, 10, 11, 12]",141.197472,4.049547272727272,5.939336,0.16,0.0,0.0,5.0,0.0,0.0,1.0,"[83.06688, 75.51534545454545, 0.0]","[99.680256, 41.517216000000005]",141.197472,8909004,58.13059200000001,233.97124007272728,766.0086308686862,366.980587771717,2.724939774258734,True,safe,,,per_stage_quantization_experimental;non_pool4_start_boundary_experimental;cpu_tail_requires_serial_raw_gate;route_branch_cpu_to_vta_boundary;logits_boundary_experimental;cpu_to_vta_boundary_requires_pack_quant:pool1;vta_to_cpu_boundary_requires_unpack_dequant:route23;vta_to_cpu_boundary_requires_unpack_dequant:trunk34;cpu_to_vta_boundary_requires_pack_quant:route23;cpu_to_vta_boundary_requires_pack_quant:small42;cpu_to_vta_boundary_requires_pack_quant:big64;vta_to_cpu_boundary_requires_unpack_dequant:small_logits51;vta_to_cpu_boundary_requires_unpack_dequant:big_logits66,buildable,vta/tutorials/frontend/report_out/yolov3_tiny_pipeline_baseline/20260514_yolo_multisplit100/packages/yolo_multi_pool1_trunk12__dual_pre18_14_logits,
yolo_multi_pool0_pool2__pool4_route_logits,pool0,logits,"['small_logits51', 'big_logits66']",True,"[{'start_point_idx': 1, 'end_point_idx': 3, 'start_name': 'pool0', 'end_name': 'pool2', 'vta_convs': [1, 2]}, {'start_point_idx': 5, 'end_point_idx': 11, 'start_name': 'pool4_route', 'end_name': 'logits', 'vta_convs': [5, 6, 7, 8, 9, 10, 11, 12]}]",2,"[{'device': 'cpu', 'input_point': 'data', 'output_point': 'pool0', 'convs': [0]}, {'device': 'vta', 'input_point': 'pool0', 'output_point': 'pool2', 'convs': [1, 2]}, {'device': 'cpu', 'input_point': 'pool2', 'output_point': 'pool4_route', 'convs': [3, 4]}, {'device': 'vta', 'input_point': 'pool4_route', 'output_point': 'logits', 'convs': [5, 6, 7, 8, 9, 10, 11, 12]}, {'device': 'cpu', 'input_point': 'logits', 'output_point': 'output', 'convs': [], 'is_tail': True}]",5.0,cpu/vta/cpu/vta/cpu,[0],[],"[[0], [3, 4], []]","[[1, 2], [5, 6, 7, 8, 9, 10, 11, 12]]","[1, 2, 5, 6, 7, 8, 9, 10, 11, 12]","[1, 3, 5, 11]","[0, 1, 2, 3, 4, 5, 6, 7, 8, 9, 10, 11, 12]",144.31248,6.999365454545455,10.265735999999999,0.16,0.0,0.0,5.0,1.0,0.0,1.0,"[22.65460363636364, 120.82455272727273, 0.0]","[24.920064, 119.392416]",144.31248,15398604,23.487927272727262,233.84473418181818,767.5106316408917,367.26120854658654,2.722857673854089,True,safe,build_failed,,per_stage_quantization_experimental;non_pool4_start_boundary_experimental;cpu_tail_requires_serial_raw_gate;route_branch_cpu_to_vta_boundary;logits_boundary_experimental;cpu_to_vta_boundary_requires_pack_quant:pool0;vta_to_cpu_boundary_requires_unpack_dequant:pool2;cpu_to_vta_boundary_requires_pack_quant:pool4_route;cpu_to_vta_boundary_requires_pack_quant:route23;vta_to_cpu_boundary_requires_unpack_dequant:small_logits51;vta_to_cpu_boundary_requires_unpack_dequant:big_logits66,build_failed,," [bt] (6) /home/orange/code/tvm/build/libtvm.so(tvm::transform::Pass::operator()(tvm::IRModule, tvm::transform::PassContext const&) const+0x3d4) [0x75ad03bce3f4]
  [bt] (5) /home/orange/code/tvm/build/libtvm.so(tvm::transform::ModulePassNode::operator()(tvm::IRModule, tvm::transform::PassContext const&) const+0x1bf) [0x75ad03bd76df]
  [bt] (4) /home/orange/code/tvm/build/libtvm.so(+0x287c5f7) [0x75ad0567c5f7]
  [bt] (3) /home/orange/code/tvm/build/libtvm.so(tvm::relay::TypeInferencer::Infer(tvm::GlobalVar, tvm::relay::Function)+0xc9) [0x75ad05674119]
  [bt] (2) /home/orange/code/tvm/build/libtvm.so(+0x24f2629) [0x75ad052f2629]
  [bt] (1) /home/orange/code/tvm/build/libtvm.so(+0x99d3ab) [0x75ad0379d3ab]
  [bt] (0) /home/orange/code/tvm/build/libtvm.so(tvm::runtime::Backtrace[abi:cxx11]()+0x25) [0x75ad05bfbd95]
  File ""/home/orange/code/tvm/src/relay/analysis/type_solver.cc"", line 643
InternalError: Check failed: (false) is false: relay.concatenate requires all tensors have the same ndim"
yolo_multi_pool2_trunk12__shared13_dual_pre_logits,pool2,dual_pre_logits,"['small_pre26', 'big64']",True,"[{'start_point_idx': 3, 'end_point_idx': 6, 'start_name': 'pool2', 'end_name': 'trunk12', 'vta_convs': [3, 4, 5, 6]}, {'start_point_idx': 7, 'end_point_idx': 10, 'start_name': 'shared13', 'end_name': 'dual_pre_logits', 'vta_convs': [8, 9, 11]}]",2,"[{'device': 'cpu', 'input_point': 'data', 'output_point': 'pool2', 'convs': [0, 1, 2]}, {'device': 'vta', 'input_point': 'pool2', 'output_point': 'trunk12', 'convs': [3, 4, 5, 6]}, {'device': 'cpu', 'input_point': 'trunk12', 'output_point': 'shared13', 'convs': [7]}, {'device': 'vta', 'input_point': 'shared13', 'output_point': 'dual_pre_logits', 'convs': [8, 9, 11]}, {'device': 'cpu', 'input_point': 'dual_pre_logits', 'output_point': 'output', 'convs': [10, 12], 'is_tail': True}]",5.0,cpu/vta/cpu/vta/cpu,"[0, 1, 2]","[10, 12]","[[0, 1, 2], [7], [10, 12]]","[[3, 4, 5, 6], [8, 9, 11]]","[3, 4, 5, 6, 8, 9, 11]","[3, 6, 7, 10]","[0, 1, 2, 3, 4, 5, 6, 7, 8, 9, 11]",143.47915636363638,2.7531636363636367,4.037973333333333,0.16,0.0,20.05876363636364,5.0,0.0,0.0,1.0,"[143.47915636363638, 13.424950303030304, 20.05876363636364]","[87.220224, 50.18624]",137.406464,6056960,64.74654254545456,237.3555459878788,767.1088179873425,369.7938639877447,2.704209283562209,True,safe,build_failed,,per_stage_quantization_experimental;non_pool4_start_boundary_experimental;cpu_tail_requires_serial_raw_gate;route_branch_cpu_to_vta_boundary;cpu_to_vta_boundary_requires_pack_quant:pool2;vta_to_cpu_boundary_requires_unpack_dequant:route23;vta_to_cpu_boundary_requires_unpack_dequant:trunk34;cpu_to_vta_boundary_requires_pack_quant:route23;cpu_to_vta_boundary_requires_pack_quant:shared38;vta_to_cpu_boundary_requires_unpack_dequant:small_pre26;vta_to_cpu_boundary_requires_unpack_dequant:big64,build_failed,," [bt] (6) /home/orange/code/tvm/build/libtvm.so(tvm::transform::Pass::operator()(tvm::IRModule, tvm::transform::PassContext const&) const+0x3d4) [0x75ad03bce3f4]
  [bt] (5) /home/orange/code/tvm/build/libtvm.so(tvm::transform::ModulePassNode::operator()(tvm::IRModule, tvm::transform::PassContext const&) const+0x1bf) [0x75ad03bd76df]
  [bt] (4) /home/orange/code/tvm/build/libtvm.so(+0x287c5f7) [0x75ad0567c5f7]
  [bt] (3) /home/orange/code/tvm/build/libtvm.so(tvm::relay::TypeInferencer::Infer(tvm::GlobalVar, tvm::relay::Function)+0xc9) [0x75ad05674119]
  [bt] (2) /home/orange/code/tvm/build/libtvm.so(+0x24f2629) [0x75ad052f2629]
  [bt] (1) /home/orange/code/tvm/build/libtvm.so(+0x99d3ab) [0x75ad0379d3ab]
  [bt] (0) /home/orange/code/tvm/build/libtvm.so(tvm::runtime::Backtrace[abi:cxx11]()+0x25) [0x75ad05bfbd95]
  File ""/home/orange/code/tvm/src/relay/analysis/type_solver.cc"", line 643
InternalError: Check failed: (false) is false: relay.concatenate requires all tensors have the same ndim"
yolo_multi_pool1_shared13__dual_pre18_14_logits,pool1,logits,"['small_logits51', 'big_logits66']",True,"[{'start_point_idx': 2, 'end_point_idx': 7, 'start_name': 'pool1', 'end_name': 'shared13', 'vta_convs': [2, 3, 4, 5, 6, 7]}, {'start_point_idx': 9, 'end_point_idx': 11, 'start_name': 'dual_pre18_14', 'end_name': 'logits', 'vta_convs': [9, 10, 12]}]",2,"[{'device': 'cpu', 'input_point': 'data', 'output_point': 'pool1', 'convs': [0, 1]}, {'device': 'vta', 'input_point': 'pool1', 'output_point': 'shared13', 'convs': [2, 3, 4, 5, 6, 7]}, {'device': 'cpu', 'input_point': 'shared13', 'output_point': 'dual_pre18_14', 'convs': [8, 11]}, {'device': 'vta', 'input_point': 'dual_pre18_14', 'output_point': 'logits', 'convs': [9, 10, 12]}, {'device': 'cpu', 'input_point': 'logits', 'output_point': 'output', 'convs': [], 'is_tail': True}]",5.0,cpu/vta/cpu/vta/cpu,"[0, 1]",[],"[[0, 1], [8, 11], []]","[[2, 3, 4, 5, 6, 7], [9, 10, 12]]","[2, 3, 4, 5, 6, 7, 9, 10, 12]","[2, 7, 9, 11]","[0, 1, 2, 3, 4, 5, 6, 7, 8, 9, 10, 11, 12]",143.966368,3.8135618181818183,5.593224,0.16,0.0,0.0,5.0,0.0,0.0,1.0,"[83.06688, 62.09039515151515, 0.0]","[102.449152, 41.517216000000005]",143.966368,8389836,60.89948799999999,237.9578210181818,767.3437426662022,370.3043014301869,2.7004817285076257,True,safe,,,per_stage_quantization_experimental;non_pool4_start_boundary_experimental;cpu_tail_requires_serial_raw_gate;route_branch_cpu_to_vta_boundary;logits_boundary_experimental;cpu_to_vta_boundary_requires_pack_quant:pool1;vta_to_cpu_boundary_requires_unpack_dequant:route23;vta_to_cpu_boundary_requires_unpack_dequant:shared38;cpu_to_vta_boundary_requires_pack_quant:route23;cpu_to_vta_boundary_requires_pack_quant:small42;cpu_to_vta_boundary_requires_pack_quant:big64;vta_to_cpu_boundary_requires_unpack_dequant:small_logits51;vta_to_cpu_boundary_requires_unpack_dequant:big_logits66,buildable,vta/tutorials/frontend/report_out/yolov3_tiny_pipeline_baseline/20260514_yolo_multisplit100/packages/yolo_multi_pool1_shared13__dual_pre18_14_logits,
yolo_multi_pool1_small_pre18__dual_pre18_14_logits,pool1,logits,"['small_logits51', 'big_logits66']",True,"[{'start_point_idx': 2, 'end_point_idx': 8, 'start_name': 'pool1', 'end_name': 'small_pre18', 'vta_convs': [2, 3, 4, 5, 6, 7, 8]}, {'start_point_idx': 9, 'end_point_idx': 11, 'start_name': 'dual_pre18_14', 'end_name': 'logits', 'vta_convs': [9, 10, 12]}]",2,"[{'device': 'cpu', 'input_point': 'data', 'output_point': 'pool1', 'convs': [0, 1]}, {'device': 'vta', 'input_point': 'pool1', 'output_point': 'small_pre18', 'convs': [2, 3, 4, 5, 6, 7, 8]}, {'device': 'cpu', 'input_point': 'small_pre18', 'output_point': 'dual_pre18_14', 'convs': [11]}, {'device': 'vta', 'input_point': 'dual_pre18_14', 'output_point': 'logits', 'convs': [9, 10, 12]}, {'device': 'cpu', 'input_point': 'logits', 'output_point': 'output', 'convs': [], 'is_tail': True}]",5.0,cpu/vta/cpu/vta/cpu,"[0, 1]",[],"[[0, 1], [11], []]","[[2, 3, 4, 5, 6, 7, 8], [9, 10, 12]]","[2, 3, 4, 5, 6, 7, 8, 9, 10, 12]","[2, 8, 9, 11]","[0, 1, 2, 3, 4, 5, 6, 7, 8, 9, 10, 11, 12]",144.31248,3.8528927272727276,5.650909333333333,0.16,0.0,0.0,5.0,0.0,0.0,1.0,"[83.06688, 60.412276363636366, 0.0]","[102.795264, 41.517216000000005]",144.31248,8476364,61.245599999999996,238.62592206060606,767.5106316408917,370.8470994556775,2.696529112585164,True,safe,,,per_stage_quantization_experimental;non_pool4_start_boundary_experimental;cpu_tail_requires_serial_raw_gate;route_branch_cpu_to_vta_boundary;logits_boundary_experimental;cpu_to_vta_boundary_requires_pack_quant:pool1;vta_to_cpu_boundary_requires_unpack_dequant:route23;vta_to_cpu_boundary_requires_unpack_dequant:shared38;vta_to_cpu_boundary_requires_unpack_dequant:small42;cpu_to_vta_boundary_requires_pack_quant:route23;cpu_to_vta_boundary_requires_pack_quant:small42;cpu_to_vta_boundary_requires_pack_quant:big64;vta_to_cpu_boundary_requires_unpack_dequant:small_logits51;vta_to_cpu_boundary_requires_unpack_dequant:big_logits66,buildable,vta/tutorials/frontend/report_out/yolov3_tiny_pipeline_baseline/20260514_yolo_multisplit100/packages/yolo_multi_pool1_small_pre18__dual_pre18_14_logits,
yolo_multi_pool2_shared13__small_pre18_dual_pre_logits,pool2,dual_pre_logits,"['small_pre26', 'big64']",True,"[{'start_point_idx': 3, 'end_point_idx': 7, 'start_name': 'pool2', 'end_name': 'shared13', 'vta_convs': [3, 4, 5, 6, 7]}, {'start_point_idx': 8, 'end_point_idx': 10, 'start_name': 'small_pre18', 'end_name': 'dual_pre_logits', 'vta_convs': [9, 11]}]",2,"[{'device': 'cpu', 'input_point': 'data', 'output_point': 'pool2', 'convs': [0, 1, 2]}, {'device': 'vta', 'input_point': 'pool2', 'output_point': 'shared13', 'convs': [3, 4, 5, 6, 7]}, {'device': 'cpu', 'input_point': 'shared13', 'output_point': 'small_pre18', 'convs': [8]}, {'device': 'vta', 'input_point': 'small_pre18', 'output_point': 'dual_pre_logits', 'convs': [9, 11]}, {'device': 'cpu', 'input_point': 'dual_pre_logits', 'output_point': 'output', 'convs': [10, 12], 'is_tail': True}]",5.0,cpu/vta/cpu/vta/cpu,"[0, 1, 2]","[10, 12]","[[0, 1, 2], [8], [10, 12]]","[[3, 4, 5, 6, 7], [9, 11]]","[3, 4, 5, 6, 7, 9, 11]","[3, 7, 8, 10]","[0, 1, 2, 3, 4, 5, 6, 7, 8, 9, 11]",143.47915636363638,2.5565090909090906,3.749546666666667,0.16,0.0,20.05876363636364,5.0,1.0,0.0,1.0,"[143.47915636363638, 1.678118787878788, 20.05876363636364]","[89.98912, 49.840128]",139.829248,5624320,63.535150545454556,248.0830599757576,767.1088179873425,377.8394994786538,2.646626415130786,True,safe,,,per_stage_quantization_experimental;non_pool4_start_boundary_experimental;cpu_tail_requires_serial_raw_gate;route_branch_cpu_to_vta_boundary;cpu_to_vta_boundary_requires_pack_quant:pool2;vta_to_cpu_boundary_requires_unpack_dequant:route23;vta_to_cpu_boundary_requires_unpack_dequant:shared38;cpu_to_vta_boundary_requires_pack_quant:route23;cpu_to_vta_boundary_requires_pack_quant:shared38;cpu_to_vta_boundary_requires_pack_quant:small42;vta_to_cpu_boundary_requires_unpack_dequant:small_pre26;vta_to_cpu_boundary_requires_unpack_dequant:big64,buildable,vta/tutorials/frontend/report_out/yolov3_tiny_pipeline_baseline/20260514_yolo_multisplit100/packages/yolo_multi_pool2_shared13__small_pre18_dual_pre_logits,
yolo_multi_pool2_trunk12__small_pre18_dual_pre_logits,pool2,dual_pre_logits,"['small_pre26', 'big64']",True,"[{'start_point_idx': 3, 'end_point_idx': 6, 'start_name': 'pool2', 'end_name': 'trunk12', 'vta_convs': [3, 4, 5, 6]}, {'start_point_idx': 8, 'end_point_idx': 10, 'start_name': 'small_pre18', 'end_name': 'dual_pre_logits', 'vta_convs': [9, 11]}]",2,"[{'device': 'cpu', 'input_point': 'data', 'output_point': 'pool2', 'convs': [0, 1, 2]}, {'device': 'vta', 'input_point': 'pool2', 'output_point': 'trunk12', 'convs': [3, 4, 5, 6]}, {'device': 'cpu', 'input_point': 'trunk12', 'output_point': 'small_pre18', 'convs': [7, 8]}, {'device': 'vta', 'input_point': 'small_pre18', 'output_point': 'dual_pre_logits', 'convs': [9, 11]}, {'device': 'cpu', 'input_point': 'dual_pre_logits', 'output_point': 'output', 'convs': [10, 12], 'is_tail': True}]",5.0,cpu/vta/cpu/vta/cpu,"[0, 1, 2]","[10, 12]","[[0, 1, 2], [7, 8], [10, 12]]","[[3, 4, 5, 6], [9, 11]]","[3, 4, 5, 6, 9, 11]","[3, 6, 8, 10]","[0, 1, 2, 3, 4, 5, 6, 7, 8, 9, 11]",143.47915636363638,2.7924945454545456,4.095658666666667,0.16,0.0,20.05876363636364,5.0,1.0,0.0,1.0,"[143.47915636363638, 15.103069090909091, 20.05876363636364]","[87.220224, 49.840128]",137.060352,6143488,64.91959854545456,249.56504863030307,767.1088179873425,378.9509909695629,2.6388636626637543,True,safe,,,per_stage_quantization_experimental;non_pool4_start_boundary_experimental;cpu_tail_requires_serial_raw_gate;route_branch_cpu_to_vta_boundary;cpu_to_vta_boundary_requires_pack_quant:pool2;vta_to_cpu_boundary_requires_unpack_dequant:route23;vta_to_cpu_boundary_requires_unpack_dequant:trunk34;cpu_to_vta_boundary_requires_pack_quant:route23;cpu_to_vta_boundary_requires_pack_quant:shared38;cpu_to_vta_boundary_requires_pack_quant:small42;vta_to_cpu_boundary_requires_unpack_dequant:small_pre26;vta_to_cpu_boundary_requires_unpack_dequant:big64,buildable,vta/tutorials/frontend/report_out/yolov3_tiny_pipeline_baseline/20260514_yolo_multisplit100/packages/yolo_multi_pool2_trunk12__small_pre18_dual_pre_logits,
yolo_multi_pool1_pool3__pool4_route_logits,pool1,logits,"['small_logits51', 'big_logits66']",True,"[{'start_point_idx': 2, 'end_point_idx': 4, 'start_name': 'pool1', 'end_name': 'pool3', 'vta_convs': [2, 3]}, {'start_point_idx': 5, 'end_point_idx': 11, 'start_name': 'pool4_route', 'end_name': 'logits', 'vta_convs': [5, 6, 7, 8, 9, 10, 11, 12]}]",2,"[{'device': 'cpu', 'input_point': 'data', 'output_point': 'pool1', 'convs': [0, 1]}, {'device': 'vta', 'input_point': 'pool1', 'output_point': 'pool3', 'convs': [2, 3]}, {'device': 'cpu', 'input_point': 'pool3', 'output_point': 'pool4_route', 'convs': [4]}, {'device': 'vta', 'input_point': 'pool4_route', 'output_point': 'logits', 'convs': [5, 6, 7, 8, 9, 10, 11, 12]}, {'device': 'cpu', 'input_point': 'logits', 'output_point': 'output', 'convs': [], 'is_tail': True}]",5.0,cpu/vta/cpu/vta/cpu,"[0, 1]",[],"[[0, 1], [4], []]","[[2, 3], [5, 6, 7, 8, 9, 10, 11, 12]]","[2, 3, 5, 6, 7, 8, 9, 10, 11, 12]","[2, 4, 5, 11]","[0, 1, 2, 3, 4, 5, 6, 7, 8, 9, 10, 11, 12]",144.31248,3.8528927272727276,5.650909333333333,0.16,0.0,0.0,5.0,1.0,0.0,1.0,"[83.06688, 60.412276363636366, 0.0]","[24.920064, 119.392416]",144.31248,8476364,61.245599999999996,250.62592206060606,767.5106316408917,379.8470994556775,2.632638241631973,True,safe,build_failed,,per_stage_quantization_experimental;non_pool4_start_boundary_experimental;cpu_tail_requires_serial_raw_gate;route_branch_cpu_to_vta_boundary;logits_boundary_experimental;cpu_to_vta_boundary_requires_pack_quant:pool1;vta_to_cpu_boundary_requires_unpack_dequant:pool3;cpu_to_vta_boundary_requires_pack_quant:pool4_route;cpu_to_vta_boundary_requires_pack_quant:route23;vta_to_cpu_boundary_requires_unpack_dequant:small_logits51;vta_to_cpu_boundary_requires_unpack_dequant:big_logits66,build_failed,," [bt] (6) /home/orange/code/tvm/build/libtvm.so(tvm::transform::Pass::operator()(tvm::IRModule, tvm::transform::PassContext const&) const+0x3d4) [0x75ad03bce3f4]
  [bt] (5) /home/orange/code/tvm/build/libtvm.so(tvm::transform::ModulePassNode::operator()(tvm::IRModule, tvm::transform::PassContext const&) const+0x1bf) [0x75ad03bd76df]
  [bt] (4) /home/orange/code/tvm/build/libtvm.so(+0x287c5f7) [0x75ad0567c5f7]
  [bt] (3) /home/orange/code/tvm/build/libtvm.so(tvm::relay::TypeInferencer::Infer(tvm::GlobalVar, tvm::relay::Function)+0xc9) [0x75ad05674119]
  [bt] (2) /home/orange/code/tvm/build/libtvm.so(+0x24f2629) [0x75ad052f2629]
  [bt] (1) /home/orange/code/tvm/build/libtvm.so(+0x99d3ab) [0x75ad0379d3ab]
  [bt] (0) /home/orange/code/tvm/build/libtvm.so(tvm::runtime::Backtrace[abi:cxx11]()+0x25) [0x75ad05bfbd95]
  File ""/home/orange/code/tvm/src/relay/analysis/type_solver.cc"", line 643
InternalError: Check failed: (false) is false: relay.concatenate requires all tensors have the same ndim"
yolo_multi_pool1_pool3__pool4_route_dual_pre_logits,pool1,dual_pre_logits,"['small_pre26', 'big64']",True,"[{'start_point_idx': 2, 'end_point_idx': 4, 'start_name': 'pool1', 'end_name': 'pool3', 'vta_convs': [2, 3]}, {'start_point_idx': 5, 'end_point_idx': 10, 'start_name': 'pool4_route', 'end_name': 'dual_pre_logits', 'vta_convs': [5, 6, 7, 8, 9, 11]}]",2,"[{'device': 'cpu', 'input_point': 'data', 'output_point': 'pool1', 'convs': [0, 1]}, {'device': 'vta', 'input_point': 'pool1', 'output_point': 'pool3', 'convs': [2, 3]}, {'device': 'cpu', 'input_point': 'pool3', 'output_point': 'pool4_route', 'convs': [4]}, {'device': 'vta', 'input_point': 'pool4_route', 'output_point': 'dual_pre_logits', 'convs': [5, 6, 7, 8, 9, 11]}, {'device': 'cpu', 'input_point': 'dual_pre_logits', 'output_point': 'output', 'convs': [10, 12], 'is_tail': True}]",5.0,cpu/vta/cpu/vta/cpu,"[0, 1]","[10, 12]","[[0, 1], [4], [10, 12]]","[[2, 3], [5, 6, 7, 8, 9, 11]]","[2, 3, 5, 6, 7, 8, 9, 11]","[2, 4, 5, 10]","[0, 1, 2, 3, 4, 5, 6, 7, 8, 9, 11]",140.17535999999998,3.9330909090909096,5.768533333333333,0.16,0.0,20.05876363636364,5.0,1.0,0.0,1.0,"[83.06688, 60.412276363636366, 20.05876363636364]","[24.920064, 115.25529599999999]",140.17535999999998,8652800,68.4357818181818,251.3602424242424,765.5157868653063,379.89912853450835,2.6322776887053703,True,safe,build_failed,,per_stage_quantization_experimental;non_pool4_start_boundary_experimental;cpu_tail_requires_serial_raw_gate;route_branch_cpu_to_vta_boundary;cpu_to_vta_boundary_requires_pack_quant:pool1;vta_to_cpu_boundary_requires_unpack_dequant:pool3;cpu_to_vta_boundary_requires_pack_quant:pool4_route;cpu_to_vta_boundary_requires_pack_quant:route23;vta_to_cpu_boundary_requires_unpack_dequant:small_pre26;vta_to_cpu_boundary_requires_unpack_dequant:big64,build_failed,," [bt] (6) /home/orange/code/tvm/build/libtvm.so(tvm::transform::Pass::operator()(tvm::IRModule, tvm::transform::PassContext const&) const+0x3d4) [0x75ad03bce3f4]
  [bt] (5) /home/orange/code/tvm/build/libtvm.so(tvm::transform::ModulePassNode::operator()(tvm::IRModule, tvm::transform::PassContext const&) const+0x1bf) [0x75ad03bd76df]
  [bt] (4) /home/orange/code/tvm/build/libtvm.so(+0x287c5f7) [0x75ad0567c5f7]
  [bt] (3) /home/orange/code/tvm/build/libtvm.so(tvm::relay::TypeInferencer::Infer(tvm::GlobalVar, tvm::relay::Function)+0xc9) [0x75ad05674119]
  [bt] (2) /home/orange/code/tvm/build/libtvm.so(+0x24f2629) [0x75ad052f2629]
  [bt] (1) /home/orange/code/tvm/build/libtvm.so(+0x99d3ab) [0x75ad0379d3ab]
  [bt] (0) /home/orange/code/tvm/build/libtvm.so(tvm::runtime::Backtrace[abi:cxx11]()+0x25) [0x75ad05bfbd95]
  File ""/home/orange/code/tvm/src/relay/analysis/type_solver.cc"", line 643
InternalError: Check failed: (false) is false: relay.concatenate requires all tensors have the same ndim"
yolo_multi_pool2_trunk12__dual_pre18_14_dual_pre_logits,pool2,dual_pre_logits,"['small_pre26', 'big64']",True,"[{'start_point_idx': 3, 'end_point_idx': 6, 'start_name': 'pool2', 'end_name': 'trunk12', 'vta_convs': [3, 4, 5, 6]}, {'start_point_idx': 9, 'end_point_idx': 10, 'start_name': 'dual_pre18_14', 'end_name': 'dual_pre_logits', 'vta_convs': [9]}]",2,"[{'device': 'cpu', 'input_point': 'data', 'output_point': 'pool2', 'convs': [0, 1, 2]}, {'device': 'vta', 'input_point': 'pool2', 'output_point': 'trunk12', 'convs': [3, 4, 5, 6]}, {'device': 'cpu', 'input_point': 'trunk12', 'output_point': 'dual_pre18_14', 'convs': [7, 8, 11]}, {'device': 'vta', 'input_point': 'dual_pre18_14', 'output_point': 'dual_pre_logits', 'convs': [9]}, {'device': 'cpu', 'input_point': 'dual_pre_logits', 'output_point': 'output', 'convs': [10, 12], 'is_tail': True}]",5.0,cpu/vta/cpu/vta/cpu,"[0, 1, 2]","[10, 12]","[[0, 1, 2], [7, 8, 11], [10, 12]]","[[3, 4, 5, 6], [9]]","[3, 4, 5, 6, 9]","[3, 6, 9, 10]","[0, 1, 2, 3, 4, 5, 6, 7, 8, 9, 11]",143.47915636363638,2.8711563636363637,4.211029333333333,0.16,0.0,20.05876363636364,5.0,1.0,0.0,1.0,"[143.47915636363638, 75.51534545454545, 20.05876363636364]","[87.220224, 37.380096]",124.60032000000001,6316544,43.42132363636364,251.78520242424244,767.1088179873425,380.6161063150174,2.6273191896202857,True,safe,,,per_stage_quantization_experimental;non_pool4_start_boundary_experimental;cpu_tail_requires_serial_raw_gate;route_branch_cpu_to_vta_boundary;cpu_to_vta_boundary_requires_pack_quant:pool2;vta_to_cpu_boundary_requires_unpack_dequant:route23;vta_to_cpu_boundary_requires_unpack_dequant:trunk34;cpu_to_vta_boundary_requires_pack_quant:route23;cpu_to_vta_boundary_requires_pack_quant:small42;cpu_to_vta_boundary_requires_pack_quant:big64;vta_to_cpu_boundary_requires_unpack_dequant:small_pre26;vta_to_cpu_boundary_requires_unpack_dequant:big64,buildable,vta/tutorials/frontend/report_out/yolov3_tiny_pipeline_baseline/20260514_yolo_multisplit100/packages/yolo_multi_pool2_trunk12__dual_pre18_14_dual_pre_logits,
yolo_multi_pool0_pool1__pool3_logits,pool0,logits,"['small_logits51', 'big_logits66']",False,"[{'start_point_idx': 1, 'end_point_idx': 2, 'start_name': 'pool0', 'end_name': 'pool1', 'vta_convs': [1]}, {'start_point_idx': 4, 'end_point_idx': 11, 'start_name': 'pool3', 'end_name': 'logits', 'vta_convs': [4, 5, 6, 7, 8, 9, 10, 11, 12]}]",2,"[{'device': 'cpu', 'input_point': 'data', 'output_point': 'pool0', 'convs': [0]}, {'device': 'vta', 'input_point': 'pool0', 'output_point': 'pool1', 'convs': [1]}, {'device': 'cpu', 'input_point': 'pool1', 'output_point': 'pool3', 'convs': [2, 3]}, {'device': 'vta', 'input_point': 'pool3', 'output_point': 'logits', 'convs': [4, 5, 6, 7, 8, 9, 10, 11, 12]}, {'device': 'cpu', 'input_point': 'logits', 'output_point': 'output', 'convs': [], 'is_tail': True}]",5.0,cpu/vta/cpu/vta/cpu,[0],[],"[[0], [2, 3], []]","[[1], [4, 5, 6, 7, 8, 9, 10, 11, 12]]","[1, 4, 5, 6, 7, 8, 9, 10, 11, 12]","[1, 2, 4, 11]","[0, 1, 2, 3, 4, 5, 6, 7, 8, 9, 10, 11, 12]",144.31248000000002,8.572601818181818,12.573149333333333,0.16,0.0,0.0,5.0,1.0,0.0,1.0,"[22.65460363636364, 120.82455272727273, 0.0]","[12.460032, 131.852448]",144.31248000000002,18859724,23.48792727272729,253.7253838787879,767.5106316408917,382.17169581931387,2.6166249644839943,True,safe,,,per_stage_quantization_experimental;non_pool4_start_boundary_experimental;cpu_tail_requires_serial_raw_gate;logits_boundary_experimental;cpu_to_vta_boundary_requires_pack_quant:pool0;vta_to_cpu_boundary_requires_unpack_dequant:pool1;cpu_to_vta_boundary_requires_pack_quant:pool3;vta_to_cpu_boundary_requires_unpack_dequant:small_logits51;vta_to_cpu_boundary_requires_unpack_dequant:big_logits66,buildable,vta/tutorials/frontend/report_out/yolov3_tiny_pipeline_baseline/20260514_yolo_multisplit100/packages/yolo_multi_pool0_pool1__pool3_logits,
yolo_multi_pool2_shared13__dual_pre18_14_dual_pre_logits,pool2,dual_pre_logits,"['small_pre26', 'big64']",True,"[{'start_point_idx': 3, 'end_point_idx': 7, 'start_name': 'pool2', 'end_name': 'shared13', 'vta_convs': [3, 4, 5, 6, 7]}, {'start_point_idx': 9, 'end_point_idx': 10, 'start_name': 'dual_pre18_14', 'end_name': 'dual_pre_logits', 'vta_convs': [9]}]",2,"[{'device': 'cpu', 'input_point': 'data', 'output_point': 'pool2', 'convs': [0, 1, 2]}, {'device': 'vta', 'input_point': 'pool2', 'output_point': 'shared13', 'convs': [3, 4, 5, 6, 7]}, {'device': 'cpu', 'input_point': 'shared13', 'output_point': 'dual_pre18_14', 'convs': [8, 11]}, {'device': 'vta', 'input_point': 'dual_pre18_14', 'output_point': 'dual_pre_logits', 'convs': [9]}, {'device': 'cpu', 'input_point': 'dual_pre_logits', 'output_point': 'output', 'convs': [10, 12], 'is_tail': True}]",5.0,cpu/vta/cpu/vta/cpu,"[0, 1, 2]","[10, 12]","[[0, 1, 2], [8, 11], [10, 12]]","[[3, 4, 5, 6, 7], [9]]","[3, 4, 5, 6, 7, 9]","[3, 7, 9, 10]","[0, 1, 2, 3, 4, 5, 6, 7, 8, 9, 11]",143.47915636363638,2.635170909090909,3.8649173333333335,0.16,0.0,20.05876363636364,5.0,1.0,0.0,1.0,"[143.47915636363638, 62.09039515151515, 20.05876363636364]","[89.98912, 37.380096]",127.369216,5797376,48.7493507878788,254.66632261818182,767.1088179873425,382.776946460472,2.612487531568901,True,safe,,,per_stage_quantization_experimental;non_pool4_start_boundary_experimental;cpu_tail_requires_serial_raw_gate;route_branch_cpu_to_vta_boundary;cpu_to_vta_boundary_requires_pack_quant:pool2;vta_to_cpu_boundary_requires_unpack_dequant:route23;vta_to_cpu_boundary_requires_unpack_dequant:shared38;cpu_to_vta_boundary_requires_pack_quant:route23;cpu_to_vta_boundary_requires_pack_quant:small42;cpu_to_vta_boundary_requires_pack_quant:big64;vta_to_cpu_boundary_requires_unpack_dequant:small_pre26;vta_to_cpu_boundary_requires_unpack_dequant:big64,buildable,vta/tutorials/frontend/report_out/yolov3_tiny_pipeline_baseline/20260514_yolo_multisplit100/packages/yolo_multi_pool2_shared13__dual_pre18_14_dual_pre_logits,
yolo_multi_pool2_pool3__pool4_route_dual_pre_logits,pool2,dual_pre_logits,"['small_pre26', 'big64']",True,"[{'start_point_idx': 3, 'end_point_idx': 4, 'start_name': 'pool2', 'end_name': 'pool3', 'vta_convs': [3]}, {'start_point_idx': 5, 'end_point_idx': 10, 'start_name': 'pool4_route', 'end_name': 'dual_pre_logits', 'vta_convs': [5, 6, 7, 8, 9, 11]}]",2,"[{'device': 'cpu', 'input_point': 'data', 'output_point': 'pool2', 'convs': [0, 1, 2]}, {'device': 'vta', 'input_point': 'pool2', 'output_point': 'pool3', 'convs': [3]}, {'device': 'cpu', 'input_point': 'pool3', 'output_point': 'pool4_route', 'convs': [4]}, {'device': 'vta', 'input_point': 'pool4_route', 'output_point': 'dual_pre_logits', 'convs': [5, 6, 7, 8, 9, 11]}, {'device': 'cpu', 'input_point': 'dual_pre_logits', 'output_point': 'output', 'convs': [10, 12], 'is_tail': True}]",5.0,cpu/vta/cpu/vta/cpu,"[0, 1, 2]","[10, 12]","[[0, 1, 2], [4], [10, 12]]","[[3], [5, 6, 7, 8, 9, 11]]","[3, 5, 6, 7, 8, 9, 11]","[3, 4, 5, 10]","[0, 1, 2, 3, 4, 5, 6, 7, 8, 9, 11]",143.47915636363638,2.674501818181818,3.922602666666667,0.16,0.0,20.05876363636364,5.0,1.0,0.0,1.0,"[143.47915636363638, 60.412276363636366, 20.05876363636364]","[12.460032, 115.25529599999999]",127.71532799999999,5883904,49.4153541818182,255.19624106666672,767.1088179873425,383.1743852968357,2.6097777888397338,True,safe,build_failed,,per_stage_quantization_experimental;non_pool4_start_boundary_experimental;cpu_tail_requires_serial_raw_gate;route_branch_cpu_to_vta_boundary;cpu_to_vta_boundary_requires_pack_quant:pool2;vta_to_cpu_boundary_requires_unpack_dequant:pool3;cpu_to_vta_boundary_requires_pack_quant:pool4_route;cpu_to_vta_boundary_requires_pack_quant:route23;vta_to_cpu_boundary_requires_unpack_dequant:small_pre26;vta_to_cpu_boundary_requires_unpack_dequant:big64,build_failed,," [bt] (6) /home/orange/code/tvm/build/libtvm.so(tvm::transform::Pass::operator()(tvm::IRModule, tvm::transform::PassContext const&) const+0x3d4) [0x75ad03bce3f4]
  [bt] (5) /home/orange/code/tvm/build/libtvm.so(tvm::transform::ModulePassNode::operator()(tvm::IRModule, tvm::transform::PassContext const&) const+0x1bf) [0x75ad03bd76df]
  [bt] (4) /home/orange/code/tvm/build/libtvm.so(+0x287c5f7) [0x75ad0567c5f7]
  [bt] (3) /home/orange/code/tvm/build/libtvm.so(tvm::relay::TypeInferencer::Infer(tvm::GlobalVar, tvm::relay::Function)+0xc9) [0x75ad05674119]
  [bt] (2) /home/orange/code/tvm/build/libtvm.so(+0x24f2629) [0x75ad052f2629]
  [bt] (1) /home/orange/code/tvm/build/libtvm.so(+0x99d3ab) [0x75ad0379d3ab]
  [bt] (0) /home/orange/code/tvm/build/libtvm.so(tvm::runtime::Backtrace[abi:cxx11]()+0x25) [0x75ad05bfbd95]
  File ""/home/orange/code/tvm/src/relay/analysis/type_solver.cc"", line 643
InternalError: Check failed: (false) is false: relay.concatenate requires all tensors have the same ndim"
yolo_multi_pool2_small_pre18__dual_pre18_14_dual_pre_logits,pool2,dual_pre_logits,"['small_pre26', 'big64']",True,"[{'start_point_idx': 3, 'end_point_idx': 8, 'start_name': 'pool2', 'end_name': 'small_pre18', 'vta_convs': [3, 4, 5, 6, 7, 8]}, {'start_point_idx': 9, 'end_point_idx': 10, 'start_name': 'dual_pre18_14', 'end_name': 'dual_pre_logits', 'vta_convs': [9]}]",2,"[{'device': 'cpu', 'input_point': 'data', 'output_point': 'pool2', 'convs': [0, 1, 2]}, {'device': 'vta', 'input_point': 'pool2', 'output_point': 'small_pre18', 'convs': [3, 4, 5, 6, 7, 8]}, {'device': 'cpu', 'input_point': 'small_pre18', 'output_point': 'dual_pre18_14', 'convs': [11]}, {'device': 'vta', 'input_point': 'dual_pre18_14', 'output_point': 'dual_pre_logits', 'convs': [9]}, {'device': 'cpu', 'input_point': 'dual_pre_logits', 'output_point': 'output', 'convs': [10, 12], 'is_tail': True}]",5.0,cpu/vta/cpu/vta/cpu,"[0, 1, 2]","[10, 12]","[[0, 1, 2], [11], [10, 12]]","[[3, 4, 5, 6, 7, 8], [9]]","[3, 4, 5, 6, 7, 8, 9]","[3, 8, 9, 10]","[0, 1, 2, 3, 4, 5, 6, 7, 8, 9, 11]",143.47915636363638,2.674501818181818,3.922602666666667,0.16,0.0,20.05876363636364,5.0,1.0,0.0,1.0,"[143.47915636363638, 60.412276363636366, 20.05876363636364]","[90.335232, 37.380096]",127.715328,5883904,49.4153541818182,255.19624106666672,767.1088179873425,383.1743852968357,2.6097777888397338,True,safe,,,per_stage_quantization_experimental;non_pool4_start_boundary_experimental;cpu_tail_requires_serial_raw_gate;route_branch_cpu_to_vta_boundary;cpu_to_vta_boundary_requires_pack_quant:pool2;vta_to_cpu_boundary_requires_unpack_dequant:route23;vta_to_cpu_boundary_requires_unpack_dequant:shared38;vta_to_cpu_boundary_requires_unpack_dequant:small42;cpu_to_vta_boundary_requires_pack_quant:route23;cpu_to_vta_boundary_requires_pack_quant:small42;cpu_to_vta_boundary_requires_pack_quant:big64;vta_to_cpu_boundary_requires_unpack_dequant:small_pre26;vta_to_cpu_boundary_requires_unpack_dequant:big64,buildable,vta/tutorials/frontend/report_out/yolov3_tiny_pipeline_baseline/20260514_yolo_multisplit100/packages/yolo_multi_pool2_small_pre18__dual_pre18_14_dual_pre_logits,
yolo_multi_pool1_trunk12__small_pre18_logits,pool1,logits,"['small_logits51', 'big_logits66']",True,"[{'start_point_idx': 2, 'end_point_idx': 6, 'start_name': 'pool1', 'end_name': 'trunk12', 'vta_convs': [2, 3, 4, 5, 6]}, {'start_point_idx': 8, 'end_point_idx': 11, 'start_name': 'small_pre18', 'end_name': 'logits', 'vta_convs': [9, 10, 11, 12]}]",2,"[{'device': 'cpu', 'input_point': 'data', 'output_point': 'pool1', 'convs': [0, 1]}, {'device': 'vta', 'input_point': 'pool1', 'output_point': 'trunk12', 'convs': [2, 3, 4, 5, 6]}, {'device': 'cpu', 'input_point': 'trunk12', 'output_point': 'small_pre18', 'convs': [7, 8]}, {'device': 'vta', 'input_point': 'small_pre18', 'output_point': 'logits', 'convs': [9, 10, 11, 12]}, {'device': 'cpu', 'input_point': 'logits', 'output_point': 'output', 'convs': [], 'is_tail': True}]",5.0,cpu/vta/cpu/vta/cpu,"[0, 1]",[],"[[0, 1], [7, 8], []]","[[2, 3, 4, 5, 6], [9, 10, 11, 12]]","[2, 3, 4, 5, 6, 9, 10, 11, 12]","[2, 6, 8, 11]","[0, 1, 2, 3, 4, 5, 6, 7, 8, 9, 10, 11, 12]",153.657504,3.9708854545454546,5.823965333333334,0.16,0.0,0.0,5.0,0.0,0.0,1.0,"[83.06688, 15.103069090909091, 0.0]","[99.680256, 53.977247999999996]",153.657504,8735948,70.59062399999999,254.33626038787878,772.0166339575082,383.75635378028613,2.605820047405742,True,safe,,,per_stage_quantization_experimental;non_pool4_start_boundary_experimental;cpu_tail_requires_serial_raw_gate;route_branch_cpu_to_vta_boundary;logits_boundary_experimental;cpu_to_vta_boundary_requires_pack_quant:pool1;vta_to_cpu_boundary_requires_unpack_dequant:route23;vta_to_cpu_boundary_requires_unpack_dequant:trunk34;cpu_to_vta_boundary_requires_pack_quant:route23;cpu_to_vta_boundary_requires_pack_quant:shared38;cpu_to_vta_boundary_requires_pack_quant:small42;vta_to_cpu_boundary_requires_unpack_dequant:small_logits51;vta_to_cpu_boundary_requires_unpack_dequant:big_logits66,buildable,vta/tutorials/frontend/report_out/yolov3_tiny_pipeline_baseline/20260514_yolo_multisplit100/packages/yolo_multi_pool1_trunk12__small_pre18_logits,
yolo_multi_pool1_trunk12__shared13_logits,pool1,logits,"['small_logits51', 'big_logits66']",True,"[{'start_point_idx': 2, 'end_point_idx': 6, 'start_name': 'pool1', 'end_name': 'trunk12', 'vta_convs': [2, 3, 4, 5, 6]}, {'start_point_idx': 7, 'end_point_idx': 11, 'start_name': 'shared13', 'end_name': 'logits', 'vta_convs': [8, 9, 10, 11, 12]}]",2,"[{'device': 'cpu', 'input_point': 'data', 'output_point': 'pool1', 'convs': [0, 1]}, {'device': 'vta', 'input_point': 'pool1', 'output_point': 'trunk12', 'convs': [2, 3, 4, 5, 6]}, {'device': 'cpu', 'input_point': 'trunk12', 'output_point': 'shared13', 'convs': [7]}, {'device': 'vta', 'input_point': 'shared13', 'output_point': 'logits', 'convs': [8, 9, 10, 11, 12]}, {'device': 'cpu', 'input_point': 'logits', 'output_point': 'output', 'convs': [], 'is_tail': True}]",5.0,cpu/vta/cpu/vta/cpu,"[0, 1]",[],"[[0, 1], [7], []]","[[2, 3, 4, 5, 6], [8, 9, 10, 11, 12]]","[2, 3, 4, 5, 6, 8, 9, 10, 11, 12]","[2, 6, 7, 11]","[0, 1, 2, 3, 4, 5, 6, 7, 8, 9, 10, 11, 12]",154.003616,3.9315545454545457,5.76628,0.16,0.0,0.0,5.0,0.0,0.0,1.0,"[83.06688, 13.424950303030304, 0.0]","[99.680256, 54.32336]",154.003616,8649420,70.936736,254.81032894545453,772.1835229321977,384.1536274421403,2.6031252305449493,True,safe,build_failed,,per_stage_quantization_experimental;non_pool4_start_boundary_experimental;cpu_tail_requires_serial_raw_gate;route_branch_cpu_to_vta_boundary;logits_boundary_experimental;cpu_to_vta_boundary_requires_pack_quant:pool1;vta_to_cpu_boundary_requires_unpack_dequant:route23;vta_to_cpu_boundary_requires_unpack_dequant:trunk34;cpu_to_vta_boundary_requires_pack_quant:route23;cpu_to_vta_boundary_requires_pack_quant:shared38;vta_to_cpu_boundary_requires_unpack_dequant:small_logits51;vta_to_cpu_boundary_requires_unpack_dequant:big_logits66,build_failed,," [bt] (6) /home/orange/code/tvm/build/libtvm.so(tvm::transform::Pass::operator()(tvm::IRModule, tvm::transform::PassContext const&) const+0x3d4) [0x75ad03bce3f4]
  [bt] (5) /home/orange/code/tvm/build/libtvm.so(tvm::transform::ModulePassNode::operator()(tvm::IRModule, tvm::transform::PassContext const&) const+0x1bf) [0x75ad03bd76df]
  [bt] (4) /home/orange/code/tvm/build/libtvm.so(+0x287c5f7) [0x75ad0567c5f7]
  [bt] (3) /home/orange/code/tvm/build/libtvm.so(tvm::relay::TypeInferencer::Infer(tvm::GlobalVar, tvm::relay::Function)+0xc9) [0x75ad05674119]
  [bt] (2) /home/orange/code/tvm/build/libtvm.so(+0x24f2629) [0x75ad052f2629]
  [bt] (1) /home/orange/code/tvm/build/libtvm.so(+0x99d3ab) [0x75ad0379d3ab]
  [bt] (0) /home/orange/code/tvm/build/libtvm.so(tvm::runtime::Backtrace[abi:cxx11]()+0x25) [0x75ad05bfbd95]
  File ""/home/orange/code/tvm/src/relay/analysis/type_solver.cc"", line 643
InternalError: Check failed: (false) is false: relay.concatenate requires all tensors have the same ndim"
yolo_multi_pool1_trunk12__dual_pre18_14_dual_pre_logits,pool1,dual_pre_logits,"['small_pre26', 'big64']",True,"[{'start_point_idx': 2, 'end_point_idx': 6, 'start_name': 'pool1', 'end_name': 'trunk12', 'vta_convs': [2, 3, 4, 5, 6]}, {'start_point_idx': 9, 'end_point_idx': 10, 'start_name': 'dual_pre18_14', 'end_name': 'dual_pre_logits', 'vta_convs': [9]}]",2,"[{'device': 'cpu', 'input_point': 'data', 'output_point': 'pool1', 'convs': [0, 1]}, {'device': 'vta', 'input_point': 'pool1', 'output_point': 'trunk12', 'convs': [2, 3, 4, 5, 6]}, {'device': 'cpu', 'input_point': 'trunk12', 'output_point': 'dual_pre18_14', 'convs': [7, 8, 11]}, {'device': 'vta', 'input_point': 'dual_pre18_14', 'output_point': 'dual_pre_logits', 'convs': [9]}, {'device': 'cpu', 'input_point': 'dual_pre_logits', 'output_point': 'output', 'convs': [10, 12], 'is_tail': True}]",5.0,cpu/vta/cpu/vta/cpu,"[0, 1]","[10, 12]","[[0, 1], [7, 8, 11], [10, 12]]","[[2, 3, 4, 5, 6], [9]]","[2, 3, 4, 5, 6, 9]","[2, 6, 9, 10]","[0, 1, 2, 3, 4, 5, 6, 7, 8, 9, 11]",137.060352,4.129745454545455,6.05696,0.16,0.0,20.05876363636364,5.0,1.0,0.0,1.0,"[83.06688, 75.51534545454545, 20.05876363636364]","[99.680256, 37.380096]",137.060352,9085440,57.769239272727276,257.79706298181816,764.0137860931007,384.3512437596388,2.6017868193119953,True,safe,,,per_stage_quantization_experimental;non_pool4_start_boundary_experimental;cpu_tail_requires_serial_raw_gate;route_branch_cpu_to_vta_boundary;cpu_to_vta_boundary_requires_pack_quant:pool1;vta_to_cpu_boundary_requires_unpack_dequant:route23;vta_to_cpu_boundary_requires_unpack_dequant:trunk34;cpu_to_vta_boundary_requires_pack_quant:route23;cpu_to_vta_boundary_requires_pack_quant:small42;cpu_to_vta_boundary_requires_pack_quant:big64;vta_to_cpu_boundary_requires_unpack_dequant:small_pre26;vta_to_cpu_boundary_requires_unpack_dequant:big64,buildable,vta/tutorials/frontend/report_out/yolov3_tiny_pipeline_baseline/20260514_yolo_multisplit100/packages/yolo_multi_pool1_trunk12__dual_pre18_14_dual_pre_logits,
yolo_multi_pool0_pool2__pool4_route_dual_pre_logits,pool0,dual_pre_logits,"['small_pre26', 'big64']",True,"[{'start_point_idx': 1, 'end_point_idx': 3, 'start_name': 'pool0', 'end_name': 'pool2', 'vta_convs': [1, 2]}, {'start_point_idx': 5, 'end_point_idx': 10, 'start_name': 'pool4_route', 'end_name': 'dual_pre_logits', 'vta_convs': [5, 6, 7, 8, 9, 11]}]",2,"[{'device': 'cpu', 'input_point': 'data', 'output_point': 'pool0', 'convs': [0]}, {'device': 'vta', 'input_point': 'pool0', 'output_point': 'pool2', 'convs': [1, 2]}, {'device': 'cpu', 'input_point': 'pool2', 'output_point': 'pool4_route', 'convs': [3, 4]}, {'device': 'vta', 'input_point': 'pool4_route', 'output_point': 'dual_pre_logits', 'convs': [5, 6, 7, 8, 9, 11]}, {'device': 'cpu', 'input_point': 'dual_pre_logits', 'output_point': 'output', 'convs': [10, 12], 'is_tail': True}]",5.0,cpu/vta/cpu/vta/cpu,[0],"[10, 12]","[[0], [3, 4], [10, 12]]","[[1, 2], [5, 6, 7, 8, 9, 11]]","[1, 2, 5, 6, 7, 8, 9, 11]","[1, 3, 5, 10]","[0, 1, 2, 3, 4, 5, 6, 7, 8, 9, 11]",140.17535999999998,7.079563636363637,10.38336,0.16,0.0,20.05876363636364,5.0,1.0,0.0,1.0,"[22.65460363636364, 120.82455272727273, 20.05876363636364]","[24.920064, 115.25529599999999]",140.17535999999998,15575040,68.4357818181818,259.1215418181818,765.5157868653063,385.7201030799629,2.59255349154745,True,safe,build_failed,,per_stage_quantization_experimental;non_pool4_start_boundary_experimental;cpu_tail_requires_serial_raw_gate;route_branch_cpu_to_vta_boundary;cpu_to_vta_boundary_requires_pack_quant:pool0;vta_to_cpu_boundary_requires_unpack_dequant:pool2;cpu_to_vta_boundary_requires_pack_quant:pool4_route;cpu_to_vta_boundary_requires_pack_quant:route23;vta_to_cpu_boundary_requires_unpack_dequant:small_pre26;vta_to_cpu_boundary_requires_unpack_dequant:big64,build_failed,," [bt] (6) /home/orange/code/tvm/build/libtvm.so(tvm::transform::Pass::operator()(tvm::IRModule, tvm::transform::PassContext const&) const+0x3d4) [0x75ad03bce3f4]
  [bt] (5) /home/orange/code/tvm/build/libtvm.so(tvm::transform::ModulePassNode::operator()(tvm::IRModule, tvm::transform::PassContext const&) const+0x1bf) [0x75ad03bd76df]
  [bt] (4) /home/orange/code/tvm/build/libtvm.so(+0x287c5f7) [0x75ad0567c5f7]
  [bt] (3) /home/orange/code/tvm/build/libtvm.so(tvm::relay::TypeInferencer::Infer(tvm::GlobalVar, tvm::relay::Function)+0xc9) [0x75ad05674119]
  [bt] (2) /home/orange/code/tvm/build/libtvm.so(+0x24f2629) [0x75ad052f2629]
  [bt] (1) /home/orange/code/tvm/build/libtvm.so(+0x99d3ab) [0x75ad0379d3ab]
  [bt] (0) /home/orange/code/tvm/build/libtvm.so(tvm::runtime::Backtrace[abi:cxx11]()+0x25) [0x75ad05bfbd95]
  File ""/home/orange/code/tvm/src/relay/analysis/type_solver.cc"", line 643
InternalError: Check failed: (false) is false: relay.concatenate requires all tensors have the same ndim"
yolo_multi_pool1_shared13__small_pre18_logits,pool1,logits,"['small_logits51', 'big_logits66']",True,"[{'start_point_idx': 2, 'end_point_idx': 7, 'start_name': 'pool1', 'end_name': 'shared13', 'vta_convs': [2, 3, 4, 5, 6, 7]}, {'start_point_idx': 8, 'end_point_idx': 11, 'start_name': 'small_pre18', 'end_name': 'logits', 'vta_convs': [9, 10, 11, 12]}]",2,"[{'device': 'cpu', 'input_point': 'data', 'output_point': 'pool1', 'convs': [0, 1]}, {'device': 'vta', 'input_point': 'pool1', 'output_point': 'shared13', 'convs': [2, 3, 4, 5, 6, 7]}, {'device': 'cpu', 'input_point': 'shared13', 'output_point': 'small_pre18', 'convs': [8]}, {'device': 'vta', 'input_point': 'small_pre18', 'output_point': 'logits', 'convs': [9, 10, 11, 12]}, {'device': 'cpu', 'input_point': 'logits', 'output_point': 'output', 'convs': [], 'is_tail': True}]",5.0,cpu/vta/cpu/vta/cpu,"[0, 1]",[],"[[0, 1], [8], []]","[[2, 3, 4, 5, 6, 7], [9, 10, 11, 12]]","[2, 3, 4, 5, 6, 7, 9, 10, 11, 12]","[2, 7, 8, 11]","[0, 1, 2, 3, 4, 5, 6, 7, 8, 9, 10, 11, 12]",156.4264,3.7349,5.477853333333334,0.16,0.0,0.0,5.0,0.0,0.0,1.0,"[83.06688, 1.678118787878788, 0.0]","[102.449152, 53.977247999999996]",156.4264,8216780,73.35952,258.3228413333334,773.3517457550242,387.0800674387561,2.5834448325299526,True,safe,,,per_stage_quantization_experimental;non_pool4_start_boundary_experimental;cpu_tail_requires_serial_raw_gate;route_branch_cpu_to_vta_boundary;logits_boundary_experimental;cpu_to_vta_boundary_requires_pack_quant:pool1;vta_to_cpu_boundary_requires_unpack_dequant:route23;vta_to_cpu_boundary_requires_unpack_dequant:shared38;cpu_to_vta_boundary_requires_pack_quant:route23;cpu_to_vta_boundary_requires_pack_quant:shared38;cpu_to_vta_boundary_requires_pack_quant:small42;vta_to_cpu_boundary_requires_unpack_dequant:small_logits51;vta_to_cpu_boundary_requires_unpack_dequant:big_logits66,buildable,vta/tutorials/frontend/report_out/yolov3_tiny_pipeline_baseline/20260514_yolo_multisplit100/packages/yolo_multi_pool1_shared13__small_pre18_logits,
yolo_multi_pool1_shared13__dual_pre18_14_dual_pre_logits,pool1,dual_pre_logits,"['small_pre26', 'big64']",True,"[{'start_point_idx': 2, 'end_point_idx': 7, 'start_name': 'pool1', 'end_name': 'shared13', 'vta_convs': [2, 3, 4, 5, 6, 7]}, {'start_point_idx': 9, 'end_point_idx': 10, 'start_name': 'dual_pre18_14', 'end_name': 'dual_pre_logits', 'vta_convs': [9]}]",2,"[{'device': 'cpu', 'input_point': 'data', 'output_point': 'pool1', 'convs': [0, 1]}, {'device': 'vta', 'input_point': 'pool1', 'output_point': 'shared13', 'convs': [2, 3, 4, 5, 6, 7]}, {'device': 'cpu', 'input_point': 'shared13', 'output_point': 'dual_pre18_14', 'convs': [8, 11]}, {'device': 'vta', 'input_point': 'dual_pre18_14', 'output_point': 'dual_pre_logits', 'convs': [9]}, {'device': 'cpu', 'input_point': 'dual_pre_logits', 'output_point': 'output', 'convs': [10, 12], 'is_tail': True}]",5.0,cpu/vta/cpu/vta/cpu,"[0, 1]","[10, 12]","[[0, 1], [8, 11], [10, 12]]","[[2, 3, 4, 5, 6, 7], [9]]","[2, 3, 4, 5, 6, 7, 9]","[2, 7, 9, 10]","[0, 1, 2, 3, 4, 5, 6, 7, 8, 9, 11]",139.829248,3.89376,5.710848,0.16,0.0,20.05876363636364,5.0,1.0,0.0,1.0,"[83.06688, 62.09039515151515, 20.05876363636364]","[102.449152, 37.380096]",139.829248,8566272,67.25061042424244,266.1467527757576,765.3488978906169,390.94728905447244,2.5578895876693637,True,safe,,,per_stage_quantization_experimental;non_pool4_start_boundary_experimental;cpu_tail_requires_serial_raw_gate;route_branch_cpu_to_vta_boundary;cpu_to_vta_boundary_requires_pack_quant:pool1;vta_to_cpu_boundary_requires_unpack_dequant:route23;vta_to_cpu_boundary_requires_unpack_dequant:shared38;cpu_to_vta_boundary_requires_pack_quant:route23;cpu_to_vta_boundary_requires_pack_quant:small42;cpu_to_vta_boundary_requires_pack_quant:big64;vta_to_cpu_boundary_requires_unpack_dequant:small_pre26;vta_to_cpu_boundary_requires_unpack_dequant:big64,buildable,vta/tutorials/frontend/report_out/yolov3_tiny_pipeline_baseline/20260514_yolo_multisplit100/packages/yolo_multi_pool1_shared13__dual_pre18_14_dual_pre_logits,
yolo_multi_pool1_small_pre18__dual_pre18_14_dual_pre_logits,pool1,dual_pre_logits,"['small_pre26', 'big64']",True,"[{'start_point_idx': 2, 'end_point_idx': 8, 'start_name': 'pool1', 'end_name': 'small_pre18', 'vta_convs': [2, 3, 4, 5, 6, 7, 8]}, {'start_point_idx': 9, 'end_point_idx': 10, 'start_name': 'dual_pre18_14', 'end_name': 'dual_pre_logits', 'vta_convs': [9]}]",2,"[{'device': 'cpu', 'input_point': 'data', 'output_point': 'pool1', 'convs': [0, 1]}, {'device': 'vta', 'input_point': 'pool1', 'output_point': 'small_pre18', 'convs': [2, 3, 4, 5, 6, 7, 8]}, {'device': 'cpu', 'input_point': 'small_pre18', 'output_point': 'dual_pre18_14', 'convs': [11]}, {'device': 'vta', 'input_point': 'dual_pre18_14', 'output_point': 'dual_pre_logits', 'convs': [9]}, {'device': 'cpu', 'input_point': 'dual_pre_logits', 'output_point': 'output', 'convs': [10, 12], 'is_tail': True}]",5.0,cpu/vta/cpu/vta/cpu,"[0, 1]","[10, 12]","[[0, 1], [11], [10, 12]]","[[2, 3, 4, 5, 6, 7, 8], [9]]","[2, 3, 4, 5, 6, 7, 8, 9]","[2, 8, 9, 10]","[0, 1, 2, 3, 4, 5, 6, 7, 8, 9, 11]",140.17536,3.9330909090909096,5.768533333333333,0.16,0.0,20.05876363636364,5.0,1.0,0.0,1.0,"[83.06688, 60.412276363636366, 20.05876363636364]","[102.795264, 37.380096]",140.17536,8652800,68.43578181818182,267.3602424242424,765.5157868653063,391.89912853450835,2.551677018878458,True,safe,,,per_stage_quantization_experimental;non_pool4_start_boundary_experimental;cpu_tail_requires_serial_raw_gate;route_branch_cpu_to_vta_boundary;cpu_to_vta_boundary_requires_pack_quant:pool1;vta_to_cpu_boundary_requires_unpack_dequant:route23;vta_to_cpu_boundary_requires_unpack_dequant:shared38;vta_to_cpu_boundary_requires_unpack_dequant:small42;cpu_to_vta_boundary_requires_pack_quant:route23;cpu_to_vta_boundary_requires_pack_quant:small42;cpu_to_vta_boundary_requires_pack_quant:big64;vta_to_cpu_boundary_requires_unpack_dequant:small_pre26;vta_to_cpu_boundary_requires_unpack_dequant:big64,buildable,vta/tutorials/frontend/report_out/yolov3_tiny_pipeline_baseline/20260514_yolo_multisplit100/packages/yolo_multi_pool1_small_pre18__dual_pre18_14_dual_pre_logits,
yolo_multi_pool0_trunk12__dual_pre18_14_logits,pool0,logits,"['small_logits51', 'big_logits66']",True,"[{'start_point_idx': 1, 'end_point_idx': 6, 'start_name': 'pool0', 'end_name': 'trunk12', 'vta_convs': [1, 2, 3, 4, 5, 6]}, {'start_point_idx': 9, 'end_point_idx': 11, 'start_name': 'dual_pre18_14', 'end_name': 'logits', 'vta_convs': [9, 10, 12]}]",2,"[{'device': 'cpu', 'input_point': 'data', 'output_point': 'pool0', 'convs': [0]}, {'device': 'vta', 'input_point': 'pool0', 'output_point': 'trunk12', 'convs': [1, 2, 3, 4, 5, 6]}, {'device': 'cpu', 'input_point': 'trunk12', 'output_point': 'dual_pre18_14', 'convs': [7, 8, 11]}, {'device': 'vta', 'input_point': 'dual_pre18_14', 'output_point': 'logits', 'convs': [9, 10, 12]}, {'device': 'cpu', 'input_point': 'logits', 'output_point': 'output', 'convs': [], 'is_tail': True}]",5.0,cpu/vta/cpu/vta/cpu,[0],[],"[[0], [7, 8, 11], []]","[[1, 2, 3, 4, 5, 6], [9, 10, 12]]","[1, 2, 3, 4, 5, 6, 9, 10, 12]","[1, 6, 9, 11]","[0, 1, 2, 3, 4, 5, 6, 7, 8, 9, 10, 11, 12]",153.65750400000002,6.5667254545454545,9.631197333333333,0.16,0.0,0.0,5.0,0.0,0.0,1.0,"[22.65460363636364, 75.51534545454545, 0.0]","[112.140288, 41.517216000000005]",153.65750400000002,14446796,78.14215854545456,265.64782984242424,772.0166339575082,392.24003087119524,2.5494593139280637,True,safe,,,per_stage_quantization_experimental;non_pool4_start_boundary_experimental;cpu_tail_requires_serial_raw_gate;route_branch_cpu_to_vta_boundary;logits_boundary_experimental;cpu_to_vta_boundary_requires_pack_quant:pool0;vta_to_cpu_boundary_requires_unpack_dequant:route23;vta_to_cpu_boundary_requires_unpack_dequant:trunk34;cpu_to_vta_boundary_requires_pack_quant:route23;cpu_to_vta_boundary_requires_pack_quant:small42;cpu_to_vta_boundary_requires_pack_quant:big64;vta_to_cpu_boundary_requires_unpack_dequant:small_logits51;vta_to_cpu_boundary_requires_unpack_dequant:big_logits66,buildable,vta/tutorials/frontend/report_out/yolov3_tiny_pipeline_baseline/20260514_yolo_multisplit100/packages/yolo_multi_pool0_trunk12__dual_pre18_14_logits,
yolo_multi_pool1_pool2__pool3_logits,pool1,logits,"['small_logits51', 'big_logits66']",False,"[{'start_point_idx': 2, 'end_point_idx': 3, 'start_name': 'pool1', 'end_name': 'pool2', 'vta_convs': [2]}, {'start_point_idx': 4, 'end_point_idx': 11, 'start_name': 'pool3', 'end_name': 'logits', 'vta_convs': [4, 5, 6, 7, 8, 9, 10, 11, 12]}]",2,"[{'device': 'cpu', 'input_point': 'data', 'output_point': 'pool1', 'convs': [0, 1]}, {'device': 'vta', 'input_point': 'pool1', 'output_point': 'pool2', 'convs': [2]}, {'device': 'cpu', 'input_point': 'pool2', 'output_point': 'pool3', 'convs': [3]}, {'device': 'vta', 'input_point': 'pool3', 'output_point': 'logits', 'convs': [4, 5, 6, 7, 8, 9, 10, 11, 12]}, {'device': 'cpu', 'input_point': 'logits', 'output_point': 'output', 'convs': [], 'is_tail': True}]",5.0,cpu/vta/cpu/vta/cpu,"[0, 1]",[],"[[0, 1], [3], []]","[[2], [4, 5, 6, 7, 8, 9, 10, 11, 12]]","[2, 4, 5, 6, 7, 8, 9, 10, 11, 12]","[2, 3, 4, 11]","[0, 1, 2, 3, 4, 5, 6, 7, 8, 9, 10, 11, 12]",144.31248000000002,4.796834545454545,7.035357333333333,0.16,0.0,0.0,5.0,1.0,0.0,1.0,"[83.06688, 60.412276363636366, 0.0]","[12.460032, 131.852448]",144.31248000000002,10553036,61.245600000000024,268.9543118787879,767.5106316408917,393.59339181931387,2.540693062395387,True,safe,,,per_stage_quantization_experimental;non_pool4_start_boundary_experimental;cpu_tail_requires_serial_raw_gate;logits_boundary_experimental;cpu_to_vta_boundary_requires_pack_quant:pool1;vta_to_cpu_boundary_requires_unpack_dequant:pool2;cpu_to_vta_boundary_requires_pack_quant:pool3;vta_to_cpu_boundary_requires_unpack_dequant:small_logits51;vta_to_cpu_boundary_requires_unpack_dequant:big_logits66,buildable,vta/tutorials/frontend/report_out/yolov3_tiny_pipeline_baseline/20260514_yolo_multisplit100/packages/yolo_multi_pool1_pool2__pool3_logits,
yolo_multi_pool1_pool2__pool3_dual_pre_logits,pool1,dual_pre_logits,"['small_pre26', 'big64']",False,"[{'start_point_idx': 2, 'end_point_idx': 3, 'start_name': 'pool1', 'end_name': 'pool2', 'vta_convs': [2]}, {'start_point_idx': 4, 'end_point_idx': 10, 'start_name': 'pool3', 'end_name': 'dual_pre_logits', 'vta_convs': [4, 5, 6, 7, 8, 9, 11]}]",2,"[{'device': 'cpu', 'input_point': 'data', 'output_point': 'pool1', 'convs': [0, 1]}, {'device': 'vta', 'input_point': 'pool1', 'output_point': 'pool2', 'convs': [2]}, {'device': 'cpu', 'input_point': 'pool2', 'output_point': 'pool3', 'convs': [3]}, {'device': 'vta', 'input_point': 'pool3', 'output_point': 'dual_pre_logits', 'convs': [4, 5, 6, 7, 8, 9, 11]}, {'device': 'cpu', 'input_point': 'dual_pre_logits', 'output_point': 'output', 'convs': [10, 12], 'is_tail': True}]",5.0,cpu/vta/cpu/vta/cpu,"[0, 1]","[10, 12]","[[0, 1], [3], [10, 12]]","[[2], [4, 5, 6, 7, 8, 9, 11]]","[2, 4, 5, 6, 7, 8, 9, 11]","[2, 3, 4, 10]","[0, 1, 2, 3, 4, 5, 6, 7, 8, 9, 11]",140.17535999999998,4.877032727272727,7.152981333333333,0.16,0.0,20.05876363636364,5.0,1.0,0.0,1.0,"[83.06688, 60.412276363636366, 20.05876363636364]","[12.460032, 127.71532799999999]",140.17535999999998,10729472,68.4357818181818,269.6886322424242,765.5157868653063,393.6454208981447,2.5403572527743155,True,safe,,,per_stage_quantization_experimental;non_pool4_start_boundary_experimental;cpu_tail_requires_serial_raw_gate;cpu_to_vta_boundary_requires_pack_quant:pool1;vta_to_cpu_boundary_requires_unpack_dequant:pool2;cpu_to_vta_boundary_requires_pack_quant:pool3;vta_to_cpu_boundary_requires_unpack_dequant:small_pre26;vta_to_cpu_boundary_requires_unpack_dequant:big64,buildable,vta/tutorials/frontend/report_out/yolov3_tiny_pipeline_baseline/20260514_yolo_multisplit100/packages/yolo_multi_pool1_pool2__pool3_dual_pre_logits,
yolo_multi_pool1_trunk12__shared13_dual_pre_logits,pool1,dual_pre_logits,"['small_pre26', 'big64']",True,"[{'start_point_idx': 2, 'end_point_idx': 6, 'start_name': 'pool1', 'end_name': 'trunk12', 'vta_convs': [2, 3, 4, 5, 6]}, {'start_point_idx': 7, 'end_point_idx': 10, 'start_name': 'shared13', 'end_name': 'dual_pre_logits', 'vta_convs': [8, 9, 11]}]",2,"[{'device': 'cpu', 'input_point': 'data', 'output_point': 'pool1', 'convs': [0, 1]}, {'device': 'vta', 'input_point': 'pool1', 'output_point': 'trunk12', 'convs': [2, 3, 4, 5, 6]}, {'device': 'cpu', 'input_point': 'trunk12', 'output_point': 'shared13', 'convs': [7]}, {'device': 'vta', 'input_point': 'shared13', 'output_point': 'dual_pre_logits', 'convs': [8, 9, 11]}, {'device': 'cpu', 'input_point': 'dual_pre_logits', 'output_point': 'output', 'convs': [10, 12], 'is_tail': True}]",5.0,cpu/vta/cpu/vta/cpu,"[0, 1]","[10, 12]","[[0, 1], [7], [10, 12]]","[[2, 3, 4, 5, 6], [8, 9, 11]]","[2, 3, 4, 5, 6, 8, 9, 11]","[2, 6, 7, 10]","[0, 1, 2, 3, 4, 5, 6, 7, 8, 9, 11]",149.86649599999998,4.011752727272728,5.883903999999999,0.16,0.0,20.05876363636364,5.0,0.0,0.0,1.0,"[83.06688, 13.424950303030304, 20.05876363636364]","[99.680256, 50.18624]",149.86649599999998,8825856,98.30367418181817,268.6595409454545,770.1886781566122,394.041825248244,2.537801664506061,True,safe,build_failed,,per_stage_quantization_experimental;non_pool4_start_boundary_experimental;cpu_tail_requires_serial_raw_gate;route_branch_cpu_to_vta_boundary;cpu_to_vta_boundary_requires_pack_quant:pool1;vta_to_cpu_boundary_requires_unpack_dequant:route23;vta_to_cpu_boundary_requires_unpack_dequant:trunk34;cpu_to_vta_boundary_requires_pack_quant:route23;cpu_to_vta_boundary_requires_pack_quant:shared38;vta_to_cpu_boundary_requires_unpack_dequant:small_pre26;vta_to_cpu_boundary_requires_unpack_dequant:big64,build_failed,," [bt] (6) /home/orange/code/tvm/build/libtvm.so(tvm::transform::Pass::operator()(tvm::IRModule, tvm::transform::PassContext const&) const+0x3d4) [0x75ad03bce3f4]
  [bt] (5) /home/orange/code/tvm/build/libtvm.so(tvm::transform::ModulePassNode::operator()(tvm::IRModule, tvm::transform::PassContext const&) const+0x1bf) [0x75ad03bd76df]
  [bt] (4) /home/orange/code/tvm/build/libtvm.so(+0x287c5f7) [0x75ad0567c5f7]
  [bt] (3) /home/orange/code/tvm/build/libtvm.so(tvm::relay::TypeInferencer::Infer(tvm::GlobalVar, tvm::relay::Function)+0xc9) [0x75ad05674119]
  [bt] (2) /home/orange/code/tvm/build/libtvm.so(+0x24f2629) [0x75ad052f2629]
  [bt] (1) /home/orange/code/tvm/build/libtvm.so(+0x99d3ab) [0x75ad0379d3ab]
  [bt] (0) /home/orange/code/tvm/build/libtvm.so(tvm::runtime::Backtrace[abi:cxx11]()+0x25) [0x75ad05bfbd95]
  File ""/home/orange/code/tvm/src/relay/analysis/type_solver.cc"", line 643
InternalError: Check failed: (false) is false: relay.concatenate requires all tensors have the same ndim"
yolo_multi_pool3_shared13__small_pre18_logits,pool3,logits,"['small_logits51', 'big_logits66']",True,"[{'start_point_idx': 4, 'end_point_idx': 7, 'start_name': 'pool3', 'end_name': 'shared13', 'vta_convs': [4, 5, 6, 7]}, {'start_point_idx': 8, 'end_point_idx': 11, 'start_name': 'small_pre18', 'end_name': 'logits', 'vta_convs': [9, 10, 11, 12]}]",2,"[{'device': 'cpu', 'input_point': 'data', 'output_point': 'pool3', 'convs': [0, 1, 2, 3]}, {'device': 'vta', 'input_point': 'pool3', 'output_point': 'shared13', 'convs': [4, 5, 6, 7]}, {'device': 'cpu', 'input_point': 'shared13', 'output_point': 'small_pre18', 'convs': [8]}, {'device': 'vta', 'input_point': 'small_pre18', 'output_point': 'logits', 'convs': [9, 10, 11, 12]}, {'device': 'cpu', 'input_point': 'logits', 'output_point': 'output', 'convs': [], 'is_tail': True}]",5.0,cpu/vta/cpu/vta/cpu,"[0, 1, 2, 3]",[],"[[0, 1, 2, 3], [8], []]","[[4, 5, 6, 7], [9, 10, 11, 12]]","[4, 5, 6, 7, 9, 10, 11, 12]","[4, 7, 8, 11]","[0, 1, 2, 3, 4, 5, 6, 7, 8, 9, 10, 11, 12]",203.89143272727273,1.8470163636363637,2.708957333333333,0.16,0.0,0.0,5.0,0.0,0.0,1.0,"[203.89143272727273, 1.678118787878788, 0.0]","[77.529088, 53.977247999999996]",131.506336,4063436,72.38509672727272,265.4977192969697,796.238529933146,398.18292195601373,2.5114085634000833,True,safe,,,per_stage_quantization_experimental;non_pool4_start_boundary_experimental;cpu_tail_requires_serial_raw_gate;route_branch_cpu_to_vta_boundary;logits_boundary_experimental;cpu_to_vta_boundary_requires_pack_quant:pool3;vta_to_cpu_boundary_requires_unpack_dequant:route23;vta_to_cpu_boundary_requires_unpack_dequant:shared38;cpu_to_vta_boundary_requires_pack_quant:route23;cpu_to_vta_boundary_requires_pack_quant:shared38;cpu_to_vta_boundary_requires_pack_quant:small42;vta_to_cpu_boundary_requires_unpack_dequant:small_logits51;vta_to_cpu_boundary_requires_unpack_dequant:big_logits66,buildable,vta/tutorials/frontend/report_out/yolov3_tiny_pipeline_baseline/20260514_yolo_multisplit100/packages/yolo_multi_pool3_shared13__small_pre18_logits,
yolo_multi_pool3_trunk12__shared13_logits,pool3,logits,"['small_logits51', 'big_logits66']",True,"[{'start_point_idx': 4, 'end_point_idx': 6, 'start_name': 'pool3', 'end_name': 'trunk12', 'vta_convs': [4, 5, 6]}, {'start_point_idx': 7, 'end_point_idx': 11, 'start_name': 'shared13', 'end_name': 'logits', 'vta_convs': [8, 9, 10, 11, 12]}]",2,"[{'device': 'cpu', 'input_point': 'data', 'output_point': 'pool3', 'convs': [0, 1, 2, 3]}, {'device': 'vta', 'input_point': 'pool3', 'output_point': 'trunk12', 'convs': [4, 5, 6]}, {'device': 'cpu', 'input_point': 'trunk12', 'output_point': 'shared13', 'convs': [7]}, {'device': 'vta', 'input_point': 'shared13', 'output_point': 'logits', 'convs': [8, 9, 10, 11, 12]}, {'device': 'cpu', 'input_point': 'logits', 'output_point': 'output', 'convs': [], 'is_tail': True}]",5.0,cpu/vta/cpu/vta/cpu,"[0, 1, 2, 3]",[],"[[0, 1, 2, 3], [7], []]","[[4, 5, 6], [8, 9, 10, 11, 12]]","[4, 5, 6, 8, 9, 10, 11, 12]","[4, 6, 7, 11]","[0, 1, 2, 3, 4, 5, 6, 7, 8, 9, 10, 11, 12]",203.89143272727273,2.043670909090909,2.9973840000000003,0.16,0.0,0.0,5.0,0.0,0.0,1.0,"[203.89143272727273, 13.424950303030304, 0.0]","[74.760192, 54.32336]",129.083552,4496076,74.80788072727273,267.55761010909094,796.238529933146,399.7278400651047,2.5017021577409455,True,safe,build_failed,,per_stage_quantization_experimental;non_pool4_start_boundary_experimental;cpu_tail_requires_serial_raw_gate;route_branch_cpu_to_vta_boundary;logits_boundary_experimental;cpu_to_vta_boundary_requires_pack_quant:pool3;vta_to_cpu_boundary_requires_unpack_dequant:route23;vta_to_cpu_boundary_requires_unpack_dequant:trunk34;cpu_to_vta_boundary_requires_pack_quant:route23;cpu_to_vta_boundary_requires_pack_quant:shared38;vta_to_cpu_boundary_requires_unpack_dequant:small_logits51;vta_to_cpu_boundary_requires_unpack_dequant:big_logits66,build_failed,," [bt] (6) /home/orange/code/tvm/build/libtvm.so(tvm::transform::Pass::operator()(tvm::IRModule, tvm::transform::PassContext const&) const+0x3d4) [0x75ad03bce3f4]
  [bt] (5) /home/orange/code/tvm/build/libtvm.so(tvm::transform::ModulePassNode::operator()(tvm::IRModule, tvm::transform::PassContext const&) const+0x1bf) [0x75ad03bd76df]
  [bt] (4) /home/orange/code/tvm/build/libtvm.so(+0x287c5f7) [0x75ad0567c5f7]
  [bt] (3) /home/orange/code/tvm/build/libtvm.so(tvm::relay::TypeInferencer::Infer(tvm::GlobalVar, tvm::relay::Function)+0xc9) [0x75ad05674119]
  [bt] (2) /home/orange/code/tvm/build/libtvm.so(+0x24f2629) [0x75ad052f2629]
  [bt] (1) /home/orange/code/tvm/build/libtvm.so(+0x99d3ab) [0x75ad0379d3ab]
  [bt] (0) /home/orange/code/tvm/build/libtvm.so(tvm::runtime::Backtrace[abi:cxx11]()+0x25) [0x75ad05bfbd95]
  File ""/home/orange/code/tvm/src/relay/analysis/type_solver.cc"", line 643
InternalError: Check failed: (false) is false: relay.concatenate requires all tensors have the same ndim"
yolo_multi_pool3_trunk12__small_pre18_logits,pool3,logits,"['small_logits51', 'big_logits66']",True,"[{'start_point_idx': 4, 'end_point_idx': 6, 'start_name': 'pool3', 'end_name': 'trunk12', 'vta_convs': [4, 5, 6]}, {'start_point_idx': 8, 'end_point_idx': 11, 'start_name': 'small_pre18', 'end_name': 'logits', 'vta_convs': [9, 10, 11, 12]}]",2,"[{'device': 'cpu', 'input_point': 'data', 'output_point': 'pool3', 'convs': [0, 1, 2, 3]}, {'device': 'vta', 'input_point': 'pool3', 'output_point': 'trunk12', 'convs': [4, 5, 6]}, {'device': 'cpu', 'input_point': 'trunk12', 'output_point': 'small_pre18', 'convs': [7, 8]}, {'device': 'vta', 'input_point': 'small_pre18', 'output_point': 'logits', 'convs': [9, 10, 11, 12]}, {'device': 'cpu', 'input_point': 'logits', 'output_point': 'output', 'convs': [], 'is_tail': True}]",5.0,cpu/vta/cpu/vta/cpu,"[0, 1, 2, 3]",[],"[[0, 1, 2, 3], [7, 8], []]","[[4, 5, 6], [9, 10, 11, 12]]","[4, 5, 6, 9, 10, 11, 12]","[4, 6, 8, 11]","[0, 1, 2, 3, 4, 5, 6, 7, 8, 9, 10, 11, 12]",203.89143272727273,2.083001818181818,3.0550693333333334,0.16,0.0,0.0,5.0,0.0,0.0,1.0,"[203.89143272727273, 15.103069090909091, 0.0]","[74.760192, 53.977247999999996]",128.73744,4582604,75.15399272727274,267.87959915151515,796.238529933146,399.96933184692284,2.500191690653728,True,safe,,,per_stage_quantization_experimental;non_pool4_start_boundary_experimental;cpu_tail_requires_serial_raw_gate;route_branch_cpu_to_vta_boundary;logits_boundary_experimental;cpu_to_vta_boundary_requires_pack_quant:pool3;vta_to_cpu_boundary_requires_unpack_dequant:route23;vta_to_cpu_boundary_requires_unpack_dequant:trunk34;cpu_to_vta_boundary_requires_pack_quant:route23;cpu_to_vta_boundary_requires_pack_quant:shared38;cpu_to_vta_boundary_requires_pack_quant:small42;vta_to_cpu_boundary_requires_unpack_dequant:small_logits51;vta_to_cpu_boundary_requires_unpack_dequant:big_logits66,buildable,vta/tutorials/frontend/report_out/yolov3_tiny_pipeline_baseline/20260514_yolo_multisplit100/packages/yolo_multi_pool3_trunk12__small_pre18_logits,
yolo_multi_pool0_pool1__pool3_dual_pre_logits,pool0,dual_pre_logits,"['small_pre26', 'big64']",False,"[{'start_point_idx': 1, 'end_point_idx': 2, 'start_name': 'pool0', 'end_name': 'pool1', 'vta_convs': [1]}, {'start_point_idx': 4, 'end_point_idx': 10, 'start_name': 'pool3', 'end_name': 'dual_pre_logits', 'vta_convs': [4, 5, 6, 7, 8, 9, 11]}]",2,"[{'device': 'cpu', 'input_point': 'data', 'output_point': 'pool0', 'convs': [0]}, {'device': 'vta', 'input_point': 'pool0', 'output_point': 'pool1', 'convs': [1]}, {'device': 'cpu', 'input_point': 'pool1', 'output_point': 'pool3', 'convs': [2, 3]}, {'device': 'vta', 'input_point': 'pool3', 'output_point': 'dual_pre_logits', 'convs': [4, 5, 6, 7, 8, 9, 11]}, {'device': 'cpu', 'input_point': 'dual_pre_logits', 'output_point': 'output', 'convs': [10, 12], 'is_tail': True}]",5.0,cpu/vta/cpu/vta/cpu,[0],"[10, 12]","[[0], [2, 3], [10, 12]]","[[1], [4, 5, 6, 7, 8, 9, 11]]","[1, 4, 5, 6, 7, 8, 9, 11]","[1, 2, 4, 10]","[0, 1, 2, 3, 4, 5, 6, 7, 8, 9, 11]",140.17535999999998,8.652800000000001,12.690773333333334,0.16,0.0,20.05876363636364,5.0,1.0,0.0,1.0,"[22.65460363636364, 120.82455272727273, 20.05876363636364]","[12.460032, 127.71532799999999]",140.17535999999998,19036160,68.4357818181818,279.0021915151515,765.5157868653063,400.6305903526902,2.4960650137066724,True,safe,,,per_stage_quantization_experimental;non_pool4_start_boundary_experimental;cpu_tail_requires_serial_raw_gate;cpu_to_vta_boundary_requires_pack_quant:pool0;vta_to_cpu_boundary_requires_unpack_dequant:pool1;cpu_to_vta_boundary_requires_pack_quant:pool3;vta_to_cpu_boundary_requires_unpack_dequant:small_pre26;vta_to_cpu_boundary_requires_unpack_dequant:big64,buildable,vta/tutorials/frontend/report_out/yolov3_tiny_pipeline_baseline/20260514_yolo_multisplit100/packages/yolo_multi_pool0_pool1__pool3_dual_pre_logits,
yolo_multi_pool3_trunk12__shared13_dual_pre18_14,pool3,dual_pre18_14,"['route23', 'small42', 'big64']",True,"[{'start_point_idx': 4, 'end_point_idx': 6, 'start_name': 'pool3', 'end_name': 'trunk12', 'vta_convs': [4, 5, 6]}, {'start_point_idx': 7, 'end_point_idx': 9, 'start_name': 'shared13', 'end_name': 'dual_pre18_14', 'vta_convs': [8, 11]}]",2,"[{'device': 'cpu', 'input_point': 'data', 'output_point': 'pool3', 'convs': [0, 1, 2, 3]}, {'device': 'vta', 'input_point': 'pool3', 'output_point': 'trunk12', 'convs': [4, 5, 6]}, {'device': 'cpu', 'input_point': 'trunk12', 'output_point': 'shared13', 'convs': [7]}, {'device': 'vta', 'input_point': 'shared13', 'output_point': 'dual_pre18_14', 'convs': [8, 11]}, {'device': 'cpu', 'input_point': 'dual_pre18_14', 'output_point': 'output', 'convs': [9, 10, 12], 'is_tail': True}]",5.0,cpu/vta/cpu/vta/cpu,"[0, 1, 2, 3]","[9, 10, 12]","[[0, 1, 2, 3], [7], [9, 10, 12]]","[[4, 5, 6], [8, 11]]","[4, 5, 6, 8, 11]","[4, 6, 7, 9]","[0, 1, 2, 3, 4, 5, 6, 7, 8, 11]",203.89143272727273,2.1632000000000002,3.1726933333333336,0.16,0.0,201.29559272727275,5.0,1.0,0.0,1.0,"[203.89143272727273, 13.424950303030304, 201.29559272727275]","[74.760192, 12.806144]",87.566336,4759040,59.46046836363635,269.8766304969697,796.238529933146,401.4671053560138,2.4908640998450373,True,safe,,,per_stage_quantization_experimental;non_pool4_start_boundary_experimental;cpu_tail_requires_serial_raw_gate;route_branch_cpu_to_vta_boundary;concat_route_cpu_tail_boundary;cpu_to_vta_boundary_requires_pack_quant:pool3;vta_to_cpu_boundary_requires_unpack_dequant:route23;vta_to_cpu_boundary_requires_unpack_dequant:trunk34;cpu_to_vta_boundary_requires_pack_quant:route23;cpu_to_vta_boundary_requires_pack_quant:shared38;vta_to_cpu_boundary_requires_unpack_dequant:route23;vta_to_cpu_boundary_requires_unpack_dequant:small42;vta_to_cpu_boundary_requires_unpack_dequant:big64,buildable,vta/tutorials/frontend/report_out/yolov3_tiny_pipeline_baseline/20260514_yolo_multisplit100/packages/yolo_multi_pool3_trunk12__shared13_dual_pre18_14,
yolo_multi_pool0_shared13__dual_pre18_14_logits,pool0,logits,"['small_logits51', 'big_logits66']",True,"[{'start_point_idx': 1, 'end_point_idx': 7, 'start_name': 'pool0', 'end_name': 'shared13', 'vta_convs': [1, 2, 3, 4, 5, 6, 7]}, {'start_point_idx': 9, 'end_point_idx': 11, 'start_name': 'dual_pre18_14', 'end_name': 'logits', 'vta_convs': [9, 10, 12]}]",2,"[{'device': 'cpu', 'input_point': 'data', 'output_point': 'pool0', 'convs': [0]}, {'device': 'vta', 'input_point': 'pool0', 'output_point': 'shared13', 'convs': [1, 2, 3, 4, 5, 6, 7]}, {'device': 'cpu', 'input_point': 'shared13', 'output_point': 'dual_pre18_14', 'convs': [8, 11]}, {'device': 'vta', 'input_point': 'dual_pre18_14', 'output_point': 'logits', 'convs': [9, 10, 12]}, {'device': 'cpu', 'input_point': 'logits', 'output_point': 'output', 'convs': [], 'is_tail': True}]",5.0,cpu/vta/cpu/vta/cpu,[0],[],"[[0], [8, 11], []]","[[1, 2, 3, 4, 5, 6, 7], [9, 10, 12]]","[1, 2, 3, 4, 5, 6, 7, 9, 10, 12]","[1, 7, 9, 11]","[0, 1, 2, 3, 4, 5, 6, 7, 8, 9, 10, 11, 12]",156.4264,6.33074,9.285085333333333,0.16,0.0,0.0,5.0,0.0,0.0,1.0,"[22.65460363636364, 62.09039515151515, 0.0]","[114.909184, 41.517216000000005]",156.4264,13927628,94.33600484848485,278.36062848484846,773.3517457550242,402.10840780239243,2.4868915461509786,True,safe,,,per_stage_quantization_experimental;non_pool4_start_boundary_experimental;cpu_tail_requires_serial_raw_gate;route_branch_cpu_to_vta_boundary;logits_boundary_experimental;cpu_to_vta_boundary_requires_pack_quant:pool0;vta_to_cpu_boundary_requires_unpack_dequant:route23;vta_to_cpu_boundary_requires_unpack_dequant:shared38;cpu_to_vta_boundary_requires_pack_quant:route23;cpu_to_vta_boundary_requires_pack_quant:small42;cpu_to_vta_boundary_requires_pack_quant:big64;vta_to_cpu_boundary_requires_unpack_dequant:small_logits51;vta_to_cpu_boundary_requires_unpack_dequant:big_logits66,buildable,vta/tutorials/frontend/report_out/yolov3_tiny_pipeline_baseline/20260514_yolo_multisplit100/packages/yolo_multi_pool0_shared13__dual_pre18_14_logits,
yolo_multi_pool1_trunk12__small_pre18_dual_pre_logits,pool1,dual_pre_logits,"['small_pre26', 'big64']",True,"[{'start_point_idx': 2, 'end_point_idx': 6, 'start_name': 'pool1', 'end_name': 'trunk12', 'vta_convs': [2, 3, 4, 5, 6]}, {'start_point_idx': 8, 'end_point_idx': 10, 'start_name': 'small_pre18', 'end_name': 'dual_pre_logits', 'vta_convs': [9, 11]}]",2,"[{'device': 'cpu', 'input_point': 'data', 'output_point': 'pool1', 'convs': [0, 1]}, {'device': 'vta', 'input_point': 'pool1', 'output_point': 'trunk12', 'convs': [2, 3, 4, 5, 6]}, {'device': 'cpu', 'input_point': 'trunk12', 'output_point': 'small_pre18', 'convs': [7, 8]}, {'device': 'vta', 'input_point': 'small_pre18', 'output_point': 'dual_pre_logits', 'convs': [9, 11]}, {'device': 'cpu', 'input_point': 'dual_pre_logits', 'output_point': 'output', 'convs': [10, 12], 'is_tail': True}]",5.0,cpu/vta/cpu/vta/cpu,"[0, 1]","[10, 12]","[[0, 1], [7, 8], [10, 12]]","[[2, 3, 4, 5, 6], [9, 11]]","[2, 3, 4, 5, 6, 9, 11]","[2, 6, 8, 10]","[0, 1, 2, 3, 4, 5, 6, 7, 8, 9, 11]",149.520384,4.051083636363637,5.941589333333334,0.16,0.0,20.05876363636364,5.0,1.0,0.0,1.0,"[83.06688, 15.103069090909091, 20.05876363636364]","[99.680256, 49.840128]",149.520384,8912384,97.95756218181819,280.1854723878788,770.0217891819227,402.64455158638975,2.4835801106958333,True,safe,,,per_stage_quantization_experimental;non_pool4_start_boundary_experimental;cpu_tail_requires_serial_raw_gate;route_branch_cpu_to_vta_boundary;cpu_to_vta_boundary_requires_pack_quant:pool1;vta_to_cpu_boundary_requires_unpack_dequant:route23;vta_to_cpu_boundary_requires_unpack_dequant:trunk34;cpu_to_vta_boundary_requires_pack_quant:route23;cpu_to_vta_boundary_requires_pack_quant:shared38;cpu_to_vta_boundary_requires_pack_quant:small42;vta_to_cpu_boundary_requires_unpack_dequant:small_pre26;vta_to_cpu_boundary_requires_unpack_dequant:big64,buildable,vta/tutorials/frontend/report_out/yolov3_tiny_pipeline_baseline/20260514_yolo_multisplit100/packages/yolo_multi_pool1_trunk12__small_pre18_dual_pre_logits,
yolo_multi_pool0_pool3__pool4_route_logits,pool0,logits,"['small_logits51', 'big_logits66']",True,"[{'start_point_idx': 1, 'end_point_idx': 4, 'start_name': 'pool0', 'end_name': 'pool3', 'vta_convs': [1, 2, 3]}, {'start_point_idx': 5, 'end_point_idx': 11, 'start_name': 'pool4_route', 'end_name': 'logits', 'vta_convs': [5, 6, 7, 8, 9, 10, 11, 12]}]",2,"[{'device': 'cpu', 'input_point': 'data', 'output_point': 'pool0', 'convs': [0]}, {'device': 'vta', 'input_point': 'pool0', 'output_point': 'pool3', 'convs': [1, 2, 3]}, {'device': 'cpu', 'input_point': 'pool3', 'output_point': 'pool4_route', 'convs': [4]}, {'device': 'vta', 'input_point': 'pool4_route', 'output_point': 'logits', 'convs': [5, 6, 7, 8, 9, 10, 11, 12]}, {'device': 'cpu', 'input_point': 'logits', 'output_point': 'output', 'convs': [], 'is_tail': True}]",5.0,cpu/vta/cpu/vta/cpu,[0],[],"[[0], [4], []]","[[1, 2, 3], [5, 6, 7, 8, 9, 10, 11, 12]]","[1, 2, 3, 5, 6, 7, 8, 9, 10, 11, 12]","[1, 4, 5, 11]","[0, 1, 2, 3, 4, 5, 6, 7, 8, 9, 10, 11, 12]",156.772512,6.3700709090909085,9.342770666666667,0.16,0.0,0.0,5.0,0.0,0.0,1.0,"[22.65460363636364, 60.412276363636366, 0.0]","[37.380096, 119.392416]",156.772512,14014156,96.36023563636364,280.11950673939396,773.5186347297137,403.4692887369739,2.4785033902590565,True,safe,build_failed,,per_stage_quantization_experimental;non_pool4_start_boundary_experimental;cpu_tail_requires_serial_raw_gate;route_branch_cpu_to_vta_boundary;logits_boundary_experimental;cpu_to_vta_boundary_requires_pack_quant:pool0;vta_to_cpu_boundary_requires_unpack_dequant:pool3;cpu_to_vta_boundary_requires_pack_quant:pool4_route;cpu_to_vta_boundary_requires_pack_quant:route23;vta_to_cpu_boundary_requires_unpack_dequant:small_logits51;vta_to_cpu_boundary_requires_unpack_dequant:big_logits66,build_failed,," [bt] (6) /home/orange/code/tvm/build/libtvm.so(tvm::transform::Pass::operator()(tvm::IRModule, tvm::transform::PassContext const&) const+0x3d4) [0x75ad03bce3f4]
  [bt] (5) /home/orange/code/tvm/build/libtvm.so(tvm::transform::ModulePassNode::operator()(tvm::IRModule, tvm::transform::PassContext const&) const+0x1bf) [0x75ad03bd76df]
  [bt] (4) /home/orange/code/tvm/build/libtvm.so(+0x287c5f7) [0x75ad0567c5f7]
  [bt] (3) /home/orange/code/tvm/build/libtvm.so(tvm::relay::TypeInferencer::Infer(tvm::GlobalVar, tvm::relay::Function)+0xc9) [0x75ad05674119]
  [bt] (2) /home/orange/code/tvm/build/libtvm.so(+0x24f2629) [0x75ad052f2629]
  [bt] (1) /home/orange/code/tvm/build/libtvm.so(+0x99d3ab) [0x75ad0379d3ab]
  [bt] (0) /home/orange/code/tvm/build/libtvm.so(tvm::runtime::Backtrace[abi:cxx11]()+0x25) [0x75ad05bfbd95]
  File ""/home/orange/code/tvm/src/relay/analysis/type_solver.cc"", line 643
InternalError: Check failed: (false) is false: relay.concatenate requires all tensors have the same ndim"
yolo_multi_pool0_small_pre18__dual_pre18_14_logits,pool0,logits,"['small_logits51', 'big_logits66']",True,"[{'start_point_idx': 1, 'end_point_idx': 8, 'start_name': 'pool0', 'end_name': 'small_pre18', 'vta_convs': [1, 2, 3, 4, 5, 6, 7, 8]}, {'start_point_idx': 9, 'end_point_idx': 11, 'start_name': 'dual_pre18_14', 'end_name': 'logits', 'vta_convs': [9, 10, 12]}]",2,"[{'device': 'cpu', 'input_point': 'data', 'output_point': 'pool0', 'convs': [0]}, {'device': 'vta', 'input_point': 'pool0', 'output_point': 'small_pre18', 'convs': [1, 2, 3, 4, 5, 6, 7, 8]}, {'device': 'cpu', 'input_point': 'small_pre18', 'output_point': 'dual_pre18_14', 'convs': [11]}, {'device': 'vta', 'input_point': 'dual_pre18_14', 'output_point': 'logits', 'convs': [9, 10, 12]}, {'device': 'cpu', 'input_point': 'logits', 'output_point': 'output', 'convs': [], 'is_tail': True}]",5.0,cpu/vta/cpu/vta/cpu,[0],[],"[[0], [11], []]","[[1, 2, 3, 4, 5, 6, 7, 8], [9, 10, 12]]","[1, 2, 3, 4, 5, 6, 7, 8, 9, 10, 12]","[1, 8, 9, 11]","[0, 1, 2, 3, 4, 5, 6, 7, 8, 9, 10, 11, 12]",156.772512,6.3700709090909085,9.342770666666667,0.16,0.0,0.0,5.0,0.0,0.0,1.0,"[22.65460363636364, 60.412276363636366, 0.0]","[115.25529599999999, 41.517216000000005]",156.772512,14014156,96.36023563636364,280.11950673939396,773.5186347297137,403.4692887369739,2.4785033902590565,True,safe,,,per_stage_quantization_experimental;non_pool4_start_boundary_experimental;cpu_tail_requires_serial_raw_gate;route_branch_cpu_to_vta_boundary;logits_boundary_experimental;cpu_to_vta_boundary_requires_pack_quant:pool0;vta_to_cpu_boundary_requires_unpack_dequant:route23;vta_to_cpu_boundary_requires_unpack_dequant:shared38;vta_to_cpu_boundary_requires_unpack_dequant:small42;cpu_to_vta_boundary_requires_pack_quant:route23;cpu_to_vta_boundary_requires_pack_quant:small42;cpu_to_vta_boundary_requires_pack_quant:big64;vta_to_cpu_boundary_requires_unpack_dequant:small_logits51;vta_to_cpu_boundary_requires_unpack_dequant:big_logits66,buildable,vta/tutorials/frontend/report_out/yolov3_tiny_pipeline_baseline/20260514_yolo_multisplit100/packages/yolo_multi_pool0_small_pre18__dual_pre18_14_logits,
yolo_multi_pool3_small_pre18__dual_pre18_14_logits,pool3,logits,"['small_logits51', 'big_logits66']",True,"[{'start_point_idx': 4, 'end_point_idx': 8, 'start_name': 'pool3', 'end_name': 'small_pre18', 'vta_convs': [4, 5, 6, 7, 8]}, {'start_point_idx': 9, 'end_point_idx': 11, 'start_name': 'dual_pre18_14', 'end_name': 'logits', 'vta_convs': [9, 10, 12]}]",2,"[{'device': 'cpu', 'input_point': 'data', 'output_point': 'pool3', 'convs': [0, 1, 2, 3]}, {'device': 'vta', 'input_point': 'pool3', 'output_point': 'small_pre18', 'convs': [4, 5, 6, 7, 8]}, {'device': 'cpu', 'input_point': 'small_pre18', 'output_point': 'dual_pre18_14', 'convs': [11]}, {'device': 'vta', 'input_point': 'dual_pre18_14', 'output_point': 'logits', 'convs': [9, 10, 12]}, {'device': 'cpu', 'input_point': 'logits', 'output_point': 'output', 'convs': [], 'is_tail': True}]",5.0,cpu/vta/cpu/vta/cpu,"[0, 1, 2, 3]",[],"[[0, 1, 2, 3], [11], []]","[[4, 5, 6, 7, 8], [9, 10, 12]]","[4, 5, 6, 7, 8, 9, 10, 12]","[4, 8, 9, 11]","[0, 1, 2, 3, 4, 5, 6, 7, 8, 9, 10, 11, 12]",203.89143272727273,1.9650090909090907,2.882013333333333,0.16,0.0,0.0,5.0,0.0,0.0,1.0,"[203.89143272727273, 60.412276363636366, 0.0]","[77.8752, 41.517216000000005]",119.39241600000001,4323020,84.49901672727272,273.66281602424243,796.238529933146,404.3067445014683,2.4733695729786875,True,safe,,,per_stage_quantization_experimental;non_pool4_start_boundary_experimental;cpu_tail_requires_serial_raw_gate;route_branch_cpu_to_vta_boundary;logits_boundary_experimental;cpu_to_vta_boundary_requires_pack_quant:pool3;vta_to_cpu_boundary_requires_unpack_dequant:route23;vta_to_cpu_boundary_requires_unpack_dequant:shared38;vta_to_cpu_boundary_requires_unpack_dequant:small42;cpu_to_vta_boundary_requires_pack_quant:route23;cpu_to_vta_boundary_requires_pack_quant:small42;cpu_to_vta_boundary_requires_pack_quant:big64;vta_to_cpu_boundary_requires_unpack_dequant:small_logits51;vta_to_cpu_boundary_requires_unpack_dequant:big_logits66,buildable,vta/tutorials/frontend/report_out/yolov3_tiny_pipeline_baseline/20260514_yolo_multisplit100/packages/yolo_multi_pool3_small_pre18__dual_pre18_14_logits,
yolo_multi_pool3_shared13__dual_pre18_14_logits,pool3,logits,"['small_logits51', 'big_logits66']",True,"[{'start_point_idx': 4, 'end_point_idx': 7, 'start_name': 'pool3', 'end_name': 'shared13', 'vta_convs': [4, 5, 6, 7]}, {'start_point_idx': 9, 'end_point_idx': 11, 'start_name': 'dual_pre18_14', 'end_name': 'logits', 'vta_convs': [9, 10, 12]}]",2,"[{'device': 'cpu', 'input_point': 'data', 'output_point': 'pool3', 'convs': [0, 1, 2, 3]}, {'device': 'vta', 'input_point': 'pool3', 'output_point': 'shared13', 'convs': [4, 5, 6, 7]}, {'device': 'cpu', 'input_point': 'shared13', 'output_point': 'dual_pre18_14', 'convs': [8, 11]}, {'device': 'vta', 'input_point': 'dual_pre18_14', 'output_point': 'logits', 'convs': [9, 10, 12]}, {'device': 'cpu', 'input_point': 'logits', 'output_point': 'output', 'convs': [], 'is_tail': True}]",5.0,cpu/vta/cpu/vta/cpu,"[0, 1, 2, 3]",[],"[[0, 1, 2, 3], [8, 11], []]","[[4, 5, 6, 7], [9, 10, 12]]","[4, 5, 6, 7, 9, 10, 12]","[4, 7, 9, 11]","[0, 1, 2, 3, 4, 5, 6, 7, 8, 9, 10, 11, 12]",203.89143272727273,1.9256781818181816,2.824328,0.16,0.0,0.0,5.0,0.0,0.0,1.0,"[203.89143272727273, 62.09039515151515, 0.0]","[77.529088, 41.517216000000005]",119.046304,4236492,84.84512872727272,273.7907725818182,796.238529933146,404.4027119196502,2.4727826261429415,True,safe,,,per_stage_quantization_experimental;non_pool4_start_boundary_experimental;cpu_tail_requires_serial_raw_gate;route_branch_cpu_to_vta_boundary;logits_boundary_experimental;cpu_to_vta_boundary_requires_pack_quant:pool3;vta_to_cpu_boundary_requires_unpack_dequant:route23;vta_to_cpu_boundary_requires_unpack_dequant:shared38;cpu_to_vta_boundary_requires_pack_quant:route23;cpu_to_vta_boundary_requires_pack_quant:small42;cpu_to_vta_boundary_requires_pack_quant:big64;vta_to_cpu_boundary_requires_unpack_dequant:small_logits51;vta_to_cpu_boundary_requires_unpack_dequant:big_logits66,buildable,vta/tutorials/frontend/report_out/yolov3_tiny_pipeline_baseline/20260514_yolo_multisplit100/packages/yolo_multi_pool3_shared13__dual_pre18_14_logits,
yolo_multi_pool0_pool2__pool4_route_small_pre18__dual_pre18_14_logits,pool0,logits,"['small_logits51', 'big_logits66']",True,"[{'start_point_idx': 1, 'end_point_idx': 3, 'start_name': 'pool0', 'end_name': 'pool2', 'vta_convs': [1, 2]}, {'start_point_idx': 5, 'end_point_idx': 8, 'start_name': 'pool4_route', 'end_name': 'small_pre18', 'vta_convs': [5, 6, 7, 8]}, {'start_point_idx': 9, 'end_point_idx': 11, 'start_name': 'dual_pre18_14', 'end_name': 'logits', 'vta_convs': [9, 10, 12]}]",3,"[{'device': 'cpu', 'input_point': 'data', 'output_point': 'pool0', 'convs': [0]}, {'device': 'vta', 'input_point': 'pool0', 'output_point': 'pool2', 'convs': [1, 2]}, {'device': 'cpu', 'input_point': 'pool2', 'output_point': 'pool4_route', 'convs': [3, 4]}, {'device': 'vta', 'input_point': 'pool4_route', 'output_point': 'small_pre18', 'convs': [5, 6, 7, 8]}, {'device': 'cpu', 'input_point': 'small_pre18', 'output_point': 'dual_pre18_14', 'convs': [11]}, {'device': 'vta', 'input_point': 'dual_pre18_14', 'output_point': 'logits', 'convs': [9, 10, 12]}, {'device': 'cpu', 'input_point': 'logits', 'output_point': 'output', 'convs': [], 'is_tail': True}]",7.0,cpu/vta/cpu/vta/cpu/vta/cpu,[0],[],"[[0], [3, 4], [11], []]","[[1, 2], [5, 6, 7, 8], [9, 10, 12]]","[1, 2, 5, 6, 7, 8, 9, 10, 12]","[1, 3, 5, 8, 9, 11]","[0, 1, 2, 3, 4, 5, 6, 7, 8, 9, 10, 11, 12]",131.85244799999998,7.9433072727272735,11.650184,0.24,0.0,0.0,7.0,1.0,0.0,0.0,"[22.65460363636364, 120.82455272727273, 60.412276363636366, 0.0]","[24.920064, 65.415168, 41.517216000000005]",131.85244799999998,17475276,41.234033454545425,259.2480610181818,1059.9588236729305,459.425751681869,2.1766302745094133,True,safe,,,per_stage_quantization_experimental;non_pool4_start_boundary_experimental;cpu_tail_requires_serial_raw_gate;route_branch_cpu_to_vta_boundary;logits_boundary_experimental;cpu_to_vta_boundary_requires_pack_quant:pool0;vta_to_cpu_boundary_requires_unpack_dequant:pool2;cpu_to_vta_boundary_requires_pack_quant:pool4_route;cpu_to_vta_boundary_requires_pack_quant:route23;vta_to_cpu_boundary_requires_unpack_dequant:route23;vta_to_cpu_boundary_requires_unpack_dequant:shared38;vta_to_cpu_boundary_requires_unpack_dequant:small42;cpu_to_vta_boundary_requires_pack_quant:route23;cpu_to_vta_boundary_requires_pack_quant:small42;cpu_to_vta_boundary_requires_pack_quant:big64;vta_to_cpu_boundary_requires_unpack_dequant:small_logits51;vta_to_cpu_boundary_requires_unpack_dequant:big_logits66,buildable,vta/tutorials/frontend/report_out/yolov3_tiny_pipeline_baseline/20260514_yolo_multisplit100/packages/yolo_multi_pool0_pool2__pool4_route_small_pre18__dual_pre18_14_logits,
yolo_multi_pool1_pool2__pool4_route_shared13__small_pre18_logits,pool1,logits,"['small_logits51', 'big_logits66']",True,"[{'start_point_idx': 2, 'end_point_idx': 3, 'start_name': 'pool1', 'end_name': 'pool2', 'vta_convs': [2]}, {'start_point_idx': 5, 'end_point_idx': 7, 'start_name': 'pool4_route', 'end_name': 'shared13', 'vta_convs': [5, 6, 7]}, {'start_point_idx': 8, 'end_point_idx': 11, 'start_name': 'small_pre18', 'end_name': 'logits', 'vta_convs': [9, 10, 11, 12]}]",3,"[{'device': 'cpu', 'input_point': 'data', 'output_point': 'pool1', 'convs': [0, 1]}, {'device': 'vta', 'input_point': 'pool1', 'output_point': 'pool2', 'convs': [2]}, {'device': 'cpu', 'input_point': 'pool2', 'output_point': 'pool4_route', 'convs': [3, 4]}, {'device': 'vta', 'input_point': 'pool4_route', 'output_point': 'shared13', 'convs': [5, 6, 7]}, {'device': 'cpu', 'input_point': 'shared13', 'output_point': 'small_pre18', 'convs': [8]}, {'device': 'vta', 'input_point': 'small_pre18', 'output_point': 'logits', 'convs': [9, 10, 11, 12]}, {'device': 'cpu', 'input_point': 'logits', 'output_point': 'output', 'convs': [], 'is_tail': True}]",7.0,cpu/vta/cpu/vta/cpu/vta/cpu,"[0, 1]",[],"[[0, 1], [3, 4], [8], []]","[[2], [5, 6, 7], [9, 10, 11, 12]]","[2, 5, 6, 7, 9, 10, 11, 12]","[2, 3, 5, 7, 8, 11]","[0, 1, 2, 3, 4, 5, 6, 7, 8, 9, 10, 11, 12]",131.506336,5.308136363636364,7.785266666666667,0.24,0.0,0.0,7.0,1.0,0.0,0.0,"[83.06688, 120.82455272727273, 1.678118787878788, 0.0]","[12.460032, 65.069056, 53.977247999999996]",131.506336,11677900,29.56061963636364,260.81414179393937,1059.7919346982412,460.55859002001483,2.1712764058022285,True,safe,,,per_stage_quantization_experimental;non_pool4_start_boundary_experimental;cpu_tail_requires_serial_raw_gate;route_branch_cpu_to_vta_boundary;logits_boundary_experimental;cpu_to_vta_boundary_requires_pack_quant:pool1;vta_to_cpu_boundary_requires_unpack_dequant:pool2;cpu_to_vta_boundary_requires_pack_quant:pool4_route;cpu_to_vta_boundary_requires_pack_quant:route23;vta_to_cpu_boundary_requires_unpack_dequant:route23;vta_to_cpu_boundary_requires_unpack_dequant:shared38;cpu_to_vta_boundary_requires_pack_quant:route23;cpu_to_vta_boundary_requires_pack_quant:shared38;cpu_to_vta_boundary_requires_pack_quant:small42;vta_to_cpu_boundary_requires_unpack_dequant:small_logits51;vta_to_cpu_boundary_requires_unpack_dequant:big_logits66,buildable,vta/tutorials/frontend/report_out/yolov3_tiny_pipeline_baseline/20260514_yolo_multisplit100/packages/yolo_multi_pool1_pool2__pool4_route_shared13__small_pre18_logits,
yolo_multi_pool0_pool2__pool4_route_trunk12__dual_pre18_14_logits,pool0,logits,"['small_logits51', 'big_logits66']",True,"[{'start_point_idx': 1, 'end_point_idx': 3, 'start_name': 'pool0', 'end_name': 'pool2', 'vta_convs': [1, 2]}, {'start_point_idx': 5, 'end_point_idx': 6, 'start_name': 'pool4_route', 'end_name': 'trunk12', 'vta_convs': [5, 6]}, {'start_point_idx': 9, 'end_point_idx': 11, 'start_name': 'dual_pre18_14', 'end_name': 'logits', 'vta_convs': [9, 10, 12]}]",3,"[{'device': 'cpu', 'input_point': 'data', 'output_point': 'pool0', 'convs': [0]}, {'device': 'vta', 'input_point': 'pool0', 'output_point': 'pool2', 'convs': [1, 2]}, {'device': 'cpu', 'input_point': 'pool2', 'output_point': 'pool4_route', 'convs': [3, 4]}, {'device': 'vta', 'input_point': 'pool4_route', 'output_point': 'trunk12', 'convs': [5, 6]}, {'device': 'cpu', 'input_point': 'trunk12', 'output_point': 'dual_pre18_14', 'convs': [7, 8, 11]}, {'device': 'vta', 'input_point': 'dual_pre18_14', 'output_point': 'logits', 'convs': [9, 10, 12]}, {'device': 'cpu', 'input_point': 'logits', 'output_point': 'output', 'convs': [], 'is_tail': True}]",7.0,cpu/vta/cpu/vta/cpu/vta/cpu,[0],[],"[[0], [3, 4], [7, 8, 11], []]","[[1, 2], [5, 6], [9, 10, 12]]","[1, 2, 5, 6, 9, 10, 12]","[1, 3, 5, 6, 9, 11]","[0, 1, 2, 3, 4, 5, 6, 7, 8, 9, 10, 11, 12]",128.73744,8.139961818181819,11.938610666666667,0.24,0.0,0.0,7.0,2.0,0.0,0.0,"[22.65460363636364, 120.82455272727273, 75.51534545454545, 0.0]","[24.920064, 62.30016, 41.517216000000005]",128.73744,17907916,30.567490909090907,261.6848815757576,1058.456822900725,460.87786690699943,2.169772236430243,True,safe,,,per_stage_quantization_experimental;non_pool4_start_boundary_experimental;cpu_tail_requires_serial_raw_gate;route_branch_cpu_to_vta_boundary;logits_boundary_experimental;cpu_to_vta_boundary_requires_pack_quant:pool0;vta_to_cpu_boundary_requires_unpack_dequant:pool2;cpu_to_vta_boundary_requires_pack_quant:pool4_route;cpu_to_vta_boundary_requires_pack_quant:route23;vta_to_cpu_boundary_requires_unpack_dequant:route23;vta_to_cpu_boundary_requires_unpack_dequant:trunk34;cpu_to_vta_boundary_requires_pack_quant:route23;cpu_to_vta_boundary_requires_pack_quant:small42;cpu_to_vta_boundary_requires_pack_quant:big64;vta_to_cpu_boundary_requires_unpack_dequant:small_logits51;vta_to_cpu_boundary_requires_unpack_dequant:big_logits66,buildable,vta/tutorials/frontend/report_out/yolov3_tiny_pipeline_baseline/20260514_yolo_multisplit100/packages/yolo_multi_pool0_pool2__pool4_route_trunk12__dual_pre18_14_logits,
yolo_multi_pool1_pool3__pool4_route_shared13__dual_pre18_14_logits,pool1,logits,"['small_logits51', 'big_logits66']",True,"[{'start_point_idx': 2, 'end_point_idx': 4, 'start_name': 'pool1', 'end_name': 'pool3', 'vta_convs': [2, 3]}, {'start_point_idx': 5, 'end_point_idx': 7, 'start_name': 'pool4_route', 'end_name': 'shared13', 'vta_convs': [5, 6, 7]}, {'start_point_idx': 9, 'end_point_idx': 11, 'start_name': 'dual_pre18_14', 'end_name': 'logits', 'vta_convs': [9, 10, 12]}]",3,"[{'device': 'cpu', 'input_point': 'data', 'output_point': 'pool1', 'convs': [0, 1]}, {'device': 'vta', 'input_point': 'pool1', 'output_point': 'pool3', 'convs': [2, 3]}, {'device': 'cpu', 'input_point': 'pool3', 'output_point': 'pool4_route', 'convs': [4]}, {'device': 'vta', 'input_point': 'pool4_route', 'output_point': 'shared13', 'convs': [5, 6, 7]}, {'device': 'cpu', 'input_point': 'shared13', 'output_point': 'dual_pre18_14', 'convs': [8, 11]}, {'device': 'vta', 'input_point': 'dual_pre18_14', 'output_point': 'logits', 'convs': [9, 10, 12]}, {'device': 'cpu', 'input_point': 'logits', 'output_point': 'output', 'convs': [], 'is_tail': True}]",7.0,cpu/vta/cpu/vta/cpu/vta/cpu,"[0, 1]",[],"[[0, 1], [4], [8, 11], []]","[[2, 3], [5, 6, 7], [9, 10, 12]]","[2, 3, 5, 6, 7, 9, 10, 12]","[2, 4, 5, 7, 9, 11]","[0, 1, 2, 3, 4, 5, 6, 7, 8, 9, 10, 11, 12]",131.506336,4.757503636363636,6.977672,0.24,0.0,0.0,7.0,1.0,0.0,0.0,"[83.06688, 60.412276363636366, 62.09039515151515, 0.0]","[24.920064, 65.069056, 41.517216000000005]",131.506336,10466508,58.927698424242436,262.54451561212124,1059.7919346982412,461.8563703836512,2.1651752885195195,True,safe,,,per_stage_quantization_experimental;non_pool4_start_boundary_experimental;cpu_tail_requires_serial_raw_gate;route_branch_cpu_to_vta_boundary;logits_boundary_experimental;cpu_to_vta_boundary_requires_pack_quant:pool1;vta_to_cpu_boundary_requires_unpack_dequant:pool3;cpu_to_vta_boundary_requires_pack_quant:pool4_route;cpu_to_vta_boundary_requires_pack_quant:route23;vta_to_cpu_boundary_requires_unpack_dequant:route23;vta_to_cpu_boundary_requires_unpack_dequant:shared38;cpu_to_vta_boundary_requires_pack_quant:route23;cpu_to_vta_boundary_requires_pack_quant:small42;cpu_to_vta_boundary_requires_pack_quant:big64;vta_to_cpu_boundary_requires_unpack_dequant:small_logits51;vta_to_cpu_boundary_requires_unpack_dequant:big_logits66,buildable,vta/tutorials/frontend/report_out/yolov3_tiny_pipeline_baseline/20260514_yolo_multisplit100/packages/yolo_multi_pool1_pool3__pool4_route_shared13__dual_pre18_14_logits,
yolo_multi_pool1_pool3__pool4_route_small_pre18__dual_pre18_14_logits,pool1,logits,"['small_logits51', 'big_logits66']",True,"[{'start_point_idx': 2, 'end_point_idx': 4, 'start_name': 'pool1', 'end_name': 'pool3', 'vta_convs': [2, 3]}, {'start_point_idx': 5, 'end_point_idx': 8, 'start_name': 'pool4_route', 'end_name': 'small_pre18', 'vta_convs': [5, 6, 7, 8]}, {'start_point_idx': 9, 'end_point_idx': 11, 'start_name': 'dual_pre18_14', 'end_name': 'logits', 'vta_convs': [9, 10, 12]}]",3,"[{'device': 'cpu', 'input_point': 'data', 'output_point': 'pool1', 'convs': [0, 1]}, {'device': 'vta', 'input_point': 'pool1', 'output_point': 'pool3', 'convs': [2, 3]}, {'device': 'cpu', 'input_point': 'pool3', 'output_point': 'pool4_route', 'convs': [4]}, {'device': 'vta', 'input_point': 'pool4_route', 'output_point': 'small_pre18', 'convs': [5, 6, 7, 8]}, {'device': 'cpu', 'input_point': 'small_pre18', 'output_point': 'dual_pre18_14', 'convs': [11]}, {'device': 'vta', 'input_point': 'dual_pre18_14', 'output_point': 'logits', 'convs': [9, 10, 12]}, {'device': 'cpu', 'input_point': 'logits', 'output_point': 'output', 'convs': [], 'is_tail': True}]",7.0,cpu/vta/cpu/vta/cpu/vta/cpu,"[0, 1]",[],"[[0, 1], [4], [11], []]","[[2, 3], [5, 6, 7, 8], [9, 10, 12]]","[2, 3, 5, 6, 7, 8, 9, 10, 12]","[2, 4, 5, 8, 9, 11]","[0, 1, 2, 3, 4, 5, 6, 7, 8, 9, 10, 11, 12]",131.85244799999998,4.796834545454545,7.035357333333333,0.24,0.0,0.0,7.0,1.0,0.0,0.0,"[83.06688, 60.412276363636366, 60.412276363636366, 0.0]","[24.920064, 65.415168, 41.517216000000005]",131.85244799999998,10553036,60.11286981818179,263.758005260606,1059.9588236729305,462.8082098636871,2.160722257486604,True,safe,,,per_stage_quantization_experimental;non_pool4_start_boundary_experimental;cpu_tail_requires_serial_raw_gate;route_branch_cpu_to_vta_boundary;logits_boundary_experimental;cpu_to_vta_boundary_requires_pack_quant:pool1;vta_to_cpu_boundary_requires_unpack_dequant:pool3;cpu_to_vta_boundary_requires_pack_quant:pool4_route;cpu_to_vta_boundary_requires_pack_quant:route23;vta_to_cpu_boundary_requires_unpack_dequant:route23;vta_to_cpu_boundary_requires_unpack_dequant:shared38;vta_to_cpu_boundary_requires_unpack_dequant:small42;cpu_to_vta_boundary_requires_pack_quant:route23;cpu_to_vta_boundary_requires_pack_quant:small42;cpu_to_vta_boundary_requires_pack_quant:big64;vta_to_cpu_boundary_requires_unpack_dequant:small_logits51;vta_to_cpu_boundary_requires_unpack_dequant:big_logits66,buildable,vta/tutorials/frontend/report_out/yolov3_tiny_pipeline_baseline/20260514_yolo_multisplit100/packages/yolo_multi_pool1_pool3__pool4_route_small_pre18__dual_pre18_14_logits,
yolo_multi_pool1_pool3__pool4_route_trunk12__dual_pre18_14_logits,pool1,logits,"['small_logits51', 'big_logits66']",True,"[{'start_point_idx': 2, 'end_point_idx': 4, 'start_name': 'pool1', 'end_name': 'pool3', 'vta_convs': [2, 3]}, {'start_point_idx': 5, 'end_point_idx': 6, 'start_name': 'pool4_route', 'end_name': 'trunk12', 'vta_convs': [5, 6]}, {'start_point_idx': 9, 'end_point_idx': 11, 'start_name': 'dual_pre18_14', 'end_name': 'logits', 'vta_convs': [9, 10, 12]}]",3,"[{'device': 'cpu', 'input_point': 'data', 'output_point': 'pool1', 'convs': [0, 1]}, {'device': 'vta', 'input_point': 'pool1', 'output_point': 'pool3', 'convs': [2, 3]}, {'device': 'cpu', 'input_point': 'pool3', 'output_point': 'pool4_route', 'convs': [4]}, {'device': 'vta', 'input_point': 'pool4_route', 'output_point': 'trunk12', 'convs': [5, 6]}, {'device': 'cpu', 'input_point': 'trunk12', 'output_point': 'dual_pre18_14', 'convs': [7, 8, 11]}, {'device': 'vta', 'input_point': 'dual_pre18_14', 'output_point': 'logits', 'convs': [9, 10, 12]}, {'device': 'cpu', 'input_point': 'logits', 'output_point': 'output', 'convs': [], 'is_tail': True}]",7.0,cpu/vta/cpu/vta/cpu/vta/cpu,"[0, 1]",[],"[[0, 1], [4], [7, 8, 11], []]","[[2, 3], [5, 6], [9, 10, 12]]","[2, 3, 5, 6, 9, 10, 12]","[2, 4, 5, 6, 9, 11]","[0, 1, 2, 3, 4, 5, 6, 7, 8, 9, 10, 11, 12]",128.73744,4.993489090909091,7.323784,0.24,0.0,0.0,7.0,2.0,0.0,0.0,"[83.06688, 60.412276363636366, 75.51534545454545, 0.0]","[24.920064, 62.30016, 41.517216000000005]",128.73744,10985676,49.446327272727274,266.1948258181818,1058.456822900725,464.2603250888176,2.1539639421238292,True,safe,,,per_stage_quantization_experimental;non_pool4_start_boundary_experimental;cpu_tail_requires_serial_raw_gate;route_branch_cpu_to_vta_boundary;logits_boundary_experimental;cpu_to_vta_boundary_requires_pack_quant:pool1;vta_to_cpu_boundary_requires_unpack_dequant:pool3;cpu_to_vta_boundary_requires_pack_quant:pool4_route;cpu_to_vta_boundary_requires_pack_quant:route23;vta_to_cpu_boundary_requires_unpack_dequant:route23;vta_to_cpu_boundary_requires_unpack_dequant:trunk34;cpu_to_vta_boundary_requires_pack_quant:route23;cpu_to_vta_boundary_requires_pack_quant:small42;cpu_to_vta_boundary_requires_pack_quant:big64;vta_to_cpu_boundary_requires_unpack_dequant:small_logits51;vta_to_cpu_boundary_requires_unpack_dequant:big_logits66,buildable,vta/tutorials/frontend/report_out/yolov3_tiny_pipeline_baseline/20260514_yolo_multisplit100/packages/yolo_multi_pool1_pool3__pool4_route_trunk12__dual_pre18_14_logits,
yolo_multi_pool1_pool2__pool4_route_trunk12__small_pre18_logits,pool1,logits,"['small_logits51', 'big_logits66']",True,"[{'start_point_idx': 2, 'end_point_idx': 3, 'start_name': 'pool1', 'end_name': 'pool2', 'vta_convs': [2]}, {'start_point_idx': 5, 'end_point_idx': 6, 'start_name': 'pool4_route', 'end_name': 'trunk12', 'vta_convs': [5, 6]}, {'start_point_idx': 8, 'end_point_idx': 11, 'start_name': 'small_pre18', 'end_name': 'logits', 'vta_convs': [9, 10, 11, 12]}]",3,"[{'device': 'cpu', 'input_point': 'data', 'output_point': 'pool1', 'convs': [0, 1]}, {'device': 'vta', 'input_point': 'pool1', 'output_point': 'pool2', 'convs': [2]}, {'device': 'cpu', 'input_point': 'pool2', 'output_point': 'pool4_route', 'convs': [3, 4]}, {'device': 'vta', 'input_point': 'pool4_route', 'output_point': 'trunk12', 'convs': [5, 6]}, {'device': 'cpu', 'input_point': 'trunk12', 'output_point': 'small_pre18', 'convs': [7, 8]}, {'device': 'vta', 'input_point': 'small_pre18', 'output_point': 'logits', 'convs': [9, 10, 11, 12]}, {'device': 'cpu', 'input_point': 'logits', 'output_point': 'output', 'convs': [], 'is_tail': True}]",7.0,cpu/vta/cpu/vta/cpu/vta/cpu,"[0, 1]",[],"[[0, 1], [3, 4], [7, 8], []]","[[2], [5, 6], [9, 10, 11, 12]]","[2, 5, 6, 9, 10, 11, 12]","[2, 3, 5, 6, 8, 11]","[0, 1, 2, 3, 4, 5, 6, 7, 8, 9, 10, 11, 12]",128.73744,5.544121818181818,8.131378666666667,0.24,0.0,0.0,7.0,2.0,0.0,0.0,"[83.06688, 120.82455272727273, 15.103069090909091, 0.0]","[12.460032, 62.30016, 53.977247999999996]",128.73744,12197068,26.791723636363628,268.82756084848484,1058.456822900725,466.2348763615449,2.1448416896734757,True,safe,,,per_stage_quantization_experimental;non_pool4_start_boundary_experimental;cpu_tail_requires_serial_raw_gate;route_branch_cpu_to_vta_boundary;logits_boundary_experimental;cpu_to_vta_boundary_requires_pack_quant:pool1;vta_to_cpu_boundary_requires_unpack_dequant:pool2;cpu_to_vta_boundary_requires_pack_quant:pool4_route;cpu_to_vta_boundary_requires_pack_quant:route23;vta_to_cpu_boundary_requires_unpack_dequant:route23;vta_to_cpu_boundary_requires_unpack_dequant:trunk34;cpu_to_vta_boundary_requires_pack_quant:route23;cpu_to_vta_boundary_requires_pack_quant:shared38;cpu_to_vta_boundary_requires_pack_quant:small42;vta_to_cpu_boundary_requires_unpack_dequant:small_logits51;vta_to_cpu_boundary_requires_unpack_dequant:big_logits66,buildable,vta/tutorials/frontend/report_out/yolov3_tiny_pipeline_baseline/20260514_yolo_multisplit100/packages/yolo_multi_pool1_pool2__pool4_route_trunk12__small_pre18_logits,
yolo_multi_pool1_pool2__pool4_route_trunk12__shared13_logits,pool1,logits,"['small_logits51', 'big_logits66']",True,"[{'start_point_idx': 2, 'end_point_idx': 3, 'start_name': 'pool1', 'end_name': 'pool2', 'vta_convs': [2]}, {'start_point_idx': 5, 'end_point_idx': 6, 'start_name': 'pool4_route', 'end_name': 'trunk12', 'vta_convs': [5, 6]}, {'start_point_idx': 7, 'end_point_idx': 11, 'start_name': 'shared13', 'end_name': 'logits', 'vta_convs': [8, 9, 10, 11, 12]}]",3,"[{'device': 'cpu', 'input_point': 'data', 'output_point': 'pool1', 'convs': [0, 1]}, {'device': 'vta', 'input_point': 'pool1', 'output_point': 'pool2', 'convs': [2]}, {'device': 'cpu', 'input_point': 'pool2', 'output_point': 'pool4_route', 'convs': [3, 4]}, {'device': 'vta', 'input_point': 'pool4_route', 'output_point': 'trunk12', 'convs': [5, 6]}, {'device': 'cpu', 'input_point': 'trunk12', 'output_point': 'shared13', 'convs': [7]}, {'device': 'vta', 'input_point': 'shared13', 'output_point': 'logits', 'convs': [8, 9, 10, 11, 12]}, {'device': 'cpu', 'input_point': 'logits', 'output_point': 'output', 'convs': [], 'is_tail': True}]",7.0,cpu/vta/cpu/vta/cpu/vta/cpu,"[0, 1]",[],"[[0, 1], [3, 4], [7], []]","[[2], [5, 6], [8, 9, 10, 11, 12]]","[2, 5, 6, 8, 9, 10, 11, 12]","[2, 3, 5, 6, 7, 11]","[0, 1, 2, 3, 4, 5, 6, 7, 8, 9, 10, 11, 12]",129.083552,5.504790909090909,8.073693333333333,0.24,0.0,0.0,7.0,2.0,0.0,0.0,"[83.06688, 120.82455272727273, 13.424950303030304, 0.0]","[12.460032, 62.30016, 54.32336]",129.083552,12110540,27.137835636363633,269.30162940606056,1058.6237118754148,466.6321500233991,2.1430156493714705,True,safe,build_failed,,per_stage_quantization_experimental;non_pool4_start_boundary_experimental;cpu_tail_requires_serial_raw_gate;route_branch_cpu_to_vta_boundary;logits_boundary_experimental;cpu_to_vta_boundary_requires_pack_quant:pool1;vta_to_cpu_boundary_requires_unpack_dequant:pool2;cpu_to_vta_boundary_requires_pack_quant:pool4_route;cpu_to_vta_boundary_requires_pack_quant:route23;vta_to_cpu_boundary_requires_unpack_dequant:route23;vta_to_cpu_boundary_requires_unpack_dequant:trunk34;cpu_to_vta_boundary_requires_pack_quant:route23;cpu_to_vta_boundary_requires_pack_quant:shared38;vta_to_cpu_boundary_requires_unpack_dequant:small_logits51;vta_to_cpu_boundary_requires_unpack_dequant:big_logits66,build_failed,," [bt] (6) /home/orange/code/tvm/build/libtvm.so(tvm::transform::Pass::operator()(tvm::IRModule, tvm::transform::PassContext const&) const+0x3d4) [0x75ad03bce3f4]
  [bt] (5) /home/orange/code/tvm/build/libtvm.so(tvm::transform::ModulePassNode::operator()(tvm::IRModule, tvm::transform::PassContext const&) const+0x1bf) [0x75ad03bd76df]
  [bt] (4) /home/orange/code/tvm/build/libtvm.so(+0x287c5f7) [0x75ad0567c5f7]
  [bt] (3) /home/orange/code/tvm/build/libtvm.so(tvm::relay::TypeInferencer::Infer(tvm::GlobalVar, tvm::relay::Function)+0xc9) [0x75ad05674119]
  [bt] (2) /home/orange/code/tvm/build/libtvm.so(+0x24f2629) [0x75ad052f2629]
  [bt] (1) /home/orange/code/tvm/build/libtvm.so(+0x99d3ab) [0x75ad0379d3ab]
  [bt] (0) /home/orange/code/tvm/build/libtvm.so(tvm::runtime::Backtrace[abi:cxx11]()+0x25) [0x75ad05bfbd95]
  File ""/home/orange/code/tvm/src/relay/analysis/type_solver.cc"", line 643
InternalError: Check failed: (false) is false: relay.concatenate requires all tensors have the same ndim"
yolo_multi_pool0_pool1__pool3_trunk12__dual_pre18_14_logits,pool0,logits,"['small_logits51', 'big_logits66']",True,"[{'start_point_idx': 1, 'end_point_idx': 2, 'start_name': 'pool0', 'end_name': 'pool1', 'vta_convs': [1]}, {'start_point_idx': 4, 'end_point_idx': 6, 'start_name': 'pool3', 'end_name': 'trunk12', 'vta_convs': [4, 5, 6]}, {'start_point_idx': 9, 'end_point_idx': 11, 'start_name': 'dual_pre18_14', 'end_name': 'logits', 'vta_convs': [9, 10, 12]}]",3,"[{'device': 'cpu', 'input_point': 'data', 'output_point': 'pool0', 'convs': [0]}, {'device': 'vta', 'input_point': 'pool0', 'output_point': 'pool1', 'convs': [1]}, {'device': 'cpu', 'input_point': 'pool1', 'output_point': 'pool3', 'convs': [2, 3]}, {'device': 'vta', 'input_point': 'pool3', 'output_point': 'trunk12', 'convs': [4, 5, 6]}, {'device': 'cpu', 'input_point': 'trunk12', 'output_point': 'dual_pre18_14', 'convs': [7, 8, 11]}, {'device': 'vta', 'input_point': 'dual_pre18_14', 'output_point': 'logits', 'convs': [9, 10, 12]}, {'device': 'cpu', 'input_point': 'logits', 'output_point': 'output', 'convs': [], 'is_tail': True}]",7.0,cpu/vta/cpu/vta/cpu/vta/cpu,[0],[],"[[0], [2, 3], [7, 8, 11], []]","[[1], [4, 5, 6], [9, 10, 12]]","[1, 4, 5, 6, 9, 10, 12]","[1, 2, 4, 6, 9, 11]","[0, 1, 2, 3, 4, 5, 6, 7, 8, 9, 10, 11, 12]",128.73744,9.713198181818182,14.246024,0.24,0.0,0.0,7.0,1.0,0.0,0.0,"[22.65460363636364, 120.82455272727273, 75.51534545454545, 0.0]","[12.460032, 74.760192, 41.517216000000005]",128.73744,21369036,30.567490909090907,269.5655312727273,1058.456822900725,466.78835417972675,2.142298519330608,True,safe,,,per_stage_quantization_experimental;non_pool4_start_boundary_experimental;cpu_tail_requires_serial_raw_gate;route_branch_cpu_to_vta_boundary;logits_boundary_experimental;cpu_to_vta_boundary_requires_pack_quant:pool0;vta_to_cpu_boundary_requires_unpack_dequant:pool1;cpu_to_vta_boundary_requires_pack_quant:pool3;vta_to_cpu_boundary_requires_unpack_dequant:route23;vta_to_cpu_boundary_requires_unpack_dequant:trunk34;cpu_to_vta_boundary_requires_pack_quant:route23;cpu_to_vta_boundary_requires_pack_quant:small42;cpu_to_vta_boundary_requires_pack_quant:big64;vta_to_cpu_boundary_requires_unpack_dequant:small_logits51;vta_to_cpu_boundary_requires_unpack_dequant:big_logits66,buildable,vta/tutorials/frontend/report_out/yolov3_tiny_pipeline_baseline/20260514_yolo_multisplit100/packages/yolo_multi_pool0_pool1__pool3_trunk12__dual_pre18_14_logits,
yolo_multi_pool1_pool2__pool3_trunk12__dual_pre18_14_logits,pool1,logits,"['small_logits51', 'big_logits66']",True,"[{'start_point_idx': 2, 'end_point_idx': 3, 'start_name': 'pool1', 'end_name': 'pool2', 'vta_convs': [2]}, {'start_point_idx': 4, 'end_point_idx': 6, 'start_name': 'pool3', 'end_name': 'trunk12', 'vta_convs': [4, 5, 6]}, {'start_point_idx': 9, 'end_point_idx': 11, 'start_name': 'dual_pre18_14', 'end_name': 'logits', 'vta_convs': [9, 10, 12]}]",3,"[{'device': 'cpu', 'input_point': 'data', 'output_point': 'pool1', 'convs': [0, 1]}, {'device': 'vta', 'input_point': 'pool1', 'output_point': 'pool2', 'convs': [2]}, {'device': 'cpu', 'input_point': 'pool2', 'output_point': 'pool3', 'convs': [3]}, {'device': 'vta', 'input_point': 'pool3', 'output_point': 'trunk12', 'convs': [4, 5, 6]}, {'device': 'cpu', 'input_point': 'trunk12', 'output_point': 'dual_pre18_14', 'convs': [7, 8, 11]}, {'device': 'vta', 'input_point': 'dual_pre18_14', 'output_point': 'logits', 'convs': [9, 10, 12]}, {'device': 'cpu', 'input_point': 'logits', 'output_point': 'output', 'convs': [], 'is_tail': True}]",7.0,cpu/vta/cpu/vta/cpu/vta/cpu,"[0, 1]",[],"[[0, 1], [3], [7, 8, 11], []]","[[2], [4, 5, 6], [9, 10, 12]]","[2, 4, 5, 6, 9, 10, 12]","[2, 3, 4, 6, 9, 11]","[0, 1, 2, 3, 4, 5, 6, 7, 8, 9, 10, 11, 12]",128.73744,5.937430909090909,8.708232,0.24,0.0,0.0,7.0,1.0,0.0,0.0,"[83.06688, 60.412276363636366, 75.51534545454545, 0.0]","[12.460032, 74.760192, 41.517216000000005]",128.73744,13062348,49.446327272727274,272.52321563636366,1058.456822900725,469.006617452454,2.1321660778088614,True,safe,,,per_stage_quantization_experimental;non_pool4_start_boundary_experimental;cpu_tail_requires_serial_raw_gate;route_branch_cpu_to_vta_boundary;logits_boundary_experimental;cpu_to_vta_boundary_requires_pack_quant:pool1;vta_to_cpu_boundary_requires_unpack_dequant:pool2;cpu_to_vta_boundary_requires_pack_quant:pool3;vta_to_cpu_boundary_requires_unpack_dequant:route23;vta_to_cpu_boundary_requires_unpack_dequant:trunk34;cpu_to_vta_boundary_requires_pack_quant:route23;cpu_to_vta_boundary_requires_pack_quant:small42;cpu_to_vta_boundary_requires_pack_quant:big64;vta_to_cpu_boundary_requires_unpack_dequant:small_logits51;vta_to_cpu_boundary_requires_unpack_dequant:big_logits66,buildable,vta/tutorials/frontend/report_out/yolov3_tiny_pipeline_baseline/20260514_yolo_multisplit100/packages/yolo_multi_pool1_pool2__pool3_trunk12__dual_pre18_14_logits,
yolo_multi_pool1_pool2__pool4_route_trunk12__shared13_dual_pre_logits,pool1,dual_pre_logits,"['small_pre26', 'big64']",True,"[{'start_point_idx': 2, 'end_point_idx': 3, 'start_name': 'pool1', 'end_name': 'pool2', 'vta_convs': [2]}, {'start_point_idx': 5, 'end_point_idx': 6, 'start_name': 'pool4_route', 'end_name': 'trunk12', 'vta_convs': [5, 6]}, {'start_point_idx': 7, 'end_point_idx': 10, 'start_name': 'shared13', 'end_name': 'dual_pre_logits', 'vta_convs': [8, 9, 11]}]",3,"[{'device': 'cpu', 'input_point': 'data', 'output_point': 'pool1', 'convs': [0, 1]}, {'device': 'vta', 'input_point': 'pool1', 'output_point': 'pool2', 'convs': [2]}, {'device': 'cpu', 'input_point': 'pool2', 'output_point': 'pool4_route', 'convs': [3, 4]}, {'device': 'vta', 'input_point': 'pool4_route', 'output_point': 'trunk12', 'convs': [5, 6]}, {'device': 'cpu', 'input_point': 'trunk12', 'output_point': 'shared13', 'convs': [7]}, {'device': 'vta', 'input_point': 'shared13', 'output_point': 'dual_pre_logits', 'convs': [8, 9, 11]}, {'device': 'cpu', 'input_point': 'dual_pre_logits', 'output_point': 'output', 'convs': [10, 12], 'is_tail': True}]",7.0,cpu/vta/cpu/vta/cpu/vta/cpu,"[0, 1]","[10, 12]","[[0, 1], [3, 4], [7], [10, 12]]","[[2], [5, 6], [8, 9, 11]]","[2, 5, 6, 8, 9, 11]","[2, 3, 5, 6, 7, 10]","[0, 1, 2, 3, 4, 5, 6, 7, 8, 9, 11]",124.946432,5.584989090909091,8.191317333333334,0.24,0.0,20.05876363636364,7.0,2.0,0.0,0.0,"[83.06688, 120.82455272727273, 13.424950303030304, 20.05876363636364]","[12.460032, 62.30016, 50.18624]",124.946432,12286976,41.879552000000004,274.9444472242424,1056.6288670998292,470.36555219313914,2.126006029432583,True,safe,build_failed,,per_stage_quantization_experimental;non_pool4_start_boundary_experimental;cpu_tail_requires_serial_raw_gate;route_branch_cpu_to_vta_boundary;cpu_to_vta_boundary_requires_pack_quant:pool1;vta_to_cpu_boundary_requires_unpack_dequant:pool2;cpu_to_vta_boundary_requires_pack_quant:pool4_route;cpu_to_vta_boundary_requires_pack_quant:route23;vta_to_cpu_boundary_requires_unpack_dequant:route23;vta_to_cpu_boundary_requires_unpack_dequant:trunk34;cpu_to_vta_boundary_requires_pack_quant:route23;cpu_to_vta_boundary_requires_pack_quant:shared38;vta_to_cpu_boundary_requires_unpack_dequant:small_pre26;vta_to_cpu_boundary_requires_unpack_dequant:big64,build_failed,," [bt] (6) /home/orange/code/tvm/build/libtvm.so(tvm::transform::Pass::operator()(tvm::IRModule, tvm::transform::PassContext const&) const+0x3d4) [0x75ad03bce3f4]
  [bt] (5) /home/orange/code/tvm/build/libtvm.so(tvm::transform::ModulePassNode::operator()(tvm::IRModule, tvm::transform::PassContext const&) const+0x1bf) [0x75ad03bd76df]
  [bt] (4) /home/orange/code/tvm/build/libtvm.so(+0x287c5f7) [0x75ad0567c5f7]
  [bt] (3) /home/orange/code/tvm/build/libtvm.so(tvm::relay::TypeInferencer::Infer(tvm::GlobalVar, tvm::relay::Function)+0xc9) [0x75ad05674119]
  [bt] (2) /home/orange/code/tvm/build/libtvm.so(+0x24f2629) [0x75ad052f2629]
  [bt] (1) /home/orange/code/tvm/build/libtvm.so(+0x99d3ab) [0x75ad0379d3ab]
  [bt] (0) /home/orange/code/tvm/build/libtvm.so(tvm::runtime::Backtrace[abi:cxx11]()+0x25) [0x75ad05bfbd95]
  File ""/home/orange/code/tvm/src/relay/analysis/type_solver.cc"", line 643
InternalError: Check failed: (false) is false: relay.concatenate requires all tensors have the same ndim"
yolo_multi_pool1_pool2__pool4_route_shared13__small_pre18_dual_pre_logits,pool1,dual_pre_logits,"['small_pre26', 'big64']",True,"[{'start_point_idx': 2, 'end_point_idx': 3, 'start_name': 'pool1', 'end_name': 'pool2', 'vta_convs': [2]}, {'start_point_idx': 5, 'end_point_idx': 7, 'start_name': 'pool4_route', 'end_name': 'shared13', 'vta_convs': [5, 6, 7]}, {'start_point_idx': 8, 'end_point_idx': 10, 'start_name': 'small_pre18', 'end_name': 'dual_pre_logits', 'vta_convs': [9, 11]}]",3,"[{'device': 'cpu', 'input_point': 'data', 'output_point': 'pool1', 'convs': [0, 1]}, {'device': 'vta', 'input_point': 'pool1', 'output_point': 'pool2', 'convs': [2]}, {'device': 'cpu', 'input_point': 'pool2', 'output_point': 'pool4_route', 'convs': [3, 4]}, {'device': 'vta', 'input_point': 'pool4_route', 'output_point': 'shared13', 'convs': [5, 6, 7]}, {'device': 'cpu', 'input_point': 'shared13', 'output_point': 'small_pre18', 'convs': [8]}, {'device': 'vta', 'input_point': 'small_pre18', 'output_point': 'dual_pre_logits', 'convs': [9, 11]}, {'device': 'cpu', 'input_point': 'dual_pre_logits', 'output_point': 'output', 'convs': [10, 12], 'is_tail': True}]",7.0,cpu/vta/cpu/vta/cpu/vta/cpu,"[0, 1]","[10, 12]","[[0, 1], [3, 4], [8], [10, 12]]","[[2], [5, 6, 7], [9, 11]]","[2, 5, 6, 7, 9, 11]","[2, 3, 5, 7, 8, 10]","[0, 1, 2, 3, 4, 5, 6, 7, 8, 9, 11]",127.369216,5.388334545454545,7.902890666666667,0.24,0.0,20.05876363636364,7.0,2.0,0.0,0.0,"[83.06688, 120.82455272727273, 1.678118787878788, 20.05876363636364]","[12.460032, 65.069056, 49.840128]",127.369216,11854336,44.302336,278.4569596121212,1057.7970899226557,473.2919921897548,2.112860594520844,True,safe,,,per_stage_quantization_experimental;non_pool4_start_boundary_experimental;cpu_tail_requires_serial_raw_gate;route_branch_cpu_to_vta_boundary;cpu_to_vta_boundary_requires_pack_quant:pool1;vta_to_cpu_boundary_requires_unpack_dequant:pool2;cpu_to_vta_boundary_requires_pack_quant:pool4_route;cpu_to_vta_boundary_requires_pack_quant:route23;vta_to_cpu_boundary_requires_unpack_dequant:route23;vta_to_cpu_boundary_requires_unpack_dequant:shared38;cpu_to_vta_boundary_requires_pack_quant:route23;cpu_to_vta_boundary_requires_pack_quant:shared38;cpu_to_vta_boundary_requires_pack_quant:small42;vta_to_cpu_boundary_requires_unpack_dequant:small_pre26;vta_to_cpu_boundary_requires_unpack_dequant:big64,buildable,vta/tutorials/frontend/report_out/yolov3_tiny_pipeline_baseline/20260514_yolo_multisplit100/packages/yolo_multi_pool1_pool2__pool4_route_shared13__small_pre18_dual_pre_logits,
yolo_multi_pool0_pool1__pool3_shared13__dual_pre18_14_logits,pool0,logits,"['small_logits51', 'big_logits66']",True,"[{'start_point_idx': 1, 'end_point_idx': 2, 'start_name': 'pool0', 'end_name': 'pool1', 'vta_convs': [1]}, {'start_point_idx': 4, 'end_point_idx': 7, 'start_name': 'pool3', 'end_name': 'shared13', 'vta_convs': [4, 5, 6, 7]}, {'start_point_idx': 9, 'end_point_idx': 11, 'start_name': 'dual_pre18_14', 'end_name': 'logits', 'vta_convs': [9, 10, 12]}]",3,"[{'device': 'cpu', 'input_point': 'data', 'output_point': 'pool0', 'convs': [0]}, {'device': 'vta', 'input_point': 'pool0', 'output_point': 'pool1', 'convs': [1]}, {'device': 'cpu', 'input_point': 'pool1', 'output_point': 'pool3', 'convs': [2, 3]}, {'device': 'vta', 'input_point': 'pool3', 'output_point': 'shared13', 'convs': [4, 5, 6, 7]}, {'device': 'cpu', 'input_point': 'shared13', 'output_point': 'dual_pre18_14', 'convs': [8, 11]}, {'device': 'vta', 'input_point': 'dual_pre18_14', 'output_point': 'logits', 'convs': [9, 10, 12]}, {'device': 'cpu', 'input_point': 'logits', 'output_point': 'output', 'convs': [], 'is_tail': True}]",7.0,cpu/vta/cpu/vta/cpu/vta/cpu,[0],[],"[[0], [2, 3], [8, 11], []]","[[1], [4, 5, 6, 7], [9, 10, 12]]","[1, 4, 5, 6, 7, 9, 10, 12]","[1, 2, 4, 7, 9, 11]","[0, 1, 2, 3, 4, 5, 6, 7, 8, 9, 10, 11, 12]",131.506336,9.477212727272727,13.899912,0.24,0.0,0.0,7.0,1.0,0.0,0.0,"[22.65460363636364, 120.82455272727273, 62.09039515151515, 0.0]","[12.460032, 77.529088, 41.517216000000005]",131.506336,20849868,40.04886206060607,277.9152210666667,1059.7919346982412,473.3843994745603,2.112448152304901,True,safe,,,per_stage_quantization_experimental;non_pool4_start_boundary_experimental;cpu_tail_requires_serial_raw_gate;route_branch_cpu_to_vta_boundary;logits_boundary_experimental;cpu_to_vta_boundary_requires_pack_quant:pool0;vta_to_cpu_boundary_requires_unpack_dequant:pool1;cpu_to_vta_boundary_requires_pack_quant:pool3;vta_to_cpu_boundary_requires_unpack_dequant:route23;vta_to_cpu_boundary_requires_unpack_dequant:shared38;cpu_to_vta_boundary_requires_pack_quant:route23;cpu_to_vta_boundary_requires_pack_quant:small42;cpu_to_vta_boundary_requires_pack_quant:big64;vta_to_cpu_boundary_requires_unpack_dequant:small_logits51;vta_to_cpu_boundary_requires_unpack_dequant:big_logits66,buildable,vta/tutorials/frontend/report_out/yolov3_tiny_pipeline_baseline/20260514_yolo_multisplit100/packages/yolo_multi_pool0_pool1__pool3_shared13__dual_pre18_14_logits,
yolo_multi_pool0_pool1__pool3_small_pre18__dual_pre18_14_logits,pool0,logits,"['small_logits51', 'big_logits66']",True,"[{'start_point_idx': 1, 'end_point_idx': 2, 'start_name': 'pool0', 'end_name': 'pool1', 'vta_convs': [1]}, {'start_point_idx': 4, 'end_point_idx': 8, 'start_name': 'pool3', 'end_name': 'small_pre18', 'vta_convs': [4, 5, 6, 7, 8]}, {'start_point_idx': 9, 'end_point_idx': 11, 'start_name': 'dual_pre18_14', 'end_name': 'logits', 'vta_convs': [9, 10, 12]}]",3,"[{'device': 'cpu', 'input_point': 'data', 'output_point': 'pool0', 'convs': [0]}, {'device': 'vta', 'input_point': 'pool0', 'output_point': 'pool1', 'convs': [1]}, {'device': 'cpu', 'input_point': 'pool1', 'output_point': 'pool3', 'convs': [2, 3]}, {'device': 'vta', 'input_point': 'pool3', 'output_point': 'small_pre18', 'convs': [4, 5, 6, 7, 8]}, {'device': 'cpu', 'input_point': 'small_pre18', 'output_point': 'dual_pre18_14', 'convs': [11]}, {'device': 'vta', 'input_point': 'dual_pre18_14', 'output_point': 'logits', 'convs': [9, 10, 12]}, {'device': 'cpu', 'input_point': 'logits', 'output_point': 'output', 'convs': [], 'is_tail': True}]",7.0,cpu/vta/cpu/vta/cpu/vta/cpu,[0],[],"[[0], [2, 3], [11], []]","[[1], [4, 5, 6, 7, 8], [9, 10, 12]]","[1, 4, 5, 6, 7, 8, 9, 10, 12]","[1, 2, 4, 8, 9, 11]","[0, 1, 2, 3, 4, 5, 6, 7, 8, 9, 10, 11, 12]",131.852448,9.516543636363636,13.957597333333334,0.24,0.0,0.0,7.0,1.0,0.0,0.0,"[22.65460363636364, 120.82455272727273, 60.412276363636366, 0.0]","[12.460032, 77.8752, 41.517216000000005]",131.852448,20936396,41.234033454545454,279.1287107151515,1059.9588236729305,474.33623895459624,2.1082091518116552,True,safe,,,per_stage_quantization_experimental;non_pool4_start_boundary_experimental;cpu_tail_requires_serial_raw_gate;route_branch_cpu_to_vta_boundary;logits_boundary_experimental;cpu_to_vta_boundary_requires_pack_quant:pool0;vta_to_cpu_boundary_requires_unpack_dequant:pool1;cpu_to_vta_boundary_requires_pack_quant:pool3;vta_to_cpu_boundary_requires_unpack_dequant:route23;vta_to_cpu_boundary_requires_unpack_dequant:shared38;vta_to_cpu_boundary_requires_unpack_dequant:small42;cpu_to_vta_boundary_requires_pack_quant:route23;cpu_to_vta_boundary_requires_pack_quant:small42;cpu_to_vta_boundary_requires_pack_quant:big64;vta_to_cpu_boundary_requires_unpack_dequant:small_logits51;vta_to_cpu_boundary_requires_unpack_dequant:big_logits66,buildable,vta/tutorials/frontend/report_out/yolov3_tiny_pipeline_baseline/20260514_yolo_multisplit100/packages/yolo_multi_pool0_pool1__pool3_small_pre18__dual_pre18_14_logits,
yolo_multi_pool1_pool2__pool3_shared13__dual_pre18_14_logits,pool1,logits,"['small_logits51', 'big_logits66']",True,"[{'start_point_idx': 2, 'end_point_idx': 3, 'start_name': 'pool1', 'end_name': 'pool2', 'vta_convs': [2]}, {'start_point_idx': 4, 'end_point_idx': 7, 'start_name': 'pool3', 'end_name': 'shared13', 'vta_convs': [4, 5, 6, 7]}, {'start_point_idx': 9, 'end_point_idx': 11, 'start_name': 'dual_pre18_14', 'end_name': 'logits', 'vta_convs': [9, 10, 12]}]",3,"[{'device': 'cpu', 'input_point': 'data', 'output_point': 'pool1', 'convs': [0, 1]}, {'device': 'vta', 'input_point': 'pool1', 'output_point': 'pool2', 'convs': [2]}, {'device': 'cpu', 'input_point': 'pool2', 'output_point': 'pool3', 'convs': [3]}, {'device': 'vta', 'input_point': 'pool3', 'output_point': 'shared13', 'convs': [4, 5, 6, 7]}, {'device': 'cpu', 'input_point': 'shared13', 'output_point': 'dual_pre18_14', 'convs': [8, 11]}, {'device': 'vta', 'input_point': 'dual_pre18_14', 'output_point': 'logits', 'convs': [9, 10, 12]}, {'device': 'cpu', 'input_point': 'logits', 'output_point': 'output', 'convs': [], 'is_tail': True}]",7.0,cpu/vta/cpu/vta/cpu/vta/cpu,"[0, 1]",[],"[[0, 1], [3], [8, 11], []]","[[2], [4, 5, 6, 7], [9, 10, 12]]","[2, 4, 5, 6, 7, 9, 10, 12]","[2, 3, 4, 7, 9, 11]","[0, 1, 2, 3, 4, 5, 6, 7, 8, 9, 10, 11, 12]",131.506336,5.701445454545454,8.36212,0.24,0.0,0.0,7.0,1.0,0.0,0.0,"[83.06688, 60.412276363636366, 62.09039515151515, 0.0]","[12.460032, 77.529088, 41.517216000000005]",131.506336,12543180,58.927698424242436,280.87290543030304,1059.7919346982412,475.6026627472876,2.1025954611430593,True,safe,,,per_stage_quantization_experimental;non_pool4_start_boundary_experimental;cpu_tail_requires_serial_raw_gate;route_branch_cpu_to_vta_boundary;logits_boundary_experimental;cpu_to_vta_boundary_requires_pack_quant:pool1;vta_to_cpu_boundary_requires_unpack_dequant:pool2;cpu_to_vta_boundary_requires_pack_quant:pool3;vta_to_cpu_boundary_requires_unpack_dequant:route23;vta_to_cpu_boundary_requires_unpack_dequant:shared38;cpu_to_vta_boundary_requires_pack_quant:route23;cpu_to_vta_boundary_requires_pack_quant:small42;cpu_to_vta_boundary_requires_pack_quant:big64;vta_to_cpu_boundary_requires_unpack_dequant:small_logits51;vta_to_cpu_boundary_requires_unpack_dequant:big_logits66,buildable,vta/tutorials/frontend/report_out/yolov3_tiny_pipeline_baseline/20260514_yolo_multisplit100/packages/yolo_multi_pool1_pool2__pool3_shared13__dual_pre18_14_logits,
yolo_multi_pool2_pool3__pool4_route_shared13__small_pre18_logits,pool2,logits,"['small_logits51', 'big_logits66']",True,"[{'start_point_idx': 3, 'end_point_idx': 4, 'start_name': 'pool2', 'end_name': 'pool3', 'vta_convs': [3]}, {'start_point_idx': 5, 'end_point_idx': 7, 'start_name': 'pool4_route', 'end_name': 'shared13', 'vta_convs': [5, 6, 7]}, {'start_point_idx': 8, 'end_point_idx': 11, 'start_name': 'small_pre18', 'end_name': 'logits', 'vta_convs': [9, 10, 11, 12]}]",3,"[{'device': 'cpu', 'input_point': 'data', 'output_point': 'pool2', 'convs': [0, 1, 2]}, {'device': 'vta', 'input_point': 'pool2', 'output_point': 'pool3', 'convs': [3]}, {'device': 'cpu', 'input_point': 'pool3', 'output_point': 'pool4_route', 'convs': [4]}, {'device': 'vta', 'input_point': 'pool4_route', 'output_point': 'shared13', 'convs': [5, 6, 7]}, {'device': 'cpu', 'input_point': 'shared13', 'output_point': 'small_pre18', 'convs': [8]}, {'device': 'vta', 'input_point': 'small_pre18', 'output_point': 'logits', 'convs': [9, 10, 11, 12]}, {'device': 'cpu', 'input_point': 'logits', 'output_point': 'output', 'convs': [], 'is_tail': True}]",7.0,cpu/vta/cpu/vta/cpu/vta/cpu,"[0, 1, 2]",[],"[[0, 1, 2], [4], [8], []]","[[3], [5, 6, 7], [9, 10, 11, 12]]","[3, 5, 6, 7, 9, 10, 11, 12]","[3, 4, 5, 7, 8, 11]","[0, 1, 2, 3, 4, 5, 6, 7, 8, 9, 10, 11, 12]",143.47915636363638,3.420252727272727,5.016370666666666,0.24,0.0,0.0,7.0,1.0,0.0,0.0,"[143.47915636363638, 60.412276363636366, 1.678118787878788, 0.0]","[12.460032, 65.069056, 53.977247999999996]",131.506336,7524556,47.519850181818185,279.8036823757576,1065.5650131082034,476.2440150588691,2.09976392013323,True,safe,,,per_stage_quantization_experimental;non_pool4_start_boundary_experimental;cpu_tail_requires_serial_raw_gate;route_branch_cpu_to_vta_boundary;logits_boundary_experimental;cpu_to_vta_boundary_requires_pack_quant:pool2;vta_to_cpu_boundary_requires_unpack_dequant:pool3;cpu_to_vta_boundary_requires_pack_quant:pool4_route;cpu_to_vta_boundary_requires_pack_quant:route23;vta_to_cpu_boundary_requires_unpack_dequant:route23;vta_to_cpu_boundary_requires_unpack_dequant:shared38;cpu_to_vta_boundary_requires_pack_quant:route23;cpu_to_vta_boundary_requires_pack_quant:shared38;cpu_to_vta_boundary_requires_pack_quant:small42;vta_to_cpu_boundary_requires_unpack_dequant:small_logits51;vta_to_cpu_boundary_requires_unpack_dequant:big_logits66,buildable,vta/tutorials/frontend/report_out/yolov3_tiny_pipeline_baseline/20260514_yolo_multisplit100/packages/yolo_multi_pool2_pool3__pool4_route_shared13__small_pre18_logits,
yolo_multi_pool1_shared13__small_pre18_dual_pre_logits,pool1,dual_pre_logits,"['small_pre26', 'big64']",True,"[{'start_point_idx': 2, 'end_point_idx': 7, 'start_name': 'pool1', 'end_name': 'shared13', 'vta_convs': [2, 3, 4, 5, 6, 7]}, {'start_point_idx': 8, 'end_point_idx': 10, 'start_name': 'small_pre18', 'end_name': 'dual_pre_logits', 'vta_convs': [9, 11]}]",2,"[{'device': 'cpu', 'input_point': 'data', 'output_point': 'pool1', 'convs': [0, 1]}, {'device': 'vta', 'input_point': 'pool1', 'output_point': 'shared13', 'convs': [2, 3, 4, 5, 6, 7]}, {'device': 'cpu', 'input_point': 'shared13', 'output_point': 'small_pre18', 'convs': [8]}, {'device': 'vta', 'input_point': 'small_pre18', 'output_point': 'dual_pre_logits', 'convs': [9, 11]}, {'device': 'cpu', 'input_point': 'dual_pre_logits', 'output_point': 'output', 'convs': [10, 12], 'is_tail': True}]",5.0,cpu/vta/cpu/vta/cpu,"[0, 1]","[10, 12]","[[0, 1], [8], [10, 12]]","[[2, 3, 4, 5, 6, 7], [9, 11]]","[2, 3, 4, 5, 6, 7, 9, 11]","[2, 7, 8, 10]","[0, 1, 2, 3, 4, 5, 6, 7, 8, 9, 11]",152.28928,3.8150981818181817,5.595477333333333,0.16,0.0,20.05876363636364,5.0,1.0,0.0,1.0,"[83.06688, 1.678118787878788, 20.05876363636364]","[102.449152, 49.840128]",152.28928,8393216,100.72645818181817,284.1720533333333,771.3569009794387,405.96826524485965,2.4632467254474935,True,safe,,,per_stage_quantization_experimental;non_pool4_start_boundary_experimental;cpu_tail_requires_serial_raw_gate;route_branch_cpu_to_vta_boundary;cpu_to_vta_boundary_requires_pack_quant:pool1;vta_to_cpu_boundary_requires_unpack_dequant:route23;vta_to_cpu_boundary_requires_unpack_dequant:shared38;cpu_to_vta_boundary_requires_pack_quant:route23;cpu_to_vta_boundary_requires_pack_quant:shared38;cpu_to_vta_boundary_requires_pack_quant:small42;vta_to_cpu_boundary_requires_unpack_dequant:small_pre26;vta_to_cpu_boundary_requires_unpack_dequant:big64,buildable,vta/tutorials/frontend/report_out/yolov3_tiny_pipeline_baseline/20260514_yolo_multisplit100/packages/yolo_multi_pool1_shared13__small_pre18_dual_pre_logits,
yolo_multi_pool3_trunk12__dual_pre18_14_logits,pool3,logits,"['small_logits51', 'big_logits66']",True,"[{'start_point_idx': 4, 'end_point_idx': 6, 'start_name': 'pool3', 'end_name': 'trunk12', 'vta_convs': [4, 5, 6]}, {'start_point_idx': 9, 'end_point_idx': 11, 'start_name': 'dual_pre18_14', 'end_name': 'logits', 'vta_convs': [9, 10, 12]}]",2,"[{'device': 'cpu', 'input_point': 'data', 'output_point': 'pool3', 'convs': [0, 1, 2, 3]}, {'device': 'vta', 'input_point': 'pool3', 'output_point': 'trunk12', 'convs': [4, 5, 6]}, {'device': 'cpu', 'input_point': 'trunk12', 'output_point': 'dual_pre18_14', 'convs': [7, 8, 11]}, {'device': 'vta', 'input_point': 'dual_pre18_14', 'output_point': 'logits', 'convs': [9, 10, 12]}, {'device': 'cpu', 'input_point': 'logits', 'output_point': 'output', 'convs': [], 'is_tail': True}]",5.0,cpu/vta/cpu/vta/cpu,"[0, 1, 2, 3]",[],"[[0, 1, 2, 3], [7, 8, 11], []]","[[4, 5, 6], [9, 10, 12]]","[4, 5, 6, 9, 10, 12]","[4, 6, 9, 11]","[0, 1, 2, 3, 4, 5, 6, 7, 8, 9, 10, 11, 12]",203.89143272727273,2.1616636363636363,3.17044,0.16,0.0,0.0,5.0,0.0,0.0,1.0,"[203.89143272727273, 75.51534545454545, 0.0]","[74.760192, 41.517216000000005]",116.27740800000001,4755660,87.61402472727272,276.17265243636365,796.238529933146,406.1891218105592,2.461907388219977,True,safe,,,per_stage_quantization_experimental;non_pool4_start_boundary_experimental;cpu_tail_requires_serial_raw_gate;route_branch_cpu_to_vta_boundary;logits_boundary_experimental;cpu_to_vta_boundary_requires_pack_quant:pool3;vta_to_cpu_boundary_requires_unpack_dequant:route23;vta_to_cpu_boundary_requires_unpack_dequant:trunk34;cpu_to_vta_boundary_requires_pack_quant:route23;cpu_to_vta_boundary_requires_pack_quant:small42;cpu_to_vta_boundary_requires_pack_quant:big64;vta_to_cpu_boundary_requires_unpack_dequant:small_logits51;vta_to_cpu_boundary_requires_unpack_dequant:big_logits66,buildable,vta/tutorials/frontend/report_out/yolov3_tiny_pipeline_baseline/20260514_yolo_multisplit100/packages/yolo_multi_pool3_trunk12__dual_pre18_14_logits,
yolo_multi_pool0_pool3__pool4_route_dual_pre_logits,pool0,dual_pre_logits,"['small_pre26', 'big64']",True,"[{'start_point_idx': 1, 'end_point_idx': 4, 'start_name': 'pool0', 'end_name': 'pool3', 'vta_convs': [1, 2, 3]}, {'start_point_idx': 5, 'end_point_idx': 10, 'start_name': 'pool4_route', 'end_name': 'dual_pre_logits', 'vta_convs': [5, 6, 7, 8, 9, 11]}]",2,"[{'device': 'cpu', 'input_point': 'data', 'output_point': 'pool0', 'convs': [0]}, {'device': 'vta', 'input_point': 'pool0', 'output_point': 'pool3', 'convs': [1, 2, 3]}, {'device': 'cpu', 'input_point': 'pool3', 'output_point': 'pool4_route', 'convs': [4]}, {'device': 'vta', 'input_point': 'pool4_route', 'output_point': 'dual_pre_logits', 'convs': [5, 6, 7, 8, 9, 11]}, {'device': 'cpu', 'input_point': 'dual_pre_logits', 'output_point': 'output', 'convs': [10, 12], 'is_tail': True}]",5.0,cpu/vta/cpu/vta/cpu,[0],"[10, 12]","[[0], [4], [10, 12]]","[[1, 2, 3], [5, 6, 7, 8, 9, 11]]","[1, 2, 3, 5, 6, 7, 8, 9, 11]","[1, 4, 5, 10]","[0, 1, 2, 3, 4, 5, 6, 7, 8, 9, 11]",152.635392,6.4502690909090905,9.460394666666668,0.16,0.0,20.05876363636364,5.0,0.0,0.0,1.0,"[22.65460363636364, 60.412276363636366, 20.05876363636364]","[37.380096, 115.25529599999999]",152.635392,14190592,111.101952,285.76232455757577,771.5237899541282,407.2026909067139,2.4557794492303344,True,safe,build_failed,,per_stage_quantization_experimental;non_pool4_start_boundary_experimental;cpu_tail_requires_serial_raw_gate;route_branch_cpu_to_vta_boundary;cpu_to_vta_boundary_requires_pack_quant:pool0;vta_to_cpu_boundary_requires_unpack_dequant:pool3;cpu_to_vta_boundary_requires_pack_quant:pool4_route;cpu_to_vta_boundary_requires_pack_quant:route23;vta_to_cpu_boundary_requires_unpack_dequant:small_pre26;vta_to_cpu_boundary_requires_unpack_dequant:big64,build_failed,," [bt] (6) /home/orange/code/tvm/build/libtvm.so(tvm::transform::Pass::operator()(tvm::IRModule, tvm::transform::PassContext const&) const+0x3d4) [0x75ad03bce3f4]
  [bt] (5) /home/orange/code/tvm/build/libtvm.so(tvm::transform::ModulePassNode::operator()(tvm::IRModule, tvm::transform::PassContext const&) const+0x1bf) [0x75ad03bd76df]
  [bt] (4) /home/orange/code/tvm/build/libtvm.so(+0x287c5f7) [0x75ad0567c5f7]
  [bt] (3) /home/orange/code/tvm/build/libtvm.so(tvm::relay::TypeInferencer::Infer(tvm::GlobalVar, tvm::relay::Function)+0xc9) [0x75ad05674119]
  [bt] (2) /home/orange/code/tvm/build/libtvm.so(+0x24f2629) [0x75ad052f2629]
  [bt] (1) /home/orange/code/tvm/build/libtvm.so(+0x99d3ab) [0x75ad0379d3ab]
  [bt] (0) /home/orange/code/tvm/build/libtvm.so(tvm::runtime::Backtrace[abi:cxx11]()+0x25) [0x75ad05bfbd95]
  File ""/home/orange/code/tvm/src/relay/analysis/type_solver.cc"", line 643
InternalError: Check failed: (false) is false: relay.concatenate requires all tensors have the same ndim"
yolo_multi_pool3_shared13__small_pre18_dual_pre18_14,pool3,dual_pre18_14,"['route23', 'small42', 'big64']",True,"[{'start_point_idx': 4, 'end_point_idx': 7, 'start_name': 'pool3', 'end_name': 'shared13', 'vta_convs': [4, 5, 6, 7]}, {'start_point_idx': 8, 'end_point_idx': 9, 'start_name': 'small_pre18', 'end_name': 'dual_pre18_14', 'vta_convs': [11]}]",2,"[{'device': 'cpu', 'input_point': 'data', 'output_point': 'pool3', 'convs': [0, 1, 2, 3]}, {'device': 'vta', 'input_point': 'pool3', 'output_point': 'shared13', 'convs': [4, 5, 6, 7]}, {'device': 'cpu', 'input_point': 'shared13', 'output_point': 'small_pre18', 'convs': [8]}, {'device': 'vta', 'input_point': 'small_pre18', 'output_point': 'dual_pre18_14', 'convs': [11]}, {'device': 'cpu', 'input_point': 'dual_pre18_14', 'output_point': 'output', 'convs': [9, 10, 12], 'is_tail': True}]",5.0,cpu/vta/cpu/vta/cpu,"[0, 1, 2, 3]","[9, 10, 12]","[[0, 1, 2, 3], [8], [9, 10, 12]]","[[4, 5, 6, 7], [11]]","[4, 5, 6, 7, 11]","[4, 7, 8, 9]","[0, 1, 2, 3, 4, 5, 6, 7, 8, 11]",203.89143272727273,1.9665454545454548,2.8842666666666665,0.16,0.0,201.29559272727275,5.0,1.0,0.0,1.0,"[203.89143272727273, 1.678118787878788, 201.29559272727275]","[77.529088, 12.460032]",89.98912,4326400,58.24907636363636,284.60414448484846,796.238529933146,412.51274084692284,2.424167549217794,True,safe,,,per_stage_quantization_experimental;non_pool4_start_boundary_experimental;cpu_tail_requires_serial_raw_gate;route_branch_cpu_to_vta_boundary;concat_route_cpu_tail_boundary;cpu_to_vta_boundary_requires_pack_quant:pool3;vta_to_cpu_boundary_requires_unpack_dequant:route23;vta_to_cpu_boundary_requires_unpack_dequant:shared38;cpu_to_vta_boundary_requires_pack_quant:route23;cpu_to_vta_boundary_requires_pack_quant:shared38;cpu_to_vta_boundary_requires_pack_quant:small42;vta_to_cpu_boundary_requires_unpack_dequant:route23;vta_to_cpu_boundary_requires_unpack_dequant:small42;vta_to_cpu_boundary_requires_unpack_dequant:big64,buildable,vta/tutorials/frontend/report_out/yolov3_tiny_pipeline_baseline/20260514_yolo_multisplit100/packages/yolo_multi_pool3_shared13__small_pre18_dual_pre18_14,
yolo_multi_pool3_trunk12__small_pre18_dual_pre18_14,pool3,dual_pre18_14,"['route23', 'small42', 'big64']",True,"[{'start_point_idx': 4, 'end_point_idx': 6, 'start_name': 'pool3', 'end_name': 'trunk12', 'vta_convs': [4, 5, 6]}, {'start_point_idx': 8, 'end_point_idx': 9, 'start_name': 'small_pre18', 'end_name': 'dual_pre18_14', 'vta_convs': [11]}]",2,"[{'device': 'cpu', 'input_point': 'data', 'output_point': 'pool3', 'convs': [0, 1, 2, 3]}, {'device': 'vta', 'input_point': 'pool3', 'output_point': 'trunk12', 'convs': [4, 5, 6]}, {'device': 'cpu', 'input_point': 'trunk12', 'output_point': 'small_pre18', 'convs': [7, 8]}, {'device': 'vta', 'input_point': 'small_pre18', 'output_point': 'dual_pre18_14', 'convs': [11]}, {'device': 'cpu', 'input_point': 'dual_pre18_14', 'output_point': 'output', 'convs': [9, 10, 12], 'is_tail': True}]",5.0,cpu/vta/cpu/vta/cpu,"[0, 1, 2, 3]","[9, 10, 12]","[[0, 1, 2, 3], [7, 8], [9, 10, 12]]","[[4, 5, 6], [11]]","[4, 5, 6, 11]","[4, 6, 8, 9]","[0, 1, 2, 3, 4, 5, 6, 7, 8, 11]",203.89143272727273,2.202530909090909,3.2303786666666667,0.16,0.0,201.29559272727275,5.0,1.0,0.0,1.0,"[203.89143272727273, 15.103069090909091, 201.29559272727275]","[74.760192, 12.460032]",87.220224,4845568,59.633524363636354,286.08613313939395,796.238529933146,413.6242323378319,2.4176533235200774,True,safe,,,per_stage_quantization_experimental;non_pool4_start_boundary_experimental;cpu_tail_requires_serial_raw_gate;route_branch_cpu_to_vta_boundary;concat_route_cpu_tail_boundary;cpu_to_vta_boundary_requires_pack_quant:pool3;vta_to_cpu_boundary_requires_unpack_dequant:route23;vta_to_cpu_boundary_requires_unpack_dequant:trunk34;cpu_to_vta_boundary_requires_pack_quant:route23;cpu_to_vta_boundary_requires_pack_quant:shared38;cpu_to_vta_boundary_requires_pack_quant:small42;vta_to_cpu_boundary_requires_unpack_dequant:route23;vta_to_cpu_boundary_requires_unpack_dequant:small42;vta_to_cpu_boundary_requires_unpack_dequant:big64,buildable,vta/tutorials/frontend/report_out/yolov3_tiny_pipeline_baseline/20260514_yolo_multisplit100/packages/yolo_multi_pool3_trunk12__small_pre18_dual_pre18_14,
