candidate_id,start_name,end_name,end_output_names,needs_route_input,cpu_prefix_convs,vta_convs,cpu_tail_convs,boundary_conv_outputs,stage_devices,balance_imbalance_ms_est,balanced_cycle_ms_est,fitted_cycle_ms_est,resource_cycle_ms,vta_dma_ms,boundary_ms,dma_fragmentation_ms,sram_risk_ms,tail_cpu_ms,stage_count,effective_segment_count,small_island_count,pattern_cpu_vta_cpu,pattern_cpu_vta_cpu_vta_cpu,stage0_ms_est,stage1_vta_ms_est,stage2_ms_est,boundary_bytes_est,predicted_cycle_ms,predicted_fps,split_candidate_id,runtime_config,runtime_config_label,boundary_valid,boundary_status,failure_type,boundary_reasons,boundary_warnings,status,package_dir,error_summary
yolo_pool2_to_dual_pre_logits__rt_s04_s22_q2_poll1000_post1000,pool2,dual_pre_logits,"['small_pre26', 'big64']",False,"[0, 1, 2]","[3, 4, 5, 6, 7, 8, 9, 11]","[10, 12]","[9, 11]",cpu/vta/cpu,2.831825454545452,158.62562909090911,335.60543322958677,143.47915636363638,0.4719709090909091,0.692224,0.04,0.0,20.05876363636364,3.0,3.0,0.0,1.0,0.0,143.47915636363638,140.64733090909093,20.05876363636364,1038336,218.57026600632628,4.575187733774621,yolo_pool2_to_dual_pre_logits,"{'stage0_threads': 4, 'stage2_threads': 2, 'queue_depth': 2, 'poll_sleep_ns': 1000, 'post_start_sleep_ns': 1000}",s04_s22_q2_poll1000_post1000,True,safe,,,per_stage_quantization_experimental;non_pool4_start_boundary_experimental;cpu_tail_requires_serial_raw_gate;cpu_to_vta_boundary_requires_pack_quant:pool2;vta_to_cpu_boundary_requires_unpack_dequant:small_pre26;vta_to_cpu_boundary_requires_unpack_dequant:big64,buildable,vta/tutorials/frontend/report_out/yolov3_tiny_pipeline_baseline/20260514_resnet_style_cpu_vta_cpu_100/packages/yolo_pool2_to_dual_pre_logits__rt_s04_s22_q2_poll1000_post1000,
yolo_pool2_to_dual_pre_logits__rt_s04_s23_q2_poll1000_post1000,pool2,dual_pre_logits,"['small_pre26', 'big64']",False,"[0, 1, 2]","[3, 4, 5, 6, 7, 8, 9, 11]","[10, 12]","[9, 11]",cpu/vta/cpu,2.831825454545452,158.62562909090911,335.60543322958677,143.47915636363638,0.4719709090909091,0.692224,0.04,0.0,20.05876363636364,3.0,3.0,0.0,1.0,0.0,143.47915636363638,140.64733090909093,20.05876363636364,1038336,218.5704866527263,4.575183115133201,yolo_pool2_to_dual_pre_logits,"{'stage0_threads': 4, 'stage2_threads': 3, 'queue_depth': 2, 'poll_sleep_ns': 1000, 'post_start_sleep_ns': 1000}",s04_s23_q2_poll1000_post1000,True,safe,,,per_stage_quantization_experimental;non_pool4_start_boundary_experimental;cpu_tail_requires_serial_raw_gate;cpu_to_vta_boundary_requires_pack_quant:pool2;vta_to_cpu_boundary_requires_unpack_dequant:small_pre26;vta_to_cpu_boundary_requires_unpack_dequant:big64,buildable,vta/tutorials/frontend/report_out/yolov3_tiny_pipeline_baseline/20260514_resnet_style_cpu_vta_cpu_100/packages/yolo_pool2_to_dual_pre_logits__rt_s04_s23_q2_poll1000_post1000,
yolo_pool2_to_dual_pre_logits__rt_s04_s24_q2_poll1000_post1000,pool2,dual_pre_logits,"['small_pre26', 'big64']",False,"[0, 1, 2]","[3, 4, 5, 6, 7, 8, 9, 11]","[10, 12]","[9, 11]",cpu/vta/cpu,2.831825454545452,158.62562909090911,335.60543322958677,143.47915636363638,0.4719709090909091,0.692224,0.04,0.0,20.05876363636364,3.0,3.0,0.0,1.0,0.0,143.47915636363638,140.64733090909093,20.05876363636364,1038336,218.5705969759263,4.575180805815988,yolo_pool2_to_dual_pre_logits,"{'stage0_threads': 4, 'stage2_threads': 4, 'queue_depth': 2, 'poll_sleep_ns': 1000, 'post_start_sleep_ns': 1000}",s04_s24_q2_poll1000_post1000,True,safe,,,per_stage_quantization_experimental;non_pool4_start_boundary_experimental;cpu_tail_requires_serial_raw_gate;cpu_to_vta_boundary_requires_pack_quant:pool2;vta_to_cpu_boundary_requires_unpack_dequant:small_pre26;vta_to_cpu_boundary_requires_unpack_dequant:big64,buildable,vta/tutorials/frontend/report_out/yolov3_tiny_pipeline_baseline/20260514_resnet_style_cpu_vta_cpu_100/packages/yolo_pool2_to_dual_pre_logits__rt_s04_s24_q2_poll1000_post1000,
yolo_pool2_to_dual_pre_logits__rt_s03_s22_q2_poll1000_post1000,pool2,dual_pre_logits,"['small_pre26', 'big64']",False,"[0, 1, 2]","[3, 4, 5, 6, 7, 8, 9, 11]","[10, 12]","[9, 11]",cpu/vta/cpu,2.831825454545452,158.62562909090911,335.60543322958677,143.47915636363638,0.4719709090909091,0.692224,0.04,0.0,20.05876363636364,3.0,3.0,0.0,1.0,0.0,143.47915636363638,140.64733090909093,20.05876363636364,1038336,218.5710551416863,4.575171215382389,yolo_pool2_to_dual_pre_logits,"{'stage0_threads': 3, 'stage2_threads': 2, 'queue_depth': 2, 'poll_sleep_ns': 1000, 'post_start_sleep_ns': 1000}",s03_s22_q2_poll1000_post1000,True,safe,,,per_stage_quantization_experimental;non_pool4_start_boundary_experimental;cpu_tail_requires_serial_raw_gate;cpu_to_vta_boundary_requires_pack_quant:pool2;vta_to_cpu_boundary_requires_unpack_dequant:small_pre26;vta_to_cpu_boundary_requires_unpack_dequant:big64,buildable,vta/tutorials/frontend/report_out/yolov3_tiny_pipeline_baseline/20260514_resnet_style_cpu_vta_cpu_100/packages/yolo_pool2_to_dual_pre_logits__rt_s03_s22_q2_poll1000_post1000,
yolo_pool2_to_dual_pre_logits__rt_s03_s23_q2_poll1000_post1000,pool2,dual_pre_logits,"['small_pre26', 'big64']",False,"[0, 1, 2]","[3, 4, 5, 6, 7, 8, 9, 11]","[10, 12]","[9, 11]",cpu/vta/cpu,2.831825454545452,158.62562909090911,335.60543322958677,143.47915636363638,0.4719709090909091,0.692224,0.04,0.0,20.05876363636364,3.0,3.0,0.0,1.0,0.0,143.47915636363638,140.64733090909093,20.05876363636364,1038336,218.57127578808627,4.57516659677432,yolo_pool2_to_dual_pre_logits,"{'stage0_threads': 3, 'stage2_threads': 3, 'queue_depth': 2, 'poll_sleep_ns': 1000, 'post_start_sleep_ns': 1000}",s03_s23_q2_poll1000_post1000,True,safe,,,per_stage_quantization_experimental;non_pool4_start_boundary_experimental;cpu_tail_requires_serial_raw_gate;cpu_to_vta_boundary_requires_pack_quant:pool2;vta_to_cpu_boundary_requires_unpack_dequant:small_pre26;vta_to_cpu_boundary_requires_unpack_dequant:big64,buildable,vta/tutorials/frontend/report_out/yolov3_tiny_pipeline_baseline/20260514_resnet_style_cpu_vta_cpu_100/packages/yolo_pool2_to_dual_pre_logits__rt_s03_s23_q2_poll1000_post1000,
yolo_pool2_to_dual_pre_logits__rt_s03_s24_q2_poll1000_post1000,pool2,dual_pre_logits,"['small_pre26', 'big64']",False,"[0, 1, 2]","[3, 4, 5, 6, 7, 8, 9, 11]","[10, 12]","[9, 11]",cpu/vta/cpu,2.831825454545452,158.62562909090911,335.60543322958677,143.47915636363638,0.4719709090909091,0.692224,0.04,0.0,20.05876363636364,3.0,3.0,0.0,1.0,0.0,143.47915636363638,140.64733090909093,20.05876363636364,1038336,218.57138611128627,4.575164287473783,yolo_pool2_to_dual_pre_logits,"{'stage0_threads': 3, 'stage2_threads': 4, 'queue_depth': 2, 'poll_sleep_ns': 1000, 'post_start_sleep_ns': 1000}",s03_s24_q2_poll1000_post1000,True,safe,,,per_stage_quantization_experimental;non_pool4_start_boundary_experimental;cpu_tail_requires_serial_raw_gate;cpu_to_vta_boundary_requires_pack_quant:pool2;vta_to_cpu_boundary_requires_unpack_dequant:small_pre26;vta_to_cpu_boundary_requires_unpack_dequant:big64,buildable,vta/tutorials/frontend/report_out/yolov3_tiny_pipeline_baseline/20260514_resnet_style_cpu_vta_cpu_100/packages/yolo_pool2_to_dual_pre_logits__rt_s03_s24_q2_poll1000_post1000,
yolo_pool1_to_dual_pre_logits__rt_s04_s22_q2_poll1000_post1000,pool1,dual_pre_logits,"['small_pre26', 'big64']",False,"[0, 1]","[2, 3, 4, 5, 6, 7, 8, 9, 11]","[10, 12]","[9, 11]",cpu/vta/cpu,70.04048290909091,215.29989585454547,340.02040519637256,152.635392,0.4719709090909091,0.692224,0.04,0.0,20.05876363636364,3.0,3.0,0.0,1.0,0.0,83.06688,153.1073629090909,20.05876363636364,1038336,256.9527827885049,3.8917655965730065,yolo_pool1_to_dual_pre_logits,"{'stage0_threads': 4, 'stage2_threads': 2, 'queue_depth': 2, 'poll_sleep_ns': 1000, 'post_start_sleep_ns': 1000}",s04_s22_q2_poll1000_post1000,True,safe,,,per_stage_quantization_experimental;non_pool4_start_boundary_experimental;cpu_tail_requires_serial_raw_gate;cpu_to_vta_boundary_requires_pack_quant:pool1;vta_to_cpu_boundary_requires_unpack_dequant:small_pre26;vta_to_cpu_boundary_requires_unpack_dequant:big64,buildable,vta/tutorials/frontend/report_out/yolov3_tiny_pipeline_baseline/20260514_resnet_style_cpu_vta_cpu_100/packages/yolo_pool1_to_dual_pre_logits__rt_s04_s22_q2_poll1000_post1000,
yolo_pool1_to_dual_pre_logits__rt_s04_s23_q2_poll1000_post1000,pool1,dual_pre_logits,"['small_pre26', 'big64']",False,"[0, 1]","[2, 3, 4, 5, 6, 7, 8, 9, 11]","[10, 12]","[9, 11]",cpu/vta/cpu,70.04048290909091,215.29989585454547,340.02040519637256,152.635392,0.4719709090909091,0.692224,0.04,0.0,20.05876363636364,3.0,3.0,0.0,1.0,0.0,83.06688,153.1073629090909,20.05876363636364,1038336,256.95300343490493,3.8917622547009243,yolo_pool1_to_dual_pre_logits,"{'stage0_threads': 4, 'stage2_threads': 3, 'queue_depth': 2, 'poll_sleep_ns': 1000, 'post_start_sleep_ns': 1000}",s04_s23_q2_poll1000_post1000,True,safe,,,per_stage_quantization_experimental;non_pool4_start_boundary_experimental;cpu_tail_requires_serial_raw_gate;cpu_to_vta_boundary_requires_pack_quant:pool1;vta_to_cpu_boundary_requires_unpack_dequant:small_pre26;vta_to_cpu_boundary_requires_unpack_dequant:big64,buildable,vta/tutorials/frontend/report_out/yolov3_tiny_pipeline_baseline/20260514_resnet_style_cpu_vta_cpu_100/packages/yolo_pool1_to_dual_pre_logits__rt_s04_s23_q2_poll1000_post1000,
yolo_pool1_to_dual_pre_logits__rt_s04_s24_q2_poll1000_post1000,pool1,dual_pre_logits,"['small_pre26', 'big64']",False,"[0, 1]","[2, 3, 4, 5, 6, 7, 8, 9, 11]","[10, 12]","[9, 11]",cpu/vta/cpu,70.04048290909091,215.29989585454547,340.02040519637256,152.635392,0.4719709090909091,0.692224,0.04,0.0,20.05876363636364,3.0,3.0,0.0,1.0,0.0,83.06688,153.1073629090909,20.05876363636364,1038336,256.95311375810496,3.8917605837670353,yolo_pool1_to_dual_pre_logits,"{'stage0_threads': 4, 'stage2_threads': 4, 'queue_depth': 2, 'poll_sleep_ns': 1000, 'post_start_sleep_ns': 1000}",s04_s24_q2_poll1000_post1000,True,safe,,,per_stage_quantization_experimental;non_pool4_start_boundary_experimental;cpu_tail_requires_serial_raw_gate;cpu_to_vta_boundary_requires_pack_quant:pool1;vta_to_cpu_boundary_requires_unpack_dequant:small_pre26;vta_to_cpu_boundary_requires_unpack_dequant:big64,buildable,vta/tutorials/frontend/report_out/yolov3_tiny_pipeline_baseline/20260514_resnet_style_cpu_vta_cpu_100/packages/yolo_pool1_to_dual_pre_logits__rt_s04_s24_q2_poll1000_post1000,
yolo_pool1_to_dual_pre_logits__rt_s03_s22_q2_poll1000_post1000,pool1,dual_pre_logits,"['small_pre26', 'big64']",False,"[0, 1]","[2, 3, 4, 5, 6, 7, 8, 9, 11]","[10, 12]","[9, 11]",cpu/vta/cpu,70.04048290909091,215.29989585454547,340.02040519637256,152.635392,0.4719709090909091,0.692224,0.04,0.0,20.05876363636364,3.0,3.0,0.0,1.0,0.0,83.06688,153.1073629090909,20.05876363636364,1038336,256.9532396563449,3.8917586769383514,yolo_pool1_to_dual_pre_logits,"{'stage0_threads': 3, 'stage2_threads': 2, 'queue_depth': 2, 'poll_sleep_ns': 1000, 'post_start_sleep_ns': 1000}",s03_s22_q2_poll1000_post1000,True,safe,,,per_stage_quantization_experimental;non_pool4_start_boundary_experimental;cpu_tail_requires_serial_raw_gate;cpu_to_vta_boundary_requires_pack_quant:pool1;vta_to_cpu_boundary_requires_unpack_dequant:small_pre26;vta_to_cpu_boundary_requires_unpack_dequant:big64,buildable,vta/tutorials/frontend/report_out/yolov3_tiny_pipeline_baseline/20260514_resnet_style_cpu_vta_cpu_100/packages/yolo_pool1_to_dual_pre_logits__rt_s03_s22_q2_poll1000_post1000,
yolo_pool1_to_dual_pre_logits__rt_s03_s23_q2_poll1000_post1000,pool1,dual_pre_logits,"['small_pre26', 'big64']",False,"[0, 1]","[2, 3, 4, 5, 6, 7, 8, 9, 11]","[10, 12]","[9, 11]",cpu/vta/cpu,70.04048290909091,215.29989585454547,340.02040519637256,152.635392,0.4719709090909091,0.692224,0.04,0.0,20.05876363636364,3.0,3.0,0.0,1.0,0.0,83.06688,153.1073629090909,20.05876363636364,1038336,256.95346030274493,3.891755335078153,yolo_pool1_to_dual_pre_logits,"{'stage0_threads': 3, 'stage2_threads': 3, 'queue_depth': 2, 'poll_sleep_ns': 1000, 'post_start_sleep_ns': 1000}",s03_s23_q2_poll1000_post1000,True,safe,,,per_stage_quantization_experimental;non_pool4_start_boundary_experimental;cpu_tail_requires_serial_raw_gate;cpu_to_vta_boundary_requires_pack_quant:pool1;vta_to_cpu_boundary_requires_unpack_dequant:small_pre26;vta_to_cpu_boundary_requires_unpack_dequant:big64,buildable,vta/tutorials/frontend/report_out/yolov3_tiny_pipeline_baseline/20260514_resnet_style_cpu_vta_cpu_100/packages/yolo_pool1_to_dual_pre_logits__rt_s03_s23_q2_poll1000_post1000,
yolo_pool1_to_dual_pre_logits__rt_s03_s24_q2_poll1000_post1000,pool1,dual_pre_logits,"['small_pre26', 'big64']",False,"[0, 1]","[2, 3, 4, 5, 6, 7, 8, 9, 11]","[10, 12]","[9, 11]",cpu/vta/cpu,70.04048290909091,215.29989585454547,340.02040519637256,152.635392,0.4719709090909091,0.692224,0.04,0.0,20.05876363636364,3.0,3.0,0.0,1.0,0.0,83.06688,153.1073629090909,20.05876363636364,1038336,256.95357062594496,3.891753664150206,yolo_pool1_to_dual_pre_logits,"{'stage0_threads': 3, 'stage2_threads': 4, 'queue_depth': 2, 'poll_sleep_ns': 1000, 'post_start_sleep_ns': 1000}",s03_s24_q2_poll1000_post1000,True,safe,,,per_stage_quantization_experimental;non_pool4_start_boundary_experimental;cpu_tail_requires_serial_raw_gate;cpu_to_vta_boundary_requires_pack_quant:pool1;vta_to_cpu_boundary_requires_unpack_dequant:small_pre26;vta_to_cpu_boundary_requires_unpack_dequant:big64,buildable,vta/tutorials/frontend/report_out/yolov3_tiny_pipeline_baseline/20260514_resnet_style_cpu_vta_cpu_100/packages/yolo_pool1_to_dual_pre_logits__rt_s03_s24_q2_poll1000_post1000,
yolo_pool3_to_dual_pre18_14__rt_s04_s24_q2_poll1000_post1000,pool3,dual_pre18_14,"['route23', 'small42', 'big64']",False,"[0, 1, 2, 3]","[4, 5, 6, 7, 8, 11]","[9, 10, 12]","[4, 8, 11]",cpu/vta/cpu,2.5958399999999813,218.96973187878785,435.86297081717237,203.89143272727273,0.5113018181818182,0.7499093333333333,0.06,0.0,201.29559272727275,3.0,3.0,0.0,1.0,0.0,203.89143272727273,90.84653381818183,201.29559272727275,1124864,292.8824083385824,3.414339583154358,yolo_pool3_to_dual_pre18_14,"{'stage0_threads': 4, 'stage2_threads': 4, 'queue_depth': 2, 'poll_sleep_ns': 1000, 'post_start_sleep_ns': 1000}",s04_s24_q2_poll1000_post1000,True,safe,,,per_stage_quantization_experimental;non_pool4_start_boundary_experimental;cpu_tail_requires_serial_raw_gate;concat_route_cpu_tail_boundary;cpu_to_vta_boundary_requires_pack_quant:pool3;vta_to_cpu_boundary_requires_unpack_dequant:route23;vta_to_cpu_boundary_requires_unpack_dequant:small42;vta_to_cpu_boundary_requires_unpack_dequant:big64,buildable,vta/tutorials/frontend/report_out/yolov3_tiny_pipeline_baseline/20260514_resnet_style_cpu_vta_cpu_100/packages/yolo_pool3_to_dual_pre18_14__rt_s04_s24_q2_poll1000_post1000,
yolo_pool3_to_dual_pre18_14__rt_s03_s23_q2_poll1000_post1000,pool3,dual_pre18_14,"['route23', 'small42', 'big64']",False,"[0, 1, 2, 3]","[4, 5, 6, 7, 8, 11]","[9, 10, 12]","[4, 8, 11]",cpu/vta/cpu,2.5958399999999813,218.96973187878785,435.86297081717237,203.89143272727273,0.5113018181818182,0.7499093333333333,0.06,0.0,201.29559272727275,3.0,3.0,0.0,1.0,0.0,203.89143272727273,90.84653381818183,201.29559272727275,1124864,292.8824226157024,3.4143394167157735,yolo_pool3_to_dual_pre18_14,"{'stage0_threads': 3, 'stage2_threads': 3, 'queue_depth': 2, 'poll_sleep_ns': 1000, 'post_start_sleep_ns': 1000}",s03_s23_q2_poll1000_post1000,True,safe,,,per_stage_quantization_experimental;non_pool4_start_boundary_experimental;cpu_tail_requires_serial_raw_gate;concat_route_cpu_tail_boundary;cpu_to_vta_boundary_requires_pack_quant:pool3;vta_to_cpu_boundary_requires_unpack_dequant:route23;vta_to_cpu_boundary_requires_unpack_dequant:small42;vta_to_cpu_boundary_requires_unpack_dequant:big64,buildable,vta/tutorials/frontend/report_out/yolov3_tiny_pipeline_baseline/20260514_resnet_style_cpu_vta_cpu_100/packages/yolo_pool3_to_dual_pre18_14__rt_s03_s23_q2_poll1000_post1000,
yolo_pool3_to_dual_pre18_14__rt_s02_s22_q2_poll1000_post1000,pool3,dual_pre18_14,"['route23', 'small42', 'big64']",False,"[0, 1, 2, 3]","[4, 5, 6, 7, 8, 11]","[9, 10, 12]","[4, 8, 11]",cpu/vta/cpu,2.5958399999999813,218.96973187878785,435.86297081717237,203.89143272727273,0.5113018181818182,0.7499093333333333,0.06,0.0,201.29559272727275,3.0,3.0,0.0,1.0,0.0,203.89143272727273,90.84653381818183,201.29559272727275,1124864,292.8824511699424,3.4143390838386525,yolo_pool3_to_dual_pre18_14,"{'stage0_threads': 2, 'stage2_threads': 2, 'queue_depth': 2, 'poll_sleep_ns': 1000, 'post_start_sleep_ns': 1000}",s02_s22_q2_poll1000_post1000,True,safe,,,per_stage_quantization_experimental;non_pool4_start_boundary_experimental;cpu_tail_requires_serial_raw_gate;concat_route_cpu_tail_boundary;cpu_to_vta_boundary_requires_pack_quant:pool3;vta_to_cpu_boundary_requires_unpack_dequant:route23;vta_to_cpu_boundary_requires_unpack_dequant:small42;vta_to_cpu_boundary_requires_unpack_dequant:big64,buildable,vta/tutorials/frontend/report_out/yolov3_tiny_pipeline_baseline/20260514_resnet_style_cpu_vta_cpu_100/packages/yolo_pool3_to_dual_pre18_14__rt_s02_s22_q2_poll1000_post1000,
yolo_pool3_to_dual_pre18_14__rt_s04_s23_q2_poll1000_post1000,pool3,dual_pre18_14,"['route23', 'small42', 'big64']",False,"[0, 1, 2, 3]","[4, 5, 6, 7, 8, 11]","[9, 10, 12]","[4, 8, 11]",cpu/vta/cpu,2.5958399999999813,218.96973187878785,435.86297081717237,203.89143272727273,0.5113018181818182,0.7499093333333333,0.06,0.0,201.29559272727275,3.0,3.0,0.0,1.0,0.0,203.89143272727273,90.84653381818183,201.29559272727275,1124864,292.8834298016224,3.4143276752711005,yolo_pool3_to_dual_pre18_14,"{'stage0_threads': 4, 'stage2_threads': 3, 'queue_depth': 2, 'poll_sleep_ns': 1000, 'post_start_sleep_ns': 1000}",s04_s23_q2_poll1000_post1000,True,safe,,,per_stage_quantization_experimental;non_pool4_start_boundary_experimental;cpu_tail_requires_serial_raw_gate;concat_route_cpu_tail_boundary;cpu_to_vta_boundary_requires_pack_quant:pool3;vta_to_cpu_boundary_requires_unpack_dequant:route23;vta_to_cpu_boundary_requires_unpack_dequant:small42;vta_to_cpu_boundary_requires_unpack_dequant:big64,buildable,vta/tutorials/frontend/report_out/yolov3_tiny_pipeline_baseline/20260514_resnet_style_cpu_vta_cpu_100/packages/yolo_pool3_to_dual_pre18_14__rt_s04_s23_q2_poll1000_post1000,
yolo_pool3_to_dual_pre18_14__rt_s03_s24_q2_poll1000_post1000,pool3,dual_pre18_14,"['route23', 'small42', 'big64']",False,"[0, 1, 2, 3]","[4, 5, 6, 7, 8, 11]","[9, 10, 12]","[4, 8, 11]",cpu/vta/cpu,2.5958399999999813,218.96973187878785,435.86297081717237,203.89143272727273,0.5113018181818182,0.7499093333333333,0.06,0.0,201.29559272727275,3.0,3.0,0.0,1.0,0.0,203.89143272727273,90.84653381818183,201.29559272727275,1124864,292.8835297414624,3.414326510209474,yolo_pool3_to_dual_pre18_14,"{'stage0_threads': 3, 'stage2_threads': 4, 'queue_depth': 2, 'poll_sleep_ns': 1000, 'post_start_sleep_ns': 1000}",s03_s24_q2_poll1000_post1000,True,safe,,,per_stage_quantization_experimental;non_pool4_start_boundary_experimental;cpu_tail_requires_serial_raw_gate;concat_route_cpu_tail_boundary;cpu_to_vta_boundary_requires_pack_quant:pool3;vta_to_cpu_boundary_requires_unpack_dequant:route23;vta_to_cpu_boundary_requires_unpack_dequant:small42;vta_to_cpu_boundary_requires_unpack_dequant:big64,buildable,vta/tutorials/frontend/report_out/yolov3_tiny_pipeline_baseline/20260514_resnet_style_cpu_vta_cpu_100/packages/yolo_pool3_to_dual_pre18_14__rt_s03_s24_q2_poll1000_post1000,
yolo_pool3_to_dual_pre18_14__rt_s03_s22_q2_poll1000_post1000,pool3,dual_pre18_14,"['route23', 'small42', 'big64']",False,"[0, 1, 2, 3]","[4, 5, 6, 7, 8, 11]","[9, 10, 12]","[4, 8, 11]",cpu/vta/cpu,2.5958399999999813,218.96973187878785,435.86297081717237,203.89143272727273,0.5113018181818182,0.7499093333333333,0.06,0.0,201.29559272727275,3.0,3.0,0.0,1.0,0.0,203.89143272727273,90.84653381818183,201.29559272727275,1124864,292.8845226502624,3.41431493528975,yolo_pool3_to_dual_pre18_14,"{'stage0_threads': 3, 'stage2_threads': 2, 'queue_depth': 2, 'poll_sleep_ns': 1000, 'post_start_sleep_ns': 1000}",s03_s22_q2_poll1000_post1000,True,safe,,,per_stage_quantization_experimental;non_pool4_start_boundary_experimental;cpu_tail_requires_serial_raw_gate;concat_route_cpu_tail_boundary;cpu_to_vta_boundary_requires_pack_quant:pool3;vta_to_cpu_boundary_requires_unpack_dequant:route23;vta_to_cpu_boundary_requires_unpack_dequant:small42;vta_to_cpu_boundary_requires_unpack_dequant:big64,buildable,vta/tutorials/frontend/report_out/yolov3_tiny_pipeline_baseline/20260514_resnet_style_cpu_vta_cpu_100/packages/yolo_pool3_to_dual_pre18_14__rt_s03_s22_q2_poll1000_post1000,
yolo_pool0_to_dual_pre_logits__rt_s04_s24_q2_poll1000_post1000,pool0,dual_pre_logits,"['small_pre26', 'big64']",False,[0],"[1, 2, 3, 4, 5, 6, 7, 8, 9, 11]","[10, 12]","[9, 11]",cpu/vta/cpu,142.91279127272725,278.7705437090909,346.02840828519453,165.09542399999998,0.4719709090909091,0.692224,0.04,0.0,20.05876363636364,3.0,3.0,0.0,1.0,0.0,22.65460363636364,165.5673949090909,20.05876363636364,1038336,300.31083914208716,3.329883139938437,yolo_pool0_to_dual_pre_logits,"{'stage0_threads': 4, 'stage2_threads': 4, 'queue_depth': 2, 'poll_sleep_ns': 1000, 'post_start_sleep_ns': 1000}",s04_s24_q2_poll1000_post1000,True,safe,,,per_stage_quantization_experimental;non_pool4_start_boundary_experimental;cpu_tail_requires_serial_raw_gate;cpu_to_vta_boundary_requires_pack_quant:pool0;vta_to_cpu_boundary_requires_unpack_dequant:small_pre26;vta_to_cpu_boundary_requires_unpack_dequant:big64,buildable,vta/tutorials/frontend/report_out/yolov3_tiny_pipeline_baseline/20260514_resnet_style_cpu_vta_cpu_100/packages/yolo_pool0_to_dual_pre_logits__rt_s04_s24_q2_poll1000_post1000,
yolo_pool0_to_dual_pre_logits__rt_s03_s23_q2_poll1000_post1000,pool0,dual_pre_logits,"['small_pre26', 'big64']",False,[0],"[1, 2, 3, 4, 5, 6, 7, 8, 9, 11]","[10, 12]","[9, 11]",cpu/vta/cpu,142.91279127272725,278.7705437090909,346.02840828519453,165.09542399999998,0.4719709090909091,0.692224,0.04,0.0,20.05876363636364,3.0,3.0,0.0,1.0,0.0,22.65460363636364,165.5673949090909,20.05876363636364,1038336,300.31085341920715,3.329882981632,yolo_pool0_to_dual_pre_logits,"{'stage0_threads': 3, 'stage2_threads': 3, 'queue_depth': 2, 'poll_sleep_ns': 1000, 'post_start_sleep_ns': 1000}",s03_s23_q2_poll1000_post1000,True,safe,,,per_stage_quantization_experimental;non_pool4_start_boundary_experimental;cpu_tail_requires_serial_raw_gate;cpu_to_vta_boundary_requires_pack_quant:pool0;vta_to_cpu_boundary_requires_unpack_dequant:small_pre26;vta_to_cpu_boundary_requires_unpack_dequant:big64,buildable,vta/tutorials/frontend/report_out/yolov3_tiny_pipeline_baseline/20260514_resnet_style_cpu_vta_cpu_100/packages/yolo_pool0_to_dual_pre_logits__rt_s03_s23_q2_poll1000_post1000,
yolo_pool0_to_dual_pre_logits__rt_s04_s23_q2_poll1000_post1000,pool0,dual_pre_logits,"['small_pre26', 'big64']",False,[0],"[1, 2, 3, 4, 5, 6, 7, 8, 9, 11]","[10, 12]","[9, 11]",cpu/vta/cpu,142.91279127272725,278.7705437090909,346.02840828519453,165.09542399999998,0.4719709090909091,0.692224,0.04,0.0,20.05876363636364,3.0,3.0,0.0,1.0,0.0,22.65460363636364,165.5673949090909,20.05876363636364,1038336,300.31086380256716,3.3298828665000553,yolo_pool0_to_dual_pre_logits,"{'stage0_threads': 4, 'stage2_threads': 3, 'queue_depth': 2, 'poll_sleep_ns': 1000, 'post_start_sleep_ns': 1000}",s04_s23_q2_poll1000_post1000,True,safe,,,per_stage_quantization_experimental;non_pool4_start_boundary_experimental;cpu_tail_requires_serial_raw_gate;cpu_to_vta_boundary_requires_pack_quant:pool0;vta_to_cpu_boundary_requires_unpack_dequant:small_pre26;vta_to_cpu_boundary_requires_unpack_dequant:big64,buildable,vta/tutorials/frontend/report_out/yolov3_tiny_pipeline_baseline/20260514_resnet_style_cpu_vta_cpu_100/packages/yolo_pool0_to_dual_pre_logits__rt_s04_s23_q2_poll1000_post1000,
yolo_pool0_to_dual_pre_logits__rt_s02_s22_q2_poll1000_post1000,pool0,dual_pre_logits,"['small_pre26', 'big64']",False,[0],"[1, 2, 3, 4, 5, 6, 7, 8, 9, 11]","[10, 12]","[9, 11]",cpu/vta/cpu,142.91279127272725,278.7705437090909,346.02840828519453,165.09542399999998,0.4719709090909091,0.692224,0.04,0.0,20.05876363636364,3.0,3.0,0.0,1.0,0.0,22.65460363636364,165.5673949090909,20.05876363636364,1038336,300.3108819734471,3.3298826650191717,yolo_pool0_to_dual_pre_logits,"{'stage0_threads': 2, 'stage2_threads': 2, 'queue_depth': 2, 'poll_sleep_ns': 1000, 'post_start_sleep_ns': 1000}",s02_s22_q2_poll1000_post1000,True,safe,,,per_stage_quantization_experimental;non_pool4_start_boundary_experimental;cpu_tail_requires_serial_raw_gate;cpu_to_vta_boundary_requires_pack_quant:pool0;vta_to_cpu_boundary_requires_unpack_dequant:small_pre26;vta_to_cpu_boundary_requires_unpack_dequant:big64,buildable,vta/tutorials/frontend/report_out/yolov3_tiny_pipeline_baseline/20260514_resnet_style_cpu_vta_cpu_100/packages/yolo_pool0_to_dual_pre_logits__rt_s02_s22_q2_poll1000_post1000,
yolo_pool0_to_dual_pre_logits__rt_s03_s22_q2_poll1000_post1000,pool0,dual_pre_logits,"['small_pre26', 'big64']",False,[0],"[1, 2, 3, 4, 5, 6, 7, 8, 9, 11]","[10, 12]","[9, 11]",cpu/vta/cpu,142.91279127272725,278.7705437090909,346.02840828519453,165.09542399999998,0.4719709090909091,0.692224,0.04,0.0,20.05876363636364,3.0,3.0,0.0,1.0,0.0,22.65460363636364,165.5673949090909,20.05876363636364,1038336,300.31095984864714,3.3298818015299445,yolo_pool0_to_dual_pre_logits,"{'stage0_threads': 3, 'stage2_threads': 2, 'queue_depth': 2, 'poll_sleep_ns': 1000, 'post_start_sleep_ns': 1000}",s03_s22_q2_poll1000_post1000,True,safe,,,per_stage_quantization_experimental;non_pool4_start_boundary_experimental;cpu_tail_requires_serial_raw_gate;cpu_to_vta_boundary_requires_pack_quant:pool0;vta_to_cpu_boundary_requires_unpack_dequant:small_pre26;vta_to_cpu_boundary_requires_unpack_dequant:big64,buildable,vta/tutorials/frontend/report_out/yolov3_tiny_pipeline_baseline/20260514_resnet_style_cpu_vta_cpu_100/packages/yolo_pool0_to_dual_pre_logits__rt_s03_s22_q2_poll1000_post1000,
yolo_pool0_to_dual_pre_logits__rt_s03_s24_q2_poll1000_post1000,pool0,dual_pre_logits,"['small_pre26', 'big64']",False,[0],"[1, 2, 3, 4, 5, 6, 7, 8, 9, 11]","[10, 12]","[9, 11]",cpu/vta/cpu,142.91279127272725,278.7705437090909,346.02840828519453,165.09542399999998,0.4719709090909091,0.692224,0.04,0.0,20.05876363636364,3.0,3.0,0.0,1.0,0.0,22.65460363636364,165.5673949090909,20.05876363636364,1038336,300.3109637424071,3.329881758355495,yolo_pool0_to_dual_pre_logits,"{'stage0_threads': 3, 'stage2_threads': 4, 'queue_depth': 2, 'poll_sleep_ns': 1000, 'post_start_sleep_ns': 1000}",s03_s24_q2_poll1000_post1000,True,safe,,,per_stage_quantization_experimental;non_pool4_start_boundary_experimental;cpu_tail_requires_serial_raw_gate;cpu_to_vta_boundary_requires_pack_quant:pool0;vta_to_cpu_boundary_requires_unpack_dequant:small_pre26;vta_to_cpu_boundary_requires_unpack_dequant:big64,buildable,vta/tutorials/frontend/report_out/yolov3_tiny_pipeline_baseline/20260514_resnet_style_cpu_vta_cpu_100/packages/yolo_pool0_to_dual_pre_logits__rt_s03_s24_q2_poll1000_post1000,
yolo_pool3_to_dual_pre_logits__rt_s04_s22_q2_poll1000_post1000,pool3,dual_pre_logits,"['small_pre26', 'big64']",False,"[0, 1, 2, 3]","[4, 5, 6, 7, 8, 9, 11]","[10, 12]","[9, 11]",cpu/vta/cpu,75.70413381818184,270.0485213090909,364.73514517539024,203.89143272727273,0.4719709090909091,0.692224,0.04,0.0,20.05876363636364,3.0,3.0,0.0,1.0,0.0,203.89143272727273,128.18729890909088,20.05876363636364,1038336,301.1915419317357,3.3201463546630654,yolo_pool3_to_dual_pre_logits,"{'stage0_threads': 4, 'stage2_threads': 2, 'queue_depth': 2, 'poll_sleep_ns': 1000, 'post_start_sleep_ns': 1000}",s04_s22_q2_poll1000_post1000,True,safe,,,per_stage_quantization_experimental;non_pool4_start_boundary_experimental;cpu_tail_requires_serial_raw_gate;cpu_to_vta_boundary_requires_pack_quant:pool3;vta_to_cpu_boundary_requires_unpack_dequant:small_pre26;vta_to_cpu_boundary_requires_unpack_dequant:big64,buildable,vta/tutorials/frontend/report_out/yolov3_tiny_pipeline_baseline/20260514_resnet_style_cpu_vta_cpu_100/packages/yolo_pool3_to_dual_pre_logits__rt_s04_s22_q2_poll1000_post1000,
yolo_pool3_to_dual_pre_logits__rt_s04_s23_q2_poll1000_post1000,pool3,dual_pre_logits,"['small_pre26', 'big64']",False,"[0, 1, 2, 3]","[4, 5, 6, 7, 8, 9, 11]","[10, 12]","[9, 11]",cpu/vta/cpu,75.70413381818184,270.0485213090909,364.73514517539024,203.89143272727273,0.4719709090909091,0.692224,0.04,0.0,20.05876363636364,3.0,3.0,0.0,1.0,0.0,203.89143272727273,128.18729890909088,20.05876363636364,1038336,301.19176257813564,3.3201439223975404,yolo_pool3_to_dual_pre_logits,"{'stage0_threads': 4, 'stage2_threads': 3, 'queue_depth': 2, 'poll_sleep_ns': 1000, 'post_start_sleep_ns': 1000}",s04_s23_q2_poll1000_post1000,True,safe,,,per_stage_quantization_experimental;non_pool4_start_boundary_experimental;cpu_tail_requires_serial_raw_gate;cpu_to_vta_boundary_requires_pack_quant:pool3;vta_to_cpu_boundary_requires_unpack_dequant:small_pre26;vta_to_cpu_boundary_requires_unpack_dequant:big64,buildable,vta/tutorials/frontend/report_out/yolov3_tiny_pipeline_baseline/20260514_resnet_style_cpu_vta_cpu_100/packages/yolo_pool3_to_dual_pre_logits__rt_s04_s23_q2_poll1000_post1000,
yolo_pool3_to_dual_pre_logits__rt_s04_s24_q2_poll1000_post1000,pool3,dual_pre_logits,"['small_pre26', 'big64']",False,"[0, 1, 2, 3]","[4, 5, 6, 7, 8, 9, 11]","[10, 12]","[9, 11]",cpu/vta/cpu,75.70413381818184,270.0485213090909,364.73514517539024,203.89143272727273,0.4719709090909091,0.692224,0.04,0.0,20.05876363636364,3.0,3.0,0.0,1.0,0.0,203.89143272727273,128.18729890909088,20.05876363636364,1038336,301.19187290133567,3.3201427062661137,yolo_pool3_to_dual_pre_logits,"{'stage0_threads': 4, 'stage2_threads': 4, 'queue_depth': 2, 'poll_sleep_ns': 1000, 'post_start_sleep_ns': 1000}",s04_s24_q2_poll1000_post1000,True,safe,,,per_stage_quantization_experimental;non_pool4_start_boundary_experimental;cpu_tail_requires_serial_raw_gate;cpu_to_vta_boundary_requires_pack_quant:pool3;vta_to_cpu_boundary_requires_unpack_dequant:small_pre26;vta_to_cpu_boundary_requires_unpack_dequant:big64,buildable,vta/tutorials/frontend/report_out/yolov3_tiny_pipeline_baseline/20260514_resnet_style_cpu_vta_cpu_100/packages/yolo_pool3_to_dual_pre_logits__rt_s04_s24_q2_poll1000_post1000,
yolo_pool3_to_dual_pre_logits__rt_s03_s22_q2_poll1000_post1000,pool3,dual_pre_logits,"['small_pre26', 'big64']",False,"[0, 1, 2, 3]","[4, 5, 6, 7, 8, 9, 11]","[10, 12]","[9, 11]",cpu/vta/cpu,75.70413381818184,270.0485213090909,364.73514517539024,203.89143272727273,0.4719709090909091,0.692224,0.04,0.0,20.05876363636364,3.0,3.0,0.0,1.0,0.0,203.89143272727273,128.18729890909088,20.05876363636364,1038336,301.19266333461564,3.3201339930681883,yolo_pool3_to_dual_pre_logits,"{'stage0_threads': 3, 'stage2_threads': 2, 'queue_depth': 2, 'poll_sleep_ns': 1000, 'post_start_sleep_ns': 1000}",s03_s22_q2_poll1000_post1000,True,safe,,,per_stage_quantization_experimental;non_pool4_start_boundary_experimental;cpu_tail_requires_serial_raw_gate;cpu_to_vta_boundary_requires_pack_quant:pool3;vta_to_cpu_boundary_requires_unpack_dequant:small_pre26;vta_to_cpu_boundary_requires_unpack_dequant:big64,buildable,vta/tutorials/frontend/report_out/yolov3_tiny_pipeline_baseline/20260514_resnet_style_cpu_vta_cpu_100/packages/yolo_pool3_to_dual_pre_logits__rt_s03_s22_q2_poll1000_post1000,
yolo_pool3_to_dual_pre_logits__rt_s03_s23_q2_poll1000_post1000,pool3,dual_pre_logits,"['small_pre26', 'big64']",False,"[0, 1, 2, 3]","[4, 5, 6, 7, 8, 9, 11]","[10, 12]","[9, 11]",cpu/vta/cpu,75.70413381818184,270.0485213090909,364.73514517539024,203.89143272727273,0.4719709090909091,0.692224,0.04,0.0,20.05876363636364,3.0,3.0,0.0,1.0,0.0,203.89143272727273,128.18729890909088,20.05876363636364,1038336,301.19288398101565,3.3201315608207747,yolo_pool3_to_dual_pre_logits,"{'stage0_threads': 3, 'stage2_threads': 3, 'queue_depth': 2, 'poll_sleep_ns': 1000, 'post_start_sleep_ns': 1000}",s03_s23_q2_poll1000_post1000,True,safe,,,per_stage_quantization_experimental;non_pool4_start_boundary_experimental;cpu_tail_requires_serial_raw_gate;cpu_to_vta_boundary_requires_pack_quant:pool3;vta_to_cpu_boundary_requires_unpack_dequant:small_pre26;vta_to_cpu_boundary_requires_unpack_dequant:big64,buildable,vta/tutorials/frontend/report_out/yolov3_tiny_pipeline_baseline/20260514_resnet_style_cpu_vta_cpu_100/packages/yolo_pool3_to_dual_pre_logits__rt_s03_s23_q2_poll1000_post1000,
yolo_pool3_to_dual_pre_logits__rt_s03_s24_q2_poll1000_post1000,pool3,dual_pre_logits,"['small_pre26', 'big64']",False,"[0, 1, 2, 3]","[4, 5, 6, 7, 8, 9, 11]","[10, 12]","[9, 11]",cpu/vta/cpu,75.70413381818184,270.0485213090909,364.73514517539024,203.89143272727273,0.4719709090909091,0.692224,0.04,0.0,20.05876363636364,3.0,3.0,0.0,1.0,0.0,203.89143272727273,128.18729890909088,20.05876363636364,1038336,301.1929943042157,3.320130344698404,yolo_pool3_to_dual_pre_logits,"{'stage0_threads': 3, 'stage2_threads': 4, 'queue_depth': 2, 'poll_sleep_ns': 1000, 'post_start_sleep_ns': 1000}",s03_s24_q2_poll1000_post1000,True,safe,,,per_stage_quantization_experimental;non_pool4_start_boundary_experimental;cpu_tail_requires_serial_raw_gate;cpu_to_vta_boundary_requires_pack_quant:pool3;vta_to_cpu_boundary_requires_unpack_dequant:small_pre26;vta_to_cpu_boundary_requires_unpack_dequant:big64,buildable,vta/tutorials/frontend/report_out/yolov3_tiny_pipeline_baseline/20260514_resnet_style_cpu_vta_cpu_100/packages/yolo_pool3_to_dual_pre_logits__rt_s03_s24_q2_poll1000_post1000,
yolo_data_to_dual_pre_logits__rt_s02_s24_q2_poll1000_post1000,data,dual_pre_logits,"['small_pre26', 'big64']",False,[],"[0, 1, 2, 3, 4, 5, 6, 7, 8, 9, 11]","[10, 12]","[9, 11]",cpu/vta/cpu,150.1811432727273,288.53090210909096,348.28140944350275,169.76793600000002,0.4719709090909091,0.692224,0.04,0.0,20.05876363636364,3.0,3.0,0.0,1.0,0.0,0.0,170.23990690909093,20.05876363636364,1038336,315.44391064573506,3.170135692120137,yolo_data_to_dual_pre_logits,"{'stage0_threads': 2, 'stage2_threads': 4, 'queue_depth': 2, 'poll_sleep_ns': 1000, 'post_start_sleep_ns': 1000}",s02_s24_q2_poll1000_post1000,True,safe,build_failed,,per_stage_quantization_experimental;non_pool4_start_boundary_experimental;cpu_tail_requires_serial_raw_gate;cpu_to_vta_boundary_requires_pack_quant:data;vta_to_cpu_boundary_requires_unpack_dequant:small_pre26;vta_to_cpu_boundary_requires_unpack_dequant:big64,build_failed,,
yolo_data_to_dual_pre_logits__rt_s03_s24_q2_poll1000_post1000,data,dual_pre_logits,"['small_pre26', 'big64']",False,[],"[0, 1, 2, 3, 4, 5, 6, 7, 8, 9, 11]","[10, 12]","[9, 11]",cpu/vta/cpu,150.1811432727273,288.53090210909096,348.28140944350275,169.76793600000002,0.4719709090909091,0.692224,0.04,0.0,20.05876363636364,3.0,3.0,0.0,1.0,0.0,0.0,170.23990690909093,20.05876363636364,1038336,315.44391064573506,3.170135692120137,yolo_data_to_dual_pre_logits,"{'stage0_threads': 3, 'stage2_threads': 4, 'queue_depth': 2, 'poll_sleep_ns': 1000, 'post_start_sleep_ns': 1000}",s03_s24_q2_poll1000_post1000,True,safe,build_failed,,per_stage_quantization_experimental;non_pool4_start_boundary_experimental;cpu_tail_requires_serial_raw_gate;cpu_to_vta_boundary_requires_pack_quant:data;vta_to_cpu_boundary_requires_unpack_dequant:small_pre26;vta_to_cpu_boundary_requires_unpack_dequant:big64,build_failed,,name 'read_json' is not defined
yolo_data_to_dual_pre_logits__rt_s04_s24_q2_poll1000_post1000,data,dual_pre_logits,"['small_pre26', 'big64']",False,[],"[0, 1, 2, 3, 4, 5, 6, 7, 8, 9, 11]","[10, 12]","[9, 11]",cpu/vta/cpu,150.1811432727273,288.53090210909096,348.28140944350275,169.76793600000002,0.4719709090909091,0.692224,0.04,0.0,20.05876363636364,3.0,3.0,0.0,1.0,0.0,0.0,170.23990690909093,20.05876363636364,1038336,315.44391064573506,3.170135692120137,yolo_data_to_dual_pre_logits,"{'stage0_threads': 4, 'stage2_threads': 4, 'queue_depth': 2, 'poll_sleep_ns': 1000, 'post_start_sleep_ns': 1000}",s04_s24_q2_poll1000_post1000,True,safe,build_failed,,per_stage_quantization_experimental;non_pool4_start_boundary_experimental;cpu_tail_requires_serial_raw_gate;cpu_to_vta_boundary_requires_pack_quant:data;vta_to_cpu_boundary_requires_unpack_dequant:small_pre26;vta_to_cpu_boundary_requires_unpack_dequant:big64,build_failed,,name 'read_json' is not defined
yolo_data_to_dual_pre_logits__rt_s02_s23_q2_poll1000_post1000,data,dual_pre_logits,"['small_pre26', 'big64']",False,[],"[0, 1, 2, 3, 4, 5, 6, 7, 8, 9, 11]","[10, 12]","[9, 11]",cpu/vta/cpu,150.1811432727273,288.53090210909096,348.28140944350275,169.76793600000002,0.4719709090909091,0.692224,0.04,0.0,20.05876363636364,3.0,3.0,0.0,1.0,0.0,0.0,170.23990690909093,20.05876363636364,1038336,315.4440209689351,3.1701345833988084,yolo_data_to_dual_pre_logits,"{'stage0_threads': 2, 'stage2_threads': 3, 'queue_depth': 2, 'poll_sleep_ns': 1000, 'post_start_sleep_ns': 1000}",s02_s23_q2_poll1000_post1000,True,safe,build_failed,,per_stage_quantization_experimental;non_pool4_start_boundary_experimental;cpu_tail_requires_serial_raw_gate;cpu_to_vta_boundary_requires_pack_quant:data;vta_to_cpu_boundary_requires_unpack_dequant:small_pre26;vta_to_cpu_boundary_requires_unpack_dequant:big64,build_failed,,name 'read_json' is not defined
yolo_data_to_dual_pre_logits__rt_s03_s23_q2_poll1000_post1000,data,dual_pre_logits,"['small_pre26', 'big64']",False,[],"[0, 1, 2, 3, 4, 5, 6, 7, 8, 9, 11]","[10, 12]","[9, 11]",cpu/vta/cpu,150.1811432727273,288.53090210909096,348.28140944350275,169.76793600000002,0.4719709090909091,0.692224,0.04,0.0,20.05876363636364,3.0,3.0,0.0,1.0,0.0,0.0,170.23990690909093,20.05876363636364,1038336,315.4440209689351,3.1701345833988084,yolo_data_to_dual_pre_logits,"{'stage0_threads': 3, 'stage2_threads': 3, 'queue_depth': 2, 'poll_sleep_ns': 1000, 'post_start_sleep_ns': 1000}",s03_s23_q2_poll1000_post1000,True,safe,build_failed,,per_stage_quantization_experimental;non_pool4_start_boundary_experimental;cpu_tail_requires_serial_raw_gate;cpu_to_vta_boundary_requires_pack_quant:data;vta_to_cpu_boundary_requires_unpack_dequant:small_pre26;vta_to_cpu_boundary_requires_unpack_dequant:big64,build_failed,,name 'read_json' is not defined
yolo_data_to_dual_pre_logits__rt_s04_s23_q2_poll1000_post1000,data,dual_pre_logits,"['small_pre26', 'big64']",False,[],"[0, 1, 2, 3, 4, 5, 6, 7, 8, 9, 11]","[10, 12]","[9, 11]",cpu/vta/cpu,150.1811432727273,288.53090210909096,348.28140944350275,169.76793600000002,0.4719709090909091,0.692224,0.04,0.0,20.05876363636364,3.0,3.0,0.0,1.0,0.0,0.0,170.23990690909093,20.05876363636364,1038336,315.4440209689351,3.1701345833988084,yolo_data_to_dual_pre_logits,"{'stage0_threads': 4, 'stage2_threads': 3, 'queue_depth': 2, 'poll_sleep_ns': 1000, 'post_start_sleep_ns': 1000}",s04_s23_q2_poll1000_post1000,True,safe,build_failed,,per_stage_quantization_experimental;non_pool4_start_boundary_experimental;cpu_tail_requires_serial_raw_gate;cpu_to_vta_boundary_requires_pack_quant:data;vta_to_cpu_boundary_requires_unpack_dequant:small_pre26;vta_to_cpu_boundary_requires_unpack_dequant:big64,build_failed,,name 'read_json' is not defined
yolo_pool2_to_dual_pre18_14__rt_s03_s24_q2_poll1000_post1000,pool2,dual_pre18_14,"['route23', 'small42', 'big64']",False,"[0, 1, 2]","[3, 4, 5, 6, 7, 8, 11]","[9, 10, 12]","[4, 8, 11]",cpu/vta/cpu,57.81643636363637,255.02830933333334,434.61130350700114,201.29559272727275,0.5113018181818182,0.7499093333333333,0.06,0.0,201.29559272727275,3.0,3.0,0.0,1.0,0.0,143.47915636363638,103.30656581818182,201.29559272727275,1124864,315.88252212995707,3.165733872381171,yolo_pool2_to_dual_pre18_14,"{'stage0_threads': 3, 'stage2_threads': 4, 'queue_depth': 2, 'poll_sleep_ns': 1000, 'post_start_sleep_ns': 1000}",s03_s24_q2_poll1000_post1000,True,safe,,,per_stage_quantization_experimental;non_pool4_start_boundary_experimental;cpu_tail_requires_serial_raw_gate;concat_route_cpu_tail_boundary;cpu_to_vta_boundary_requires_pack_quant:pool2;vta_to_cpu_boundary_requires_unpack_dequant:route23;vta_to_cpu_boundary_requires_unpack_dequant:small42;vta_to_cpu_boundary_requires_unpack_dequant:big64,buildable,vta/tutorials/frontend/report_out/yolov3_tiny_pipeline_baseline/20260514_resnet_style_cpu_vta_cpu_100/packages/yolo_pool2_to_dual_pre18_14__rt_s03_s24_q2_poll1000_post1000,
yolo_pool2_to_dual_pre18_14__rt_s02_s23_q2_poll1000_post1000,pool2,dual_pre18_14,"['route23', 'small42', 'big64']",False,"[0, 1, 2]","[3, 4, 5, 6, 7, 8, 11]","[9, 10, 12]","[4, 8, 11]",cpu/vta/cpu,57.81643636363637,255.02830933333334,434.61130350700114,201.29559272727275,0.5113018181818182,0.7499093333333333,0.06,0.0,201.29559272727275,3.0,3.0,0.0,1.0,0.0,143.47915636363638,103.30656581818182,201.29559272727275,1124864,315.88266360323706,3.1657324545548513,yolo_pool2_to_dual_pre18_14,"{'stage0_threads': 2, 'stage2_threads': 3, 'queue_depth': 2, 'poll_sleep_ns': 1000, 'post_start_sleep_ns': 1000}",s02_s23_q2_poll1000_post1000,True,safe,,,per_stage_quantization_experimental;non_pool4_start_boundary_experimental;cpu_tail_requires_serial_raw_gate;concat_route_cpu_tail_boundary;cpu_to_vta_boundary_requires_pack_quant:pool2;vta_to_cpu_boundary_requires_unpack_dequant:route23;vta_to_cpu_boundary_requires_unpack_dequant:small42;vta_to_cpu_boundary_requires_unpack_dequant:big64,buildable,vta/tutorials/frontend/report_out/yolov3_tiny_pipeline_baseline/20260514_resnet_style_cpu_vta_cpu_100/packages/yolo_pool2_to_dual_pre18_14__rt_s02_s23_q2_poll1000_post1000,
yolo_pool2_to_dual_pre18_14__rt_s04_s24_q2_poll1000_post1000,pool2,dual_pre18_14,"['route23', 'small42', 'big64']",False,"[0, 1, 2]","[3, 4, 5, 6, 7, 8, 11]","[9, 10, 12]","[4, 8, 11]",cpu/vta/cpu,57.81643636363637,255.02830933333334,434.61130350700114,201.29559272727275,0.5113018181818182,0.7499093333333333,0.06,0.0,201.29559272727275,3.0,3.0,0.0,1.0,0.0,143.47915636363638,103.30656581818182,201.29559272727275,1124864,315.88331126531705,3.165725963788188,yolo_pool2_to_dual_pre18_14,"{'stage0_threads': 4, 'stage2_threads': 4, 'queue_depth': 2, 'poll_sleep_ns': 1000, 'post_start_sleep_ns': 1000}",s04_s24_q2_poll1000_post1000,True,safe,,,per_stage_quantization_experimental;non_pool4_start_boundary_experimental;cpu_tail_requires_serial_raw_gate;concat_route_cpu_tail_boundary;cpu_to_vta_boundary_requires_pack_quant:pool2;vta_to_cpu_boundary_requires_unpack_dequant:route23;vta_to_cpu_boundary_requires_unpack_dequant:small42;vta_to_cpu_boundary_requires_unpack_dequant:big64,buildable,vta/tutorials/frontend/report_out/yolov3_tiny_pipeline_baseline/20260514_resnet_style_cpu_vta_cpu_100/packages/yolo_pool2_to_dual_pre18_14__rt_s04_s24_q2_poll1000_post1000,
yolo_pool2_to_dual_pre18_14__rt_s03_s23_q2_poll1000_post1000,pool2,dual_pre18_14,"['route23', 'small42', 'big64']",False,"[0, 1, 2]","[3, 4, 5, 6, 7, 8, 11]","[9, 10, 12]","[4, 8, 11]",cpu/vta/cpu,57.81643636363637,255.02830933333334,434.61130350700114,201.29559272727275,0.5113018181818182,0.7499093333333333,0.06,0.0,201.29559272727275,3.0,3.0,0.0,1.0,0.0,143.47915636363638,103.30656581818182,201.29559272727275,1124864,315.8836292557171,3.165722776948566,yolo_pool2_to_dual_pre18_14,"{'stage0_threads': 3, 'stage2_threads': 3, 'queue_depth': 2, 'poll_sleep_ns': 1000, 'post_start_sleep_ns': 1000}",s03_s23_q2_poll1000_post1000,True,safe,,,per_stage_quantization_experimental;non_pool4_start_boundary_experimental;cpu_tail_requires_serial_raw_gate;concat_route_cpu_tail_boundary;cpu_to_vta_boundary_requires_pack_quant:pool2;vta_to_cpu_boundary_requires_unpack_dequant:route23;vta_to_cpu_boundary_requires_unpack_dequant:small42;vta_to_cpu_boundary_requires_unpack_dequant:big64,buildable,vta/tutorials/frontend/report_out/yolov3_tiny_pipeline_baseline/20260514_resnet_style_cpu_vta_cpu_100/packages/yolo_pool2_to_dual_pre18_14__rt_s03_s23_q2_poll1000_post1000,
yolo_pool2_to_dual_pre18_14__rt_s02_s24_q2_poll1000_post1000,pool2,dual_pre18_14,"['route23', 'small42', 'big64']",False,"[0, 1, 2]","[3, 4, 5, 6, 7, 8, 11]","[9, 10, 12]","[4, 8, 11]",cpu/vta/cpu,57.81643636363637,255.02830933333334,434.61130350700114,201.29559272727275,0.5113018181818182,0.7499093333333333,0.06,0.0,201.29559272727275,3.0,3.0,0.0,1.0,0.0,143.47915636363638,103.30656581818182,201.29559272727275,1124864,315.8837707289971,3.1657213591321844,yolo_pool2_to_dual_pre18_14,"{'stage0_threads': 2, 'stage2_threads': 4, 'queue_depth': 2, 'poll_sleep_ns': 1000, 'post_start_sleep_ns': 1000}",s02_s24_q2_poll1000_post1000,True,safe,,,per_stage_quantization_experimental;non_pool4_start_boundary_experimental;cpu_tail_requires_serial_raw_gate;concat_route_cpu_tail_boundary;cpu_to_vta_boundary_requires_pack_quant:pool2;vta_to_cpu_boundary_requires_unpack_dequant:route23;vta_to_cpu_boundary_requires_unpack_dequant:small42;vta_to_cpu_boundary_requires_unpack_dequant:big64,buildable,vta/tutorials/frontend/report_out/yolov3_tiny_pipeline_baseline/20260514_resnet_style_cpu_vta_cpu_100/packages/yolo_pool2_to_dual_pre18_14__rt_s02_s24_q2_poll1000_post1000,
yolo_pool2_to_dual_pre18_14__rt_s02_s22_q2_poll1000_post1000,pool2,dual_pre18_14,"['route23', 'small42', 'big64']",False,"[0, 1, 2]","[3, 4, 5, 6, 7, 8, 11]","[9, 10, 12]","[4, 8, 11]",cpu/vta/cpu,57.81643636363637,255.02830933333334,434.61130350700114,201.29559272727275,0.5113018181818182,0.7499093333333333,0.06,0.0,201.29559272727275,3.0,3.0,0.0,1.0,0.0,143.47915636363638,103.30656581818182,201.29559272727275,1124864,315.8842652365171,3.1657164032885716,yolo_pool2_to_dual_pre18_14,"{'stage0_threads': 2, 'stage2_threads': 2, 'queue_depth': 2, 'poll_sleep_ns': 1000, 'post_start_sleep_ns': 1000}",s02_s22_q2_poll1000_post1000,True,safe,,,per_stage_quantization_experimental;non_pool4_start_boundary_experimental;cpu_tail_requires_serial_raw_gate;concat_route_cpu_tail_boundary;cpu_to_vta_boundary_requires_pack_quant:pool2;vta_to_cpu_boundary_requires_unpack_dequant:route23;vta_to_cpu_boundary_requires_unpack_dequant:small42;vta_to_cpu_boundary_requires_unpack_dequant:big64,buildable,vta/tutorials/frontend/report_out/yolov3_tiny_pipeline_baseline/20260514_resnet_style_cpu_vta_cpu_100/packages/yolo_pool2_to_dual_pre18_14__rt_s02_s22_q2_poll1000_post1000,
yolo_pool4_route_to_shared13__rt_s04_s24_q2_poll1000_post1000,pool4_route,shared13,"['route23', 'shared38']",True,"[0, 1, 2, 3, 4]","[5, 6, 7]","[8, 9, 10, 11, 12]","[4, 7]",cpu/vta/cpu,0.9177212121211937,277.9162763636364,393.86485712119384,264.30370909090914,0.3933090909090909,0.5768533333333333,0.04,0.0,263.38598787878794,3.0,3.0,0.0,1.0,0.0,264.30370909090914,65.46236509090909,263.38598787878794,865280,316.4982947711815,3.1595746849851722,yolo_pool4_route_to_shared13,"{'stage0_threads': 4, 'stage2_threads': 4, 'queue_depth': 2, 'poll_sleep_ns': 1000, 'post_start_sleep_ns': 1000}",s04_s24_q2_poll1000_post1000,True,safe,,,per_stage_quantization_experimental;cpu_tail_requires_serial_raw_gate;route_branch_cpu_to_vta_boundary;concat_route_cpu_tail_boundary;cpu_to_vta_boundary_requires_pack_quant:pool4_route;cpu_to_vta_boundary_requires_pack_quant:route23;vta_to_cpu_boundary_requires_unpack_dequant:route23;vta_to_cpu_boundary_requires_unpack_dequant:shared38,buildable,vta/tutorials/frontend/report_out/yolov3_tiny_pipeline_baseline/20260514_resnet_style_cpu_vta_cpu_100/packages/yolo_pool4_route_to_shared13__rt_s04_s24_q2_poll1000_post1000,
yolo_pool4_route_to_shared13__rt_s03_s23_q2_poll1000_post1000,pool4_route,shared13,"['route23', 'shared38']",True,"[0, 1, 2, 3, 4]","[5, 6, 7]","[8, 9, 10, 11, 12]","[4, 7]",cpu/vta/cpu,0.9177212121211937,277.9162763636364,393.86485712119384,264.30370909090914,0.3933090909090909,0.5768533333333333,0.04,0.0,263.38598787878794,3.0,3.0,0.0,1.0,0.0,264.30370909090914,65.46236509090909,263.38598787878794,865280,316.4982998186482,3.159574634596756,yolo_pool4_route_to_shared13,"{'stage0_threads': 3, 'stage2_threads': 3, 'queue_depth': 2, 'poll_sleep_ns': 1000, 'post_start_sleep_ns': 1000}",s03_s23_q2_poll1000_post1000,True,safe,,,per_stage_quantization_experimental;cpu_tail_requires_serial_raw_gate;route_branch_cpu_to_vta_boundary;concat_route_cpu_tail_boundary;cpu_to_vta_boundary_requires_pack_quant:pool4_route;cpu_to_vta_boundary_requires_pack_quant:route23;vta_to_cpu_boundary_requires_unpack_dequant:route23;vta_to_cpu_boundary_requires_unpack_dequant:shared38,buildable,vta/tutorials/frontend/report_out/yolov3_tiny_pipeline_baseline/20260514_resnet_style_cpu_vta_cpu_100/packages/yolo_pool4_route_to_shared13__rt_s03_s23_q2_poll1000_post1000,
yolo_pool4_route_to_shared13__rt_s02_s22_q2_poll1000_post1000,pool4_route,shared13,"['route23', 'shared38']",True,"[0, 1, 2, 3, 4]","[5, 6, 7]","[8, 9, 10, 11, 12]","[4, 7]",cpu/vta/cpu,0.9177212121211937,277.9162763636364,393.86485712119384,264.30370909090914,0.3933090909090909,0.5768533333333333,0.04,0.0,263.38598787878794,3.0,3.0,0.0,1.0,0.0,264.30370909090914,65.46236509090909,263.38598787878794,865280,316.4983099135815,3.1595745338199297,yolo_pool4_route_to_shared13,"{'stage0_threads': 2, 'stage2_threads': 2, 'queue_depth': 2, 'poll_sleep_ns': 1000, 'post_start_sleep_ns': 1000}",s02_s22_q2_poll1000_post1000,True,safe,,,per_stage_quantization_experimental;cpu_tail_requires_serial_raw_gate;route_branch_cpu_to_vta_boundary;concat_route_cpu_tail_boundary;cpu_to_vta_boundary_requires_pack_quant:pool4_route;cpu_to_vta_boundary_requires_pack_quant:route23;vta_to_cpu_boundary_requires_unpack_dequant:route23;vta_to_cpu_boundary_requires_unpack_dequant:shared38,buildable,vta/tutorials/frontend/report_out/yolov3_tiny_pipeline_baseline/20260514_resnet_style_cpu_vta_cpu_100/packages/yolo_pool4_route_to_shared13__rt_s02_s22_q2_poll1000_post1000,
yolo_pool4_route_to_shared13__rt_s04_s23_q2_poll1000_post1000,pool4_route,shared13,"['route23', 'shared38']",True,"[0, 1, 2, 3, 4]","[5, 6, 7]","[8, 9, 10, 11, 12]","[4, 7]",cpu/vta/cpu,0.9177212121211937,277.9162763636364,393.86485712119384,264.30370909090914,0.3933090909090909,0.5768533333333333,0.04,0.0,263.38598787878794,3.0,3.0,0.0,1.0,0.0,264.30370909090914,65.46236509090909,263.38598787878794,865280,316.4997131093148,3.1595605259035833,yolo_pool4_route_to_shared13,"{'stage0_threads': 4, 'stage2_threads': 3, 'queue_depth': 2, 'poll_sleep_ns': 1000, 'post_start_sleep_ns': 1000}",s04_s23_q2_poll1000_post1000,True,safe,,,per_stage_quantization_experimental;cpu_tail_requires_serial_raw_gate;route_branch_cpu_to_vta_boundary;concat_route_cpu_tail_boundary;cpu_to_vta_boundary_requires_pack_quant:pool4_route;cpu_to_vta_boundary_requires_pack_quant:route23;vta_to_cpu_boundary_requires_unpack_dequant:route23;vta_to_cpu_boundary_requires_unpack_dequant:shared38,buildable,vta/tutorials/frontend/report_out/yolov3_tiny_pipeline_baseline/20260514_resnet_style_cpu_vta_cpu_100/packages/yolo_pool4_route_to_shared13__rt_s04_s23_q2_poll1000_post1000,
yolo_pool4_route_to_shared13__rt_s03_s24_q2_poll1000_post1000,pool4_route,shared13,"['route23', 'shared38']",True,"[0, 1, 2, 3, 4]","[5, 6, 7]","[8, 9, 10, 11, 12]","[4, 7]",cpu/vta/cpu,0.9177212121211937,277.9162763636364,393.86485712119384,264.30370909090914,0.3933090909090909,0.5768533333333333,0.04,0.0,263.38598787878794,3.0,3.0,0.0,1.0,0.0,264.30370909090914,65.46236509090909,263.38598787878794,865280,316.4997484415815,3.159560173187868,yolo_pool4_route_to_shared13,"{'stage0_threads': 3, 'stage2_threads': 4, 'queue_depth': 2, 'poll_sleep_ns': 1000, 'post_start_sleep_ns': 1000}",s03_s24_q2_poll1000_post1000,True,safe,,,per_stage_quantization_experimental;cpu_tail_requires_serial_raw_gate;route_branch_cpu_to_vta_boundary;concat_route_cpu_tail_boundary;cpu_to_vta_boundary_requires_pack_quant:pool4_route;cpu_to_vta_boundary_requires_pack_quant:route23;vta_to_cpu_boundary_requires_unpack_dequant:route23;vta_to_cpu_boundary_requires_unpack_dequant:shared38,buildable,vta/tutorials/frontend/report_out/yolov3_tiny_pipeline_baseline/20260514_resnet_style_cpu_vta_cpu_100/packages/yolo_pool4_route_to_shared13__rt_s03_s24_q2_poll1000_post1000,
yolo_pool4_route_to_shared13__rt_s03_s22_q2_poll1000_post1000,pool4_route,shared13,"['route23', 'shared38']",True,"[0, 1, 2, 3, 4]","[5, 6, 7]","[8, 9, 10, 11, 12]","[4, 7]",cpu/vta/cpu,0.9177212121211937,277.9162763636364,393.86485712119384,264.30370909090914,0.3933090909090909,0.5768533333333333,0.04,0.0,263.38598787878794,3.0,3.0,0.0,1.0,0.0,264.30370909090914,65.46236509090909,263.38598787878794,865280,316.5011566847815,3.15954611501135,yolo_pool4_route_to_shared13,"{'stage0_threads': 3, 'stage2_threads': 2, 'queue_depth': 2, 'poll_sleep_ns': 1000, 'post_start_sleep_ns': 1000}",s03_s22_q2_poll1000_post1000,True,safe,,,per_stage_quantization_experimental;cpu_tail_requires_serial_raw_gate;route_branch_cpu_to_vta_boundary;concat_route_cpu_tail_boundary;cpu_to_vta_boundary_requires_pack_quant:pool4_route;cpu_to_vta_boundary_requires_pack_quant:route23;vta_to_cpu_boundary_requires_unpack_dequant:route23;vta_to_cpu_boundary_requires_unpack_dequant:shared38,buildable,vta/tutorials/frontend/report_out/yolov3_tiny_pipeline_baseline/20260514_resnet_style_cpu_vta_cpu_100/packages/yolo_pool4_route_to_shared13__rt_s03_s22_q2_poll1000_post1000,
yolo_pool0_to_dual_pre18_14__rt_s02_s24_q2_poll1000_post1000,pool0,dual_pre18_14,"['route23', 'small42', 'big64']",False,[0],"[1, 2, 3, 4, 5, 6, 7, 8, 11]","[9, 10, 12]","[4, 8, 11]",cpu/vta/cpu,73.06896290909094,265.70507791515155,434.61130350700114,201.29559272727275,0.5113018181818182,0.7499093333333333,0.06,0.0,201.29559272727275,3.0,3.0,0.0,1.0,0.0,22.65460363636364,128.2266298181818,201.29559272727275,1124864,322.8248306476589,3.0976551524669773,yolo_pool0_to_dual_pre18_14,"{'stage0_threads': 2, 'stage2_threads': 4, 'queue_depth': 2, 'poll_sleep_ns': 1000, 'post_start_sleep_ns': 1000}",s02_s24_q2_poll1000_post1000,True,safe,,,per_stage_quantization_experimental;non_pool4_start_boundary_experimental;cpu_tail_requires_serial_raw_gate;concat_route_cpu_tail_boundary;cpu_to_vta_boundary_requires_pack_quant:pool0;vta_to_cpu_boundary_requires_unpack_dequant:route23;vta_to_cpu_boundary_requires_unpack_dequant:small42;vta_to_cpu_boundary_requires_unpack_dequant:big64,buildable,vta/tutorials/frontend/report_out/yolov3_tiny_pipeline_baseline/20260514_resnet_style_cpu_vta_cpu_100/packages/yolo_pool0_to_dual_pre18_14__rt_s02_s24_q2_poll1000_post1000,
yolo_pool0_to_dual_pre18_14__rt_s03_s24_q2_poll1000_post1000,pool0,dual_pre18_14,"['route23', 'small42', 'big64']",False,[0],"[1, 2, 3, 4, 5, 6, 7, 8, 11]","[9, 10, 12]","[4, 8, 11]",cpu/vta/cpu,73.06896290909094,265.70507791515155,434.61130350700114,201.29559272727275,0.5113018181818182,0.7499093333333333,0.06,0.0,201.29559272727275,3.0,3.0,0.0,1.0,0.0,22.65460363636364,128.2266298181818,201.29559272727275,1124864,322.8250798482989,3.097652761272195,yolo_pool0_to_dual_pre18_14,"{'stage0_threads': 3, 'stage2_threads': 4, 'queue_depth': 2, 'poll_sleep_ns': 1000, 'post_start_sleep_ns': 1000}",s03_s24_q2_poll1000_post1000,True,safe,,,per_stage_quantization_experimental;non_pool4_start_boundary_experimental;cpu_tail_requires_serial_raw_gate;concat_route_cpu_tail_boundary;cpu_to_vta_boundary_requires_pack_quant:pool0;vta_to_cpu_boundary_requires_unpack_dequant:route23;vta_to_cpu_boundary_requires_unpack_dequant:small42;vta_to_cpu_boundary_requires_unpack_dequant:big64,buildable,vta/tutorials/frontend/report_out/yolov3_tiny_pipeline_baseline/20260514_resnet_style_cpu_vta_cpu_100/packages/yolo_pool0_to_dual_pre18_14__rt_s03_s24_q2_poll1000_post1000,
yolo_pool0_to_dual_pre18_14__rt_s04_s24_q2_poll1000_post1000,pool0,dual_pre18_14,"['route23', 'small42', 'big64']",False,[0],"[1, 2, 3, 4, 5, 6, 7, 8, 11]","[9, 10, 12]","[4, 8, 11]",cpu/vta/cpu,73.06896290909094,265.70507791515155,434.61130350700114,201.29559272727275,0.5113018181818182,0.7499093333333333,0.06,0.0,201.29559272727275,3.0,3.0,0.0,1.0,0.0,22.65460363636364,128.2266298181818,201.29559272727275,1124864,322.82520444861893,3.097651565676188,yolo_pool0_to_dual_pre18_14,"{'stage0_threads': 4, 'stage2_threads': 4, 'queue_depth': 2, 'poll_sleep_ns': 1000, 'post_start_sleep_ns': 1000}",s04_s24_q2_poll1000_post1000,True,safe,,,per_stage_quantization_experimental;non_pool4_start_boundary_experimental;cpu_tail_requires_serial_raw_gate;concat_route_cpu_tail_boundary;cpu_to_vta_boundary_requires_pack_quant:pool0;vta_to_cpu_boundary_requires_unpack_dequant:route23;vta_to_cpu_boundary_requires_unpack_dequant:small42;vta_to_cpu_boundary_requires_unpack_dequant:big64,buildable,vta/tutorials/frontend/report_out/yolov3_tiny_pipeline_baseline/20260514_resnet_style_cpu_vta_cpu_100/packages/yolo_pool0_to_dual_pre18_14__rt_s04_s24_q2_poll1000_post1000,
yolo_pool0_to_dual_pre18_14__rt_s02_s23_q2_poll1000_post1000,pool0,dual_pre18_14,"['route23', 'small42', 'big64']",False,[0],"[1, 2, 3, 4, 5, 6, 7, 8, 11]","[9, 10, 12]","[4, 8, 11]",cpu/vta/cpu,73.06896290909094,265.70507791515155,434.61130350700114,201.29559272727275,0.5113018181818182,0.7499093333333333,0.06,0.0,201.29559272727275,3.0,3.0,0.0,1.0,0.0,22.65460363636364,128.2266298181818,201.29559272727275,1124864,322.8259377734189,3.0976445291142243,yolo_pool0_to_dual_pre18_14,"{'stage0_threads': 2, 'stage2_threads': 3, 'queue_depth': 2, 'poll_sleep_ns': 1000, 'post_start_sleep_ns': 1000}",s02_s23_q2_poll1000_post1000,True,safe,,,per_stage_quantization_experimental;non_pool4_start_boundary_experimental;cpu_tail_requires_serial_raw_gate;concat_route_cpu_tail_boundary;cpu_to_vta_boundary_requires_pack_quant:pool0;vta_to_cpu_boundary_requires_unpack_dequant:route23;vta_to_cpu_boundary_requires_unpack_dequant:small42;vta_to_cpu_boundary_requires_unpack_dequant:big64,buildable,vta/tutorials/frontend/report_out/yolov3_tiny_pipeline_baseline/20260514_resnet_style_cpu_vta_cpu_100/packages/yolo_pool0_to_dual_pre18_14__rt_s02_s23_q2_poll1000_post1000,
yolo_pool0_to_dual_pre18_14__rt_s03_s23_q2_poll1000_post1000,pool0,dual_pre18_14,"['route23', 'small42', 'big64']",False,[0],"[1, 2, 3, 4, 5, 6, 7, 8, 11]","[9, 10, 12]","[4, 8, 11]",cpu/vta/cpu,73.06896290909094,265.70507791515155,434.61130350700114,201.29559272727275,0.5113018181818182,0.7499093333333333,0.06,0.0,201.29559272727275,3.0,3.0,0.0,1.0,0.0,22.65460363636364,128.2266298181818,201.29559272727275,1124864,322.8261869740589,3.097642137935843,yolo_pool0_to_dual_pre18_14,"{'stage0_threads': 3, 'stage2_threads': 3, 'queue_depth': 2, 'poll_sleep_ns': 1000, 'post_start_sleep_ns': 1000}",s03_s23_q2_poll1000_post1000,True,safe,,,per_stage_quantization_experimental;non_pool4_start_boundary_experimental;cpu_tail_requires_serial_raw_gate;concat_route_cpu_tail_boundary;cpu_to_vta_boundary_requires_pack_quant:pool0;vta_to_cpu_boundary_requires_unpack_dequant:route23;vta_to_cpu_boundary_requires_unpack_dequant:small42;vta_to_cpu_boundary_requires_unpack_dequant:big64,buildable,vta/tutorials/frontend/report_out/yolov3_tiny_pipeline_baseline/20260514_resnet_style_cpu_vta_cpu_100/packages/yolo_pool0_to_dual_pre18_14__rt_s03_s23_q2_poll1000_post1000,
yolo_pool0_to_dual_pre18_14__rt_s04_s23_q2_poll1000_post1000,pool0,dual_pre18_14,"['route23', 'small42', 'big64']",False,[0],"[1, 2, 3, 4, 5, 6, 7, 8, 11]","[9, 10, 12]","[4, 8, 11]",cpu/vta/cpu,73.06896290909094,265.70507791515155,434.61130350700114,201.29559272727275,0.5113018181818182,0.7499093333333333,0.06,0.0,201.29559272727275,3.0,3.0,0.0,1.0,0.0,22.65460363636364,128.2266298181818,201.29559272727275,1124864,322.8263115743789,3.0976409423480367,yolo_pool0_to_dual_pre18_14,"{'stage0_threads': 4, 'stage2_threads': 3, 'queue_depth': 2, 'poll_sleep_ns': 1000, 'post_start_sleep_ns': 1000}",s04_s23_q2_poll1000_post1000,True,safe,,,per_stage_quantization_experimental;non_pool4_start_boundary_experimental;cpu_tail_requires_serial_raw_gate;concat_route_cpu_tail_boundary;cpu_to_vta_boundary_requires_pack_quant:pool0;vta_to_cpu_boundary_requires_unpack_dequant:route23;vta_to_cpu_boundary_requires_unpack_dequant:small42;vta_to_cpu_boundary_requires_unpack_dequant:big64,buildable,vta/tutorials/frontend/report_out/yolov3_tiny_pipeline_baseline/20260514_resnet_style_cpu_vta_cpu_100/packages/yolo_pool0_to_dual_pre18_14__rt_s04_s23_q2_poll1000_post1000,
yolo_pool1_to_dual_pre18_14__rt_s02_s24_q2_poll1000_post1000,pool1,dual_pre18_14,"['route23', 'small42', 'big64']",False,"[0, 1]","[2, 3, 4, 5, 6, 7, 8, 11]","[9, 10, 12]","[4, 8, 11]",cpu/vta/cpu,85.52899490909094,274.42710031515156,434.61130350700114,201.29559272727275,0.5113018181818182,0.7499093333333333,0.06,0.0,201.29559272727275,3.0,3.0,0.0,1.0,0.0,83.06688,115.76659781818181,201.29559272727275,1124864,328.4921516025389,3.0442127616185974,yolo_pool1_to_dual_pre18_14,"{'stage0_threads': 2, 'stage2_threads': 4, 'queue_depth': 2, 'poll_sleep_ns': 1000, 'post_start_sleep_ns': 1000}",s02_s24_q2_poll1000_post1000,True,safe,,,per_stage_quantization_experimental;non_pool4_start_boundary_experimental;cpu_tail_requires_serial_raw_gate;concat_route_cpu_tail_boundary;cpu_to_vta_boundary_requires_pack_quant:pool1;vta_to_cpu_boundary_requires_unpack_dequant:route23;vta_to_cpu_boundary_requires_unpack_dequant:small42;vta_to_cpu_boundary_requires_unpack_dequant:big64,buildable,vta/tutorials/frontend/report_out/yolov3_tiny_pipeline_baseline/20260514_resnet_style_cpu_vta_cpu_100/packages/yolo_pool1_to_dual_pre18_14__rt_s02_s24_q2_poll1000_post1000,
yolo_pool1_to_dual_pre18_14__rt_s03_s24_q2_poll1000_post1000,pool1,dual_pre18_14,"['route23', 'small42', 'big64']",False,"[0, 1]","[2, 3, 4, 5, 6, 7, 8, 11]","[9, 10, 12]","[4, 8, 11]",cpu/vta/cpu,85.52899490909094,274.42710031515156,434.61130350700114,201.29559272727275,0.5113018181818182,0.7499093333333333,0.06,0.0,201.29559272727275,3.0,3.0,0.0,1.0,0.0,83.06688,115.76659781818181,201.29559272727275,1124864,328.49306533821886,3.0442042938422236,yolo_pool1_to_dual_pre18_14,"{'stage0_threads': 3, 'stage2_threads': 4, 'queue_depth': 2, 'poll_sleep_ns': 1000, 'post_start_sleep_ns': 1000}",s03_s24_q2_poll1000_post1000,True,safe,,,per_stage_quantization_experimental;non_pool4_start_boundary_experimental;cpu_tail_requires_serial_raw_gate;concat_route_cpu_tail_boundary;cpu_to_vta_boundary_requires_pack_quant:pool1;vta_to_cpu_boundary_requires_unpack_dequant:route23;vta_to_cpu_boundary_requires_unpack_dequant:small42;vta_to_cpu_boundary_requires_unpack_dequant:big64,buildable,vta/tutorials/frontend/report_out/yolov3_tiny_pipeline_baseline/20260514_resnet_style_cpu_vta_cpu_100/packages/yolo_pool1_to_dual_pre18_14__rt_s03_s24_q2_poll1000_post1000,
yolo_pool1_to_dual_pre18_14__rt_s02_s23_q2_poll1000_post1000,pool1,dual_pre18_14,"['route23', 'small42', 'big64']",False,"[0, 1]","[2, 3, 4, 5, 6, 7, 8, 11]","[9, 10, 12]","[4, 8, 11]",cpu/vta/cpu,85.52899490909094,274.42710031515156,434.61130350700114,201.29559272727275,0.5113018181818182,0.7499093333333333,0.06,0.0,201.29559272727275,3.0,3.0,0.0,1.0,0.0,83.06688,115.76659781818181,201.29559272727275,1124864,328.4932587282989,3.044202501662639,yolo_pool1_to_dual_pre18_14,"{'stage0_threads': 2, 'stage2_threads': 3, 'queue_depth': 2, 'poll_sleep_ns': 1000, 'post_start_sleep_ns': 1000}",s02_s23_q2_poll1000_post1000,True,safe,,,per_stage_quantization_experimental;non_pool4_start_boundary_experimental;cpu_tail_requires_serial_raw_gate;concat_route_cpu_tail_boundary;cpu_to_vta_boundary_requires_pack_quant:pool1;vta_to_cpu_boundary_requires_unpack_dequant:route23;vta_to_cpu_boundary_requires_unpack_dequant:small42;vta_to_cpu_boundary_requires_unpack_dequant:big64,buildable,vta/tutorials/frontend/report_out/yolov3_tiny_pipeline_baseline/20260514_resnet_style_cpu_vta_cpu_100/packages/yolo_pool1_to_dual_pre18_14__rt_s02_s23_q2_poll1000_post1000,
yolo_pool1_to_dual_pre18_14__rt_s04_s24_q2_poll1000_post1000,pool1,dual_pre18_14,"['route23', 'small42', 'big64']",False,"[0, 1]","[2, 3, 4, 5, 6, 7, 8, 11]","[9, 10, 12]","[4, 8, 11]",cpu/vta/cpu,85.52899490909094,274.42710031515156,434.61130350700114,201.29559272727275,0.5113018181818182,0.7499093333333333,0.06,0.0,201.29559272727275,3.0,3.0,0.0,1.0,0.0,83.06688,115.76659781818181,201.29559272727275,1124864,328.49352220605886,3.044200059971702,yolo_pool1_to_dual_pre18_14,"{'stage0_threads': 4, 'stage2_threads': 4, 'queue_depth': 2, 'poll_sleep_ns': 1000, 'post_start_sleep_ns': 1000}",s04_s24_q2_poll1000_post1000,True,safe,,,per_stage_quantization_experimental;non_pool4_start_boundary_experimental;cpu_tail_requires_serial_raw_gate;concat_route_cpu_tail_boundary;cpu_to_vta_boundary_requires_pack_quant:pool1;vta_to_cpu_boundary_requires_unpack_dequant:route23;vta_to_cpu_boundary_requires_unpack_dequant:small42;vta_to_cpu_boundary_requires_unpack_dequant:big64,buildable,vta/tutorials/frontend/report_out/yolov3_tiny_pipeline_baseline/20260514_resnet_style_cpu_vta_cpu_100/packages/yolo_pool1_to_dual_pre18_14__rt_s04_s24_q2_poll1000_post1000,
yolo_pool1_to_dual_pre18_14__rt_s03_s23_q2_poll1000_post1000,pool1,dual_pre18_14,"['route23', 'small42', 'big64']",False,"[0, 1]","[2, 3, 4, 5, 6, 7, 8, 11]","[9, 10, 12]","[4, 8, 11]",cpu/vta/cpu,85.52899490909094,274.42710031515156,434.61130350700114,201.29559272727275,0.5113018181818182,0.7499093333333333,0.06,0.0,201.29559272727275,3.0,3.0,0.0,1.0,0.0,83.06688,115.76659781818181,201.29559272727275,1124864,328.4941724639789,3.044194033943343,yolo_pool1_to_dual_pre18_14,"{'stage0_threads': 3, 'stage2_threads': 3, 'queue_depth': 2, 'poll_sleep_ns': 1000, 'post_start_sleep_ns': 1000}",s03_s23_q2_poll1000_post1000,True,safe,,,per_stage_quantization_experimental;non_pool4_start_boundary_experimental;cpu_tail_requires_serial_raw_gate;concat_route_cpu_tail_boundary;cpu_to_vta_boundary_requires_pack_quant:pool1;vta_to_cpu_boundary_requires_unpack_dequant:route23;vta_to_cpu_boundary_requires_unpack_dequant:small42;vta_to_cpu_boundary_requires_unpack_dequant:big64,buildable,vta/tutorials/frontend/report_out/yolov3_tiny_pipeline_baseline/20260514_resnet_style_cpu_vta_cpu_100/packages/yolo_pool1_to_dual_pre18_14__rt_s03_s23_q2_poll1000_post1000,
yolo_pool1_to_dual_pre18_14__rt_s04_s23_q2_poll1000_post1000,pool1,dual_pre18_14,"['route23', 'small42', 'big64']",False,"[0, 1]","[2, 3, 4, 5, 6, 7, 8, 11]","[9, 10, 12]","[4, 8, 11]",cpu/vta/cpu,85.52899490909094,274.42710031515156,434.61130350700114,201.29559272727275,0.5113018181818182,0.7499093333333333,0.06,0.0,201.29559272727275,3.0,3.0,0.0,1.0,0.0,83.06688,115.76659781818181,201.29559272727275,1124864,328.4946293318189,3.0441898001013596,yolo_pool1_to_dual_pre18_14,"{'stage0_threads': 4, 'stage2_threads': 3, 'queue_depth': 2, 'poll_sleep_ns': 1000, 'post_start_sleep_ns': 1000}",s04_s23_q2_poll1000_post1000,True,safe,,,per_stage_quantization_experimental;non_pool4_start_boundary_experimental;cpu_tail_requires_serial_raw_gate;concat_route_cpu_tail_boundary;cpu_to_vta_boundary_requires_pack_quant:pool1;vta_to_cpu_boundary_requires_unpack_dequant:route23;vta_to_cpu_boundary_requires_unpack_dequant:small42;vta_to_cpu_boundary_requires_unpack_dequant:big64,buildable,vta/tutorials/frontend/report_out/yolov3_tiny_pipeline_baseline/20260514_resnet_style_cpu_vta_cpu_100/packages/yolo_pool1_to_dual_pre18_14__rt_s04_s23_q2_poll1000_post1000,
yolo_data_to_dual_pre18_14__rt_s02_s24_q2_poll1000_post1000,data,dual_pre18_14,"['route23', 'small42', 'big64']",False,[],"[0, 1, 2, 3, 4, 5, 6, 7, 8, 11]","[9, 10, 12]","[4, 8, 11]",cpu/vta/cpu,68.39645090909093,262.4343195151515,434.61130350700114,201.29559272727275,0.5113018181818182,0.7499093333333333,0.06,0.0,201.29559272727275,3.0,3.0,0.0,1.0,0.0,0.0,132.89914181818182,201.29559272727275,1124864,328.69958528957886,3.0422916387893117,yolo_data_to_dual_pre18_14,"{'stage0_threads': 2, 'stage2_threads': 4, 'queue_depth': 2, 'poll_sleep_ns': 1000, 'post_start_sleep_ns': 1000}",s02_s24_q2_poll1000_post1000,True,safe,build_failed,,per_stage_quantization_experimental;non_pool4_start_boundary_experimental;cpu_tail_requires_serial_raw_gate;concat_route_cpu_tail_boundary;cpu_to_vta_boundary_requires_pack_quant:data;vta_to_cpu_boundary_requires_unpack_dequant:route23;vta_to_cpu_boundary_requires_unpack_dequant:small42;vta_to_cpu_boundary_requires_unpack_dequant:big64,build_failed,,
yolo_data_to_dual_pre18_14__rt_s03_s24_q2_poll1000_post1000,data,dual_pre18_14,"['route23', 'small42', 'big64']",False,[],"[0, 1, 2, 3, 4, 5, 6, 7, 8, 11]","[9, 10, 12]","[4, 8, 11]",cpu/vta/cpu,68.39645090909093,262.4343195151515,434.61130350700114,201.29559272727275,0.5113018181818182,0.7499093333333333,0.06,0.0,201.29559272727275,3.0,3.0,0.0,1.0,0.0,0.0,132.89914181818182,201.29559272727275,1124864,328.69958528957886,3.0422916387893117,yolo_data_to_dual_pre18_14,"{'stage0_threads': 3, 'stage2_threads': 4, 'queue_depth': 2, 'poll_sleep_ns': 1000, 'post_start_sleep_ns': 1000}",s03_s24_q2_poll1000_post1000,True,safe,build_failed,,per_stage_quantization_experimental;non_pool4_start_boundary_experimental;cpu_tail_requires_serial_raw_gate;concat_route_cpu_tail_boundary;cpu_to_vta_boundary_requires_pack_quant:data;vta_to_cpu_boundary_requires_unpack_dequant:route23;vta_to_cpu_boundary_requires_unpack_dequant:small42;vta_to_cpu_boundary_requires_unpack_dequant:big64,build_failed,,name 'read_json' is not defined
yolo_data_to_dual_pre18_14__rt_s04_s24_q2_poll1000_post1000,data,dual_pre18_14,"['route23', 'small42', 'big64']",False,[],"[0, 1, 2, 3, 4, 5, 6, 7, 8, 11]","[9, 10, 12]","[4, 8, 11]",cpu/vta/cpu,68.39645090909093,262.4343195151515,434.61130350700114,201.29559272727275,0.5113018181818182,0.7499093333333333,0.06,0.0,201.29559272727275,3.0,3.0,0.0,1.0,0.0,0.0,132.89914181818182,201.29559272727275,1124864,328.69958528957886,3.0422916387893117,yolo_data_to_dual_pre18_14,"{'stage0_threads': 4, 'stage2_threads': 4, 'queue_depth': 2, 'poll_sleep_ns': 1000, 'post_start_sleep_ns': 1000}",s04_s24_q2_poll1000_post1000,True,safe,build_failed,,per_stage_quantization_experimental;non_pool4_start_boundary_experimental;cpu_tail_requires_serial_raw_gate;concat_route_cpu_tail_boundary;cpu_to_vta_boundary_requires_pack_quant:data;vta_to_cpu_boundary_requires_unpack_dequant:route23;vta_to_cpu_boundary_requires_unpack_dequant:small42;vta_to_cpu_boundary_requires_unpack_dequant:big64,build_failed,,name 'read_json' is not defined
yolo_data_to_dual_pre18_14__rt_s02_s23_q2_poll1000_post1000,data,dual_pre18_14,"['route23', 'small42', 'big64']",False,[],"[0, 1, 2, 3, 4, 5, 6, 7, 8, 11]","[9, 10, 12]","[4, 8, 11]",cpu/vta/cpu,68.39645090909093,262.4343195151515,434.61130350700114,201.29559272727275,0.5113018181818182,0.7499093333333333,0.06,0.0,201.29559272727275,3.0,3.0,0.0,1.0,0.0,0.0,132.89914181818182,201.29559272727275,1124864,328.7006924153389,3.042281391778823,yolo_data_to_dual_pre18_14,"{'stage0_threads': 2, 'stage2_threads': 3, 'queue_depth': 2, 'poll_sleep_ns': 1000, 'post_start_sleep_ns': 1000}",s02_s23_q2_poll1000_post1000,True,safe,build_failed,,per_stage_quantization_experimental;non_pool4_start_boundary_experimental;cpu_tail_requires_serial_raw_gate;concat_route_cpu_tail_boundary;cpu_to_vta_boundary_requires_pack_quant:data;vta_to_cpu_boundary_requires_unpack_dequant:route23;vta_to_cpu_boundary_requires_unpack_dequant:small42;vta_to_cpu_boundary_requires_unpack_dequant:big64,build_failed,,name 'read_json' is not defined
yolo_data_to_dual_pre18_14__rt_s03_s23_q2_poll1000_post1000,data,dual_pre18_14,"['route23', 'small42', 'big64']",False,[],"[0, 1, 2, 3, 4, 5, 6, 7, 8, 11]","[9, 10, 12]","[4, 8, 11]",cpu/vta/cpu,68.39645090909093,262.4343195151515,434.61130350700114,201.29559272727275,0.5113018181818182,0.7499093333333333,0.06,0.0,201.29559272727275,3.0,3.0,0.0,1.0,0.0,0.0,132.89914181818182,201.29559272727275,1124864,328.7006924153389,3.042281391778823,yolo_data_to_dual_pre18_14,"{'stage0_threads': 3, 'stage2_threads': 3, 'queue_depth': 2, 'poll_sleep_ns': 1000, 'post_start_sleep_ns': 1000}",s03_s23_q2_poll1000_post1000,True,safe,build_failed,,per_stage_quantization_experimental;non_pool4_start_boundary_experimental;cpu_tail_requires_serial_raw_gate;concat_route_cpu_tail_boundary;cpu_to_vta_boundary_requires_pack_quant:data;vta_to_cpu_boundary_requires_unpack_dequant:route23;vta_to_cpu_boundary_requires_unpack_dequant:small42;vta_to_cpu_boundary_requires_unpack_dequant:big64,build_failed,,name 'read_json' is not defined
yolo_data_to_dual_pre18_14__rt_s04_s23_q2_poll1000_post1000,data,dual_pre18_14,"['route23', 'small42', 'big64']",False,[],"[0, 1, 2, 3, 4, 5, 6, 7, 8, 11]","[9, 10, 12]","[4, 8, 11]",cpu/vta/cpu,68.39645090909093,262.4343195151515,434.61130350700114,201.29559272727275,0.5113018181818182,0.7499093333333333,0.06,0.0,201.29559272727275,3.0,3.0,0.0,1.0,0.0,0.0,132.89914181818182,201.29559272727275,1124864,328.7006924153389,3.042281391778823,yolo_data_to_dual_pre18_14,"{'stage0_threads': 4, 'stage2_threads': 3, 'queue_depth': 2, 'poll_sleep_ns': 1000, 'post_start_sleep_ns': 1000}",s04_s23_q2_poll1000_post1000,True,safe,build_failed,,per_stage_quantization_experimental;non_pool4_start_boundary_experimental;cpu_tail_requires_serial_raw_gate;concat_route_cpu_tail_boundary;cpu_to_vta_boundary_requires_pack_quant:data;vta_to_cpu_boundary_requires_unpack_dequant:route23;vta_to_cpu_boundary_requires_unpack_dequant:small42;vta_to_cpu_boundary_requires_unpack_dequant:big64,build_failed,,name 'read_json' is not defined
yolo_pool4_route_to_small_pre18__rt_s04_s24_q2_poll1000_post1000,pool4_route,small_pre18,"['route23', 'shared38', 'small42']",True,"[0, 1, 2, 3, 4]","[5, 6, 7, 8]","[9, 10, 11, 12]","[4, 7, 8]",cpu/vta/cpu,2.5958400000000665,279.1879757575759,464.99268276297596,264.30370909090914,0.43263999999999997,0.6345386666666667,0.06,0.0,261.70786909090907,3.0,3.0,0.0,1.0,0.0,264.30370909090914,65.847808,261.70786909090907,951808,342.2196660408259,2.9220997482964717,yolo_pool4_route_to_small_pre18,"{'stage0_threads': 4, 'stage2_threads': 4, 'queue_depth': 2, 'poll_sleep_ns': 1000, 'post_start_sleep_ns': 1000}",s04_s24_q2_poll1000_post1000,True,safe,,,per_stage_quantization_experimental;cpu_tail_requires_serial_raw_gate;route_branch_cpu_to_vta_boundary;concat_route_cpu_tail_boundary;cpu_to_vta_boundary_requires_pack_quant:pool4_route;cpu_to_vta_boundary_requires_pack_quant:route23;vta_to_cpu_boundary_requires_unpack_dequant:route23;vta_to_cpu_boundary_requires_unpack_dequant:shared38;vta_to_cpu_boundary_requires_unpack_dequant:small42,buildable,vta/tutorials/frontend/report_out/yolov3_tiny_pipeline_baseline/20260514_resnet_style_cpu_vta_cpu_100/packages/yolo_pool4_route_to_small_pre18__rt_s04_s24_q2_poll1000_post1000,
yolo_pool4_route_to_small_pre18__rt_s03_s23_q2_poll1000_post1000,pool4_route,small_pre18,"['route23', 'shared38', 'small42']",True,"[0, 1, 2, 3, 4]","[5, 6, 7, 8]","[9, 10, 11, 12]","[4, 7, 8]",cpu/vta/cpu,2.5958400000000665,279.1879757575759,464.99268276297596,264.30370909090914,0.43263999999999997,0.6345386666666667,0.06,0.0,261.70786909090907,3.0,3.0,0.0,1.0,0.0,264.30370909090914,65.847808,261.70786909090907,951808,342.2196803179459,2.922099626388904,yolo_pool4_route_to_small_pre18,"{'stage0_threads': 3, 'stage2_threads': 3, 'queue_depth': 2, 'poll_sleep_ns': 1000, 'post_start_sleep_ns': 1000}",s03_s23_q2_poll1000_post1000,True,safe,,,per_stage_quantization_experimental;cpu_tail_requires_serial_raw_gate;route_branch_cpu_to_vta_boundary;concat_route_cpu_tail_boundary;cpu_to_vta_boundary_requires_pack_quant:pool4_route;cpu_to_vta_boundary_requires_pack_quant:route23;vta_to_cpu_boundary_requires_unpack_dequant:route23;vta_to_cpu_boundary_requires_unpack_dequant:shared38;vta_to_cpu_boundary_requires_unpack_dequant:small42,buildable,vta/tutorials/frontend/report_out/yolov3_tiny_pipeline_baseline/20260514_resnet_style_cpu_vta_cpu_100/packages/yolo_pool4_route_to_small_pre18__rt_s03_s23_q2_poll1000_post1000,
yolo_pool4_route_to_small_pre18__rt_s02_s22_q2_poll1000_post1000,pool4_route,small_pre18,"['route23', 'shared38', 'small42']",True,"[0, 1, 2, 3, 4]","[5, 6, 7, 8]","[9, 10, 11, 12]","[4, 7, 8]",cpu/vta/cpu,2.5958400000000665,279.1879757575759,464.99268276297596,264.30370909090914,0.43263999999999997,0.6345386666666667,0.06,0.0,261.70786909090907,3.0,3.0,0.0,1.0,0.0,264.30370909090914,65.847808,261.70786909090907,951808,342.2197088721859,2.9220993825738,yolo_pool4_route_to_small_pre18,"{'stage0_threads': 2, 'stage2_threads': 2, 'queue_depth': 2, 'poll_sleep_ns': 1000, 'post_start_sleep_ns': 1000}",s02_s22_q2_poll1000_post1000,True,safe,,,per_stage_quantization_experimental;cpu_tail_requires_serial_raw_gate;route_branch_cpu_to_vta_boundary;concat_route_cpu_tail_boundary;cpu_to_vta_boundary_requires_pack_quant:pool4_route;cpu_to_vta_boundary_requires_pack_quant:route23;vta_to_cpu_boundary_requires_unpack_dequant:route23;vta_to_cpu_boundary_requires_unpack_dequant:shared38;vta_to_cpu_boundary_requires_unpack_dequant:small42,buildable,vta/tutorials/frontend/report_out/yolov3_tiny_pipeline_baseline/20260514_resnet_style_cpu_vta_cpu_100/packages/yolo_pool4_route_to_small_pre18__rt_s02_s22_q2_poll1000_post1000,
yolo_pool4_route_to_small_pre18__rt_s04_s23_q2_poll1000_post1000,pool4_route,small_pre18,"['route23', 'shared38', 'small42']",True,"[0, 1, 2, 3, 4]","[5, 6, 7, 8]","[9, 10, 11, 12]","[4, 7, 8]",cpu/vta/cpu,2.5958400000000665,279.1879757575759,464.99268276297596,264.30370909090914,0.43263999999999997,0.6345386666666667,0.06,0.0,261.70786909090907,3.0,3.0,0.0,1.0,0.0,264.30370909090914,65.847808,261.70786909090907,951808,342.2210197713859,2.922088189287819,yolo_pool4_route_to_small_pre18,"{'stage0_threads': 4, 'stage2_threads': 3, 'queue_depth': 2, 'poll_sleep_ns': 1000, 'post_start_sleep_ns': 1000}",s04_s23_q2_poll1000_post1000,True,safe,,,per_stage_quantization_experimental;cpu_tail_requires_serial_raw_gate;route_branch_cpu_to_vta_boundary;concat_route_cpu_tail_boundary;cpu_to_vta_boundary_requires_pack_quant:pool4_route;cpu_to_vta_boundary_requires_pack_quant:route23;vta_to_cpu_boundary_requires_unpack_dequant:route23;vta_to_cpu_boundary_requires_unpack_dequant:shared38;vta_to_cpu_boundary_requires_unpack_dequant:small42,buildable,vta/tutorials/frontend/report_out/yolov3_tiny_pipeline_baseline/20260514_resnet_style_cpu_vta_cpu_100/packages/yolo_pool4_route_to_small_pre18__rt_s04_s23_q2_poll1000_post1000,
yolo_pool4_route_to_small_pre18__rt_s03_s24_q2_poll1000_post1000,pool4_route,small_pre18,"['route23', 'shared38', 'small42']",True,"[0, 1, 2, 3, 4]","[5, 6, 7, 8]","[9, 10, 11, 12]","[4, 7, 8]",cpu/vta/cpu,2.5958400000000665,279.1879757575759,464.99268276297596,264.30370909090914,0.43263999999999997,0.6345386666666667,0.06,0.0,261.70786909090907,3.0,3.0,0.0,1.0,0.0,264.30370909090914,65.847808,261.70786909090907,951808,342.2211197112259,2.9220873359418116,yolo_pool4_route_to_small_pre18,"{'stage0_threads': 3, 'stage2_threads': 4, 'queue_depth': 2, 'poll_sleep_ns': 1000, 'post_start_sleep_ns': 1000}",s03_s24_q2_poll1000_post1000,True,safe,,,per_stage_quantization_experimental;cpu_tail_requires_serial_raw_gate;route_branch_cpu_to_vta_boundary;concat_route_cpu_tail_boundary;cpu_to_vta_boundary_requires_pack_quant:pool4_route;cpu_to_vta_boundary_requires_pack_quant:route23;vta_to_cpu_boundary_requires_unpack_dequant:route23;vta_to_cpu_boundary_requires_unpack_dequant:shared38;vta_to_cpu_boundary_requires_unpack_dequant:small42,buildable,vta/tutorials/frontend/report_out/yolov3_tiny_pipeline_baseline/20260514_resnet_style_cpu_vta_cpu_100/packages/yolo_pool4_route_to_small_pre18__rt_s03_s24_q2_poll1000_post1000,
yolo_pool4_route_to_small_pre18__rt_s03_s22_q2_poll1000_post1000,pool4_route,small_pre18,"['route23', 'shared38', 'small42']",True,"[0, 1, 2, 3, 4]","[5, 6, 7, 8]","[9, 10, 11, 12]","[4, 7, 8]",cpu/vta/cpu,2.5958400000000665,279.1879757575759,464.99268276297596,264.30370909090914,0.43263999999999997,0.6345386666666667,0.06,0.0,261.70786909090907,3.0,3.0,0.0,1.0,0.0,264.30370909090914,65.847808,261.70786909090907,951808,342.2224448875459,2.9220760208425234,yolo_pool4_route_to_small_pre18,"{'stage0_threads': 3, 'stage2_threads': 2, 'queue_depth': 2, 'poll_sleep_ns': 1000, 'post_start_sleep_ns': 1000}",s03_s22_q2_poll1000_post1000,True,safe,,,per_stage_quantization_experimental;cpu_tail_requires_serial_raw_gate;route_branch_cpu_to_vta_boundary;concat_route_cpu_tail_boundary;cpu_to_vta_boundary_requires_pack_quant:pool4_route;cpu_to_vta_boundary_requires_pack_quant:route23;vta_to_cpu_boundary_requires_unpack_dequant:route23;vta_to_cpu_boundary_requires_unpack_dequant:shared38;vta_to_cpu_boundary_requires_unpack_dequant:small42,buildable,vta/tutorials/frontend/report_out/yolov3_tiny_pipeline_baseline/20260514_resnet_style_cpu_vta_cpu_100/packages/yolo_pool4_route_to_small_pre18__rt_s03_s22_q2_poll1000_post1000,
yolo_pool3_to_shared13__rt_s03_s24_q2_poll1000_post1000,pool3,shared13,"['route23', 'shared38']",False,"[0, 1, 2, 3]","[4, 5, 6, 7]","[8, 9, 10, 11, 12]","[4, 7]",cpu/vta/cpu,59.494555151515215,318.00233890909107,393.42234847618374,263.38598787878794,0.3933090909090909,0.5768533333333333,0.04,0.0,263.38598787878794,3.0,3.0,0.0,1.0,0.0,203.89143272727273,77.92239709090909,263.38598787878794,865280,342.3994820002935,2.920565166039424,yolo_pool3_to_shared13,"{'stage0_threads': 3, 'stage2_threads': 4, 'queue_depth': 2, 'poll_sleep_ns': 1000, 'post_start_sleep_ns': 1000}",s03_s24_q2_poll1000_post1000,True,safe,,,per_stage_quantization_experimental;non_pool4_start_boundary_experimental;cpu_tail_requires_serial_raw_gate;concat_route_cpu_tail_boundary;cpu_to_vta_boundary_requires_pack_quant:pool3;vta_to_cpu_boundary_requires_unpack_dequant:route23;vta_to_cpu_boundary_requires_unpack_dequant:shared38,buildable,vta/tutorials/frontend/report_out/yolov3_tiny_pipeline_baseline/20260514_resnet_style_cpu_vta_cpu_100/packages/yolo_pool3_to_shared13__rt_s03_s24_q2_poll1000_post1000,
yolo_pool3_to_shared13__rt_s02_s23_q2_poll1000_post1000,pool3,shared13,"['route23', 'shared38']",False,"[0, 1, 2, 3]","[4, 5, 6, 7]","[8, 9, 10, 11, 12]","[4, 7]",cpu/vta/cpu,59.494555151515215,318.00233890909107,393.42234847618374,263.38598787878794,0.3933090909090909,0.5768533333333333,0.04,0.0,263.38598787878794,3.0,3.0,0.0,1.0,0.0,203.89143272727273,77.92239709090909,263.38598787878794,865280,342.4002761831202,2.9205583919131737,yolo_pool3_to_shared13,"{'stage0_threads': 2, 'stage2_threads': 3, 'queue_depth': 2, 'poll_sleep_ns': 1000, 'post_start_sleep_ns': 1000}",s02_s23_q2_poll1000_post1000,True,safe,,,per_stage_quantization_experimental;non_pool4_start_boundary_experimental;cpu_tail_requires_serial_raw_gate;concat_route_cpu_tail_boundary;cpu_to_vta_boundary_requires_pack_quant:pool3;vta_to_cpu_boundary_requires_unpack_dequant:route23;vta_to_cpu_boundary_requires_unpack_dequant:shared38,buildable,vta/tutorials/frontend/report_out/yolov3_tiny_pipeline_baseline/20260514_resnet_style_cpu_vta_cpu_100/packages/yolo_pool3_to_shared13__rt_s02_s23_q2_poll1000_post1000,
yolo_pool3_to_shared13__rt_s04_s24_q2_poll1000_post1000,pool3,shared13,"['route23', 'shared38']",False,"[0, 1, 2, 3]","[4, 5, 6, 7]","[8, 9, 10, 11, 12]","[4, 7]",cpu/vta/cpu,59.494555151515215,318.00233890909107,393.42234847618374,263.38598787878794,0.3933090909090909,0.5768533333333333,0.04,0.0,263.38598787878794,3.0,3.0,0.0,1.0,0.0,203.89143272727273,77.92239709090909,263.38598787878794,865280,342.4003239177335,2.9205579847531458,yolo_pool3_to_shared13,"{'stage0_threads': 4, 'stage2_threads': 4, 'queue_depth': 2, 'poll_sleep_ns': 1000, 'post_start_sleep_ns': 1000}",s04_s24_q2_poll1000_post1000,True,safe,,,per_stage_quantization_experimental;non_pool4_start_boundary_experimental;cpu_tail_requires_serial_raw_gate;concat_route_cpu_tail_boundary;cpu_to_vta_boundary_requires_pack_quant:pool3;vta_to_cpu_boundary_requires_unpack_dequant:route23;vta_to_cpu_boundary_requires_unpack_dequant:shared38,buildable,vta/tutorials/frontend/report_out/yolov3_tiny_pipeline_baseline/20260514_resnet_style_cpu_vta_cpu_100/packages/yolo_pool3_to_shared13__rt_s04_s24_q2_poll1000_post1000,
yolo_pool3_to_shared13__rt_s03_s23_q2_poll1000_post1000,pool3,shared13,"['route23', 'shared38']",False,"[0, 1, 2, 3]","[4, 5, 6, 7]","[8, 9, 10, 11, 12]","[4, 7]",cpu/vta/cpu,59.494555151515215,318.00233890909107,393.42234847618374,263.38598787878794,0.3933090909090909,0.5768533333333333,0.04,0.0,263.38598787878794,3.0,3.0,0.0,1.0,0.0,203.89143272727273,77.92239709090909,263.38598787878794,865280,342.40065113778684,2.9205551936803587,yolo_pool3_to_shared13,"{'stage0_threads': 3, 'stage2_threads': 3, 'queue_depth': 2, 'poll_sleep_ns': 1000, 'post_start_sleep_ns': 1000}",s03_s23_q2_poll1000_post1000,True,safe,,,per_stage_quantization_experimental;non_pool4_start_boundary_experimental;cpu_tail_requires_serial_raw_gate;concat_route_cpu_tail_boundary;cpu_to_vta_boundary_requires_pack_quant:pool3;vta_to_cpu_boundary_requires_unpack_dequant:route23;vta_to_cpu_boundary_requires_unpack_dequant:shared38,buildable,vta/tutorials/frontend/report_out/yolov3_tiny_pipeline_baseline/20260514_resnet_style_cpu_vta_cpu_100/packages/yolo_pool3_to_shared13__rt_s03_s23_q2_poll1000_post1000,
yolo_pool3_to_shared13__rt_s02_s22_q2_poll1000_post1000,pool3,shared13,"['route23', 'shared38']",False,"[0, 1, 2, 3]","[4, 5, 6, 7]","[8, 9, 10, 11, 12]","[4, 7]",cpu/vta/cpu,59.494555151515215,318.00233890909107,393.42234847618374,263.38598787878794,0.3933090909090909,0.5768533333333333,0.04,0.0,263.38598787878794,3.0,3.0,0.0,1.0,0.0,203.89143272727273,77.92239709090909,263.38598787878794,865280,342.4013055778935,2.9205496115507894,yolo_pool3_to_shared13,"{'stage0_threads': 2, 'stage2_threads': 2, 'queue_depth': 2, 'poll_sleep_ns': 1000, 'post_start_sleep_ns': 1000}",s02_s22_q2_poll1000_post1000,True,safe,,,per_stage_quantization_experimental;non_pool4_start_boundary_experimental;cpu_tail_requires_serial_raw_gate;concat_route_cpu_tail_boundary;cpu_to_vta_boundary_requires_pack_quant:pool3;vta_to_cpu_boundary_requires_unpack_dequant:route23;vta_to_cpu_boundary_requires_unpack_dequant:shared38,buildable,vta/tutorials/frontend/report_out/yolov3_tiny_pipeline_baseline/20260514_resnet_style_cpu_vta_cpu_100/packages/yolo_pool3_to_shared13__rt_s02_s22_q2_poll1000_post1000,
yolo_pool3_to_shared13__rt_s02_s24_q2_poll1000_post1000,pool3,shared13,"['route23', 'shared38']",False,"[0, 1, 2, 3]","[4, 5, 6, 7]","[8, 9, 10, 11, 12]","[4, 7]",cpu/vta/cpu,59.494555151515215,318.00233890909107,393.42234847618374,263.38598787878794,0.3933090909090909,0.5768533333333333,0.04,0.0,263.38598787878794,3.0,3.0,0.0,1.0,0.0,203.89143272727273,77.92239709090909,263.38598787878794,865280,342.4017248060535,2.920546035702448,yolo_pool3_to_shared13,"{'stage0_threads': 2, 'stage2_threads': 4, 'queue_depth': 2, 'poll_sleep_ns': 1000, 'post_start_sleep_ns': 1000}",s02_s24_q2_poll1000_post1000,True,safe,,,per_stage_quantization_experimental;non_pool4_start_boundary_experimental;cpu_tail_requires_serial_raw_gate;concat_route_cpu_tail_boundary;cpu_to_vta_boundary_requires_pack_quant:pool3;vta_to_cpu_boundary_requires_unpack_dequant:route23;vta_to_cpu_boundary_requires_unpack_dequant:shared38,buildable,vta/tutorials/frontend/report_out/yolov3_tiny_pipeline_baseline/20260514_resnet_style_cpu_vta_cpu_100/packages/yolo_pool3_to_shared13__rt_s02_s24_q2_poll1000_post1000,
yolo_pool3_to_trunk12__rt_s03_s24_q2_poll1000_post1000,pool3,trunk12,"['route23', 'trunk34']",False,"[0, 1, 2, 3]","[4, 5, 6]","[7, 8, 9, 10, 11, 12]","[4, 6]",cpu/vta/cpu,72.91950545454546,341.4068518787879,399.8956177974734,276.8109381818182,0.6292945454545454,0.9229653333333333,0.04,0.0,276.8109381818182,3.0,3.0,0.0,1.0,0.0,203.89143272727273,75.38948654545455,276.8109381818182,1384448,359.87800171928785,2.778719441651286,yolo_pool3_to_trunk12,"{'stage0_threads': 3, 'stage2_threads': 4, 'queue_depth': 2, 'poll_sleep_ns': 1000, 'post_start_sleep_ns': 1000}",s03_s24_q2_poll1000_post1000,True,safe,,,per_stage_quantization_experimental;non_pool4_start_boundary_experimental;cpu_tail_requires_serial_raw_gate;concat_route_cpu_tail_boundary;cpu_to_vta_boundary_requires_pack_quant:pool3;vta_to_cpu_boundary_requires_unpack_dequant:route23;vta_to_cpu_boundary_requires_unpack_dequant:trunk34,buildable,vta/tutorials/frontend/report_out/yolov3_tiny_pipeline_baseline/20260514_resnet_style_cpu_vta_cpu_100/packages/yolo_pool3_to_trunk12__rt_s03_s24_q2_poll1000_post1000,
yolo_pool3_to_trunk12__rt_s02_s23_q2_poll1000_post1000,pool3,trunk12,"['route23', 'trunk34']",False,"[0, 1, 2, 3]","[4, 5, 6]","[7, 8, 9, 10, 11, 12]","[4, 6]",cpu/vta/cpu,72.91950545454546,341.4068518787879,399.8956177974734,276.8109381818182,0.6292945454545454,0.9229653333333333,0.04,0.0,276.8109381818182,3.0,3.0,0.0,1.0,0.0,203.89143272727273,75.38948654545455,276.8109381818182,1384448,359.8785585269678,2.778715142388968,yolo_pool3_to_trunk12,"{'stage0_threads': 2, 'stage2_threads': 3, 'queue_depth': 2, 'poll_sleep_ns': 1000, 'post_start_sleep_ns': 1000}",s02_s23_q2_poll1000_post1000,True,safe,,,per_stage_quantization_experimental;non_pool4_start_boundary_experimental;cpu_tail_requires_serial_raw_gate;concat_route_cpu_tail_boundary;cpu_to_vta_boundary_requires_pack_quant:pool3;vta_to_cpu_boundary_requires_unpack_dequant:route23;vta_to_cpu_boundary_requires_unpack_dequant:trunk34,buildable,vta/tutorials/frontend/report_out/yolov3_tiny_pipeline_baseline/20260514_resnet_style_cpu_vta_cpu_100/packages/yolo_pool3_to_trunk12__rt_s02_s23_q2_poll1000_post1000,
yolo_pool3_to_trunk12__rt_s04_s24_q2_poll1000_post1000,pool3,trunk12,"['route23', 'trunk34']",False,"[0, 1, 2, 3]","[4, 5, 6]","[7, 8, 9, 10, 11, 12]","[4, 6]",cpu/vta/cpu,72.91950545454546,341.4068518787879,399.8956177974734,276.8109381818182,0.6292945454545454,0.9229653333333333,0.04,0.0,276.8109381818182,3.0,3.0,0.0,1.0,0.0,203.89143272727273,75.38948654545455,276.8109381818182,1384448,359.87912312216787,2.778710783010691,yolo_pool3_to_trunk12,"{'stage0_threads': 4, 'stage2_threads': 4, 'queue_depth': 2, 'poll_sleep_ns': 1000, 'post_start_sleep_ns': 1000}",s04_s24_q2_poll1000_post1000,True,safe,,,per_stage_quantization_experimental;non_pool4_start_boundary_experimental;cpu_tail_requires_serial_raw_gate;concat_route_cpu_tail_boundary;cpu_to_vta_boundary_requires_pack_quant:pool3;vta_to_cpu_boundary_requires_unpack_dequant:route23;vta_to_cpu_boundary_requires_unpack_dequant:trunk34,buildable,vta/tutorials/frontend/report_out/yolov3_tiny_pipeline_baseline/20260514_resnet_style_cpu_vta_cpu_100/packages/yolo_pool3_to_trunk12__rt_s04_s24_q2_poll1000_post1000,
yolo_pool3_to_trunk12__rt_s03_s23_q2_poll1000_post1000,pool3,trunk12,"['route23', 'trunk34']",False,"[0, 1, 2, 3]","[4, 5, 6]","[7, 8, 9, 10, 11, 12]","[4, 6]",cpu/vta/cpu,72.91950545454546,341.4068518787879,399.8956177974734,276.8109381818182,0.6292945454545454,0.9229653333333333,0.04,0.0,276.8109381818182,3.0,3.0,0.0,1.0,0.0,203.89143272727273,75.38948654545455,276.8109381818182,1384448,359.87952417944786,2.77870768635719,yolo_pool3_to_trunk12,"{'stage0_threads': 3, 'stage2_threads': 3, 'queue_depth': 2, 'poll_sleep_ns': 1000, 'post_start_sleep_ns': 1000}",s03_s23_q2_poll1000_post1000,True,safe,,,per_stage_quantization_experimental;non_pool4_start_boundary_experimental;cpu_tail_requires_serial_raw_gate;concat_route_cpu_tail_boundary;cpu_to_vta_boundary_requires_pack_quant:pool3;vta_to_cpu_boundary_requires_unpack_dequant:route23;vta_to_cpu_boundary_requires_unpack_dequant:trunk34,buildable,vta/tutorials/frontend/report_out/yolov3_tiny_pipeline_baseline/20260514_resnet_style_cpu_vta_cpu_100/packages/yolo_pool3_to_trunk12__rt_s03_s23_q2_poll1000_post1000,
yolo_pool3_to_trunk12__rt_s02_s24_q2_poll1000_post1000,pool3,trunk12,"['route23', 'trunk34']",False,"[0, 1, 2, 3]","[4, 5, 6]","[7, 8, 9, 10, 11, 12]","[4, 6]",cpu/vta/cpu,72.91950545454546,341.4068518787879,399.8956177974734,276.8109381818182,0.6292945454545454,0.9229653333333333,0.04,0.0,276.8109381818182,3.0,3.0,0.0,1.0,0.0,203.89143272727273,75.38948654545455,276.8109381818182,1384448,359.8800809871278,2.778703387131248,yolo_pool3_to_trunk12,"{'stage0_threads': 2, 'stage2_threads': 4, 'queue_depth': 2, 'poll_sleep_ns': 1000, 'post_start_sleep_ns': 1000}",s02_s24_q2_poll1000_post1000,True,safe,,,per_stage_quantization_experimental;non_pool4_start_boundary_experimental;cpu_tail_requires_serial_raw_gate;concat_route_cpu_tail_boundary;cpu_to_vta_boundary_requires_pack_quant:pool3;vta_to_cpu_boundary_requires_unpack_dequant:route23;vta_to_cpu_boundary_requires_unpack_dequant:trunk34,buildable,vta/tutorials/frontend/report_out/yolov3_tiny_pipeline_baseline/20260514_resnet_style_cpu_vta_cpu_100/packages/yolo_pool3_to_trunk12__rt_s02_s24_q2_poll1000_post1000,
yolo_pool3_to_trunk12__rt_s02_s22_q2_poll1000_post1000,pool3,trunk12,"['route23', 'trunk34']",False,"[0, 1, 2, 3]","[4, 5, 6]","[7, 8, 9, 10, 11, 12]","[4, 6]",cpu/vta/cpu,72.91950545454546,341.4068518787879,399.8956177974734,276.8109381818182,0.6292945454545454,0.9229653333333333,0.04,0.0,276.8109381818182,3.0,3.0,0.0,1.0,0.0,203.89143272727273,75.38948654545455,276.8109381818182,1384448,359.88032629400783,2.7787014930708938,yolo_pool3_to_trunk12,"{'stage0_threads': 2, 'stage2_threads': 2, 'queue_depth': 2, 'poll_sleep_ns': 1000, 'post_start_sleep_ns': 1000}",s02_s22_q2_poll1000_post1000,True,safe,,,per_stage_quantization_experimental;non_pool4_start_boundary_experimental;cpu_tail_requires_serial_raw_gate;concat_route_cpu_tail_boundary;cpu_to_vta_boundary_requires_pack_quant:pool3;vta_to_cpu_boundary_requires_unpack_dequant:route23;vta_to_cpu_boundary_requires_unpack_dequant:trunk34,buildable,vta/tutorials/frontend/report_out/yolov3_tiny_pipeline_baseline/20260514_resnet_style_cpu_vta_cpu_100/packages/yolo_pool3_to_trunk12__rt_s02_s22_q2_poll1000_post1000,
yolo_pool3_to_small_pre18__rt_s03_s24_q2_poll1000_post1000,pool3,small_pre18,"['route23', 'shared38', 'small42']",False,"[0, 1, 2, 3]","[4, 5, 6, 7, 8]","[9, 10, 11, 12]","[4, 7, 8]",cpu/vta/cpu,57.81643636363634,315.24655321212117,463.7410154528046,261.70786909090907,0.43263999999999997,0.6345386666666667,0.06,0.0,261.70786909090907,3.0,3.0,0.0,1.0,0.0,203.89143272727273,78.30784000000001,261.70786909090907,951808,365.21978242804033,2.738077311562473,yolo_pool3_to_small_pre18,"{'stage0_threads': 3, 'stage2_threads': 4, 'queue_depth': 2, 'poll_sleep_ns': 1000, 'post_start_sleep_ns': 1000}",s03_s24_q2_poll1000_post1000,True,safe,,,per_stage_quantization_experimental;non_pool4_start_boundary_experimental;cpu_tail_requires_serial_raw_gate;concat_route_cpu_tail_boundary;cpu_to_vta_boundary_requires_pack_quant:pool3;vta_to_cpu_boundary_requires_unpack_dequant:route23;vta_to_cpu_boundary_requires_unpack_dequant:shared38;vta_to_cpu_boundary_requires_unpack_dequant:small42,buildable,vta/tutorials/frontend/report_out/yolov3_tiny_pipeline_baseline/20260514_resnet_style_cpu_vta_cpu_100/packages/yolo_pool3_to_small_pre18__rt_s03_s24_q2_poll1000_post1000,
yolo_pool3_to_small_pre18__rt_s04_s24_q2_poll1000_post1000,pool3,small_pre18,"['route23', 'shared38', 'small42']",False,"[0, 1, 2, 3]","[4, 5, 6, 7, 8]","[9, 10, 11, 12]","[4, 7, 8]",cpu/vta/cpu,57.81643636363634,315.24655321212117,463.7410154528046,261.70786909090907,0.43263999999999997,0.6345386666666667,0.06,0.0,261.70786909090907,3.0,3.0,0.0,1.0,0.0,203.89143272727273,78.30784000000001,261.70786909090907,951808,365.2205689675603,2.738071414835406,yolo_pool3_to_small_pre18,"{'stage0_threads': 4, 'stage2_threads': 4, 'queue_depth': 2, 'poll_sleep_ns': 1000, 'post_start_sleep_ns': 1000}",s04_s24_q2_poll1000_post1000,True,safe,,,per_stage_quantization_experimental;non_pool4_start_boundary_experimental;cpu_tail_requires_serial_raw_gate;concat_route_cpu_tail_boundary;cpu_to_vta_boundary_requires_pack_quant:pool3;vta_to_cpu_boundary_requires_unpack_dequant:route23;vta_to_cpu_boundary_requires_unpack_dequant:shared38;vta_to_cpu_boundary_requires_unpack_dequant:small42,buildable,vta/tutorials/frontend/report_out/yolov3_tiny_pipeline_baseline/20260514_resnet_style_cpu_vta_cpu_100/packages/yolo_pool3_to_small_pre18__rt_s04_s24_q2_poll1000_post1000,
yolo_pool3_to_small_pre18__rt_s02_s23_q2_poll1000_post1000,pool3,small_pre18,"['route23', 'shared38', 'small42']",False,"[0, 1, 2, 3]","[4, 5, 6, 7, 8]","[9, 10, 11, 12]","[4, 7, 8]",cpu/vta/cpu,57.81643636363634,315.24655321212117,463.7410154528046,261.70786909090907,0.43263999999999997,0.6345386666666667,0.06,0.0,261.70786909090907,3.0,3.0,0.0,1.0,0.0,203.89143272727273,78.30784000000001,261.70786909090907,951808,365.22058584052036,2.738071288338239,yolo_pool3_to_small_pre18,"{'stage0_threads': 2, 'stage2_threads': 3, 'queue_depth': 2, 'poll_sleep_ns': 1000, 'post_start_sleep_ns': 1000}",s02_s23_q2_poll1000_post1000,True,safe,,,per_stage_quantization_experimental;non_pool4_start_boundary_experimental;cpu_tail_requires_serial_raw_gate;concat_route_cpu_tail_boundary;cpu_to_vta_boundary_requires_pack_quant:pool3;vta_to_cpu_boundary_requires_unpack_dequant:route23;vta_to_cpu_boundary_requires_unpack_dequant:shared38;vta_to_cpu_boundary_requires_unpack_dequant:small42,buildable,vta/tutorials/frontend/report_out/yolov3_tiny_pipeline_baseline/20260514_resnet_style_cpu_vta_cpu_100/packages/yolo_pool3_to_small_pre18__rt_s02_s23_q2_poll1000_post1000,
yolo_pool3_to_small_pre18__rt_s03_s23_q2_poll1000_post1000,pool3,small_pre18,"['route23', 'shared38', 'small42']",False,"[0, 1, 2, 3]","[4, 5, 6, 7, 8]","[9, 10, 11, 12]","[4, 7, 8]",cpu/vta/cpu,57.81643636363634,315.24655321212117,463.7410154528046,261.70786909090907,0.43263999999999997,0.6345386666666667,0.06,0.0,261.70786909090907,3.0,3.0,0.0,1.0,0.0,203.89143272727273,78.30784000000001,261.70786909090907,951808,365.2208869579604,2.7380690308523,yolo_pool3_to_small_pre18,"{'stage0_threads': 3, 'stage2_threads': 3, 'queue_depth': 2, 'poll_sleep_ns': 1000, 'post_start_sleep_ns': 1000}",s03_s23_q2_poll1000_post1000,True,safe,,,per_stage_quantization_experimental;non_pool4_start_boundary_experimental;cpu_tail_requires_serial_raw_gate;concat_route_cpu_tail_boundary;cpu_to_vta_boundary_requires_pack_quant:pool3;vta_to_cpu_boundary_requires_unpack_dequant:route23;vta_to_cpu_boundary_requires_unpack_dequant:shared38;vta_to_cpu_boundary_requires_unpack_dequant:small42,buildable,vta/tutorials/frontend/report_out/yolov3_tiny_pipeline_baseline/20260514_resnet_style_cpu_vta_cpu_100/packages/yolo_pool3_to_small_pre18__rt_s03_s23_q2_poll1000_post1000,
yolo_pool3_to_small_pre18__rt_s02_s22_q2_poll1000_post1000,pool3,small_pre18,"['route23', 'shared38', 'small42']",False,"[0, 1, 2, 3]","[4, 5, 6, 7, 8]","[9, 10, 11, 12]","[4, 7, 8]",cpu/vta/cpu,57.81643636363634,315.24655321212117,463.7410154528046,261.70786909090907,0.43263999999999997,0.6345386666666667,0.06,0.0,261.70786909090907,3.0,3.0,0.0,1.0,0.0,203.89143272727273,78.30784000000001,261.70786909090907,951808,365.22152293876036,2.7380642628985425,yolo_pool3_to_small_pre18,"{'stage0_threads': 2, 'stage2_threads': 2, 'queue_depth': 2, 'poll_sleep_ns': 1000, 'post_start_sleep_ns': 1000}",s02_s22_q2_poll1000_post1000,True,safe,,,per_stage_quantization_experimental;non_pool4_start_boundary_experimental;cpu_tail_requires_serial_raw_gate;concat_route_cpu_tail_boundary;cpu_to_vta_boundary_requires_pack_quant:pool3;vta_to_cpu_boundary_requires_unpack_dequant:route23;vta_to_cpu_boundary_requires_unpack_dequant:shared38;vta_to_cpu_boundary_requires_unpack_dequant:small42,buildable,vta/tutorials/frontend/report_out/yolov3_tiny_pipeline_baseline/20260514_resnet_style_cpu_vta_cpu_100/packages/yolo_pool3_to_small_pre18__rt_s02_s22_q2_poll1000_post1000,
yolo_pool3_to_small_pre18__rt_s04_s23_q2_poll1000_post1000,pool3,small_pre18,"['route23', 'shared38', 'small42']",False,"[0, 1, 2, 3]","[4, 5, 6, 7, 8]","[9, 10, 11, 12]","[4, 7, 8]",cpu/vta/cpu,57.81643636363634,315.24655321212117,463.7410154528046,261.70786909090907,0.43263999999999997,0.6345386666666667,0.06,0.0,261.70786909090907,3.0,3.0,0.0,1.0,0.0,203.89143272727273,78.30784000000001,261.70786909090907,951808,365.22200836084033,2.738060623696032,yolo_pool3_to_small_pre18,"{'stage0_threads': 4, 'stage2_threads': 3, 'queue_depth': 2, 'poll_sleep_ns': 1000, 'post_start_sleep_ns': 1000}",s04_s23_q2_poll1000_post1000,True,safe,,,per_stage_quantization_experimental;non_pool4_start_boundary_experimental;cpu_tail_requires_serial_raw_gate;concat_route_cpu_tail_boundary;cpu_to_vta_boundary_requires_pack_quant:pool3;vta_to_cpu_boundary_requires_unpack_dequant:route23;vta_to_cpu_boundary_requires_unpack_dequant:shared38;vta_to_cpu_boundary_requires_unpack_dequant:small42,buildable,vta/tutorials/frontend/report_out/yolov3_tiny_pipeline_baseline/20260514_resnet_style_cpu_vta_cpu_100/packages/yolo_pool3_to_small_pre18__rt_s04_s23_q2_poll1000_post1000,
yolo_pool4_route_to_dual_pre18_14__rt_s04_s23_q2_poll1000_post1000,pool4_route,dual_pre18_14,"['route23', 'small42', 'big64']",True,"[0, 1, 2, 3, 4]","[5, 6, 7, 8, 11]","[9, 10, 12]","[4, 8, 11]",cpu/vta/cpu,63.00811636363639,321.67060169696975,464.99268276297596,264.30370909090914,0.5113018181818182,0.7499093333333333,0.06,0.0,201.29559272727275,3.0,3.0,0.0,1.0,0.0,264.30370909090914,78.38650181818183,201.29559272727275,1124864,369.83339756191197,2.703920215406168,yolo_pool4_route_to_dual_pre18_14,"{'stage0_threads': 4, 'stage2_threads': 3, 'queue_depth': 2, 'poll_sleep_ns': 1000, 'post_start_sleep_ns': 1000}",s04_s23_q2_poll1000_post1000,True,safe,,,per_stage_quantization_experimental;cpu_tail_requires_serial_raw_gate;route_branch_cpu_to_vta_boundary;concat_route_cpu_tail_boundary;cpu_to_vta_boundary_requires_pack_quant:pool4_route;cpu_to_vta_boundary_requires_pack_quant:route23;vta_to_cpu_boundary_requires_unpack_dequant:route23;vta_to_cpu_boundary_requires_unpack_dequant:small42;vta_to_cpu_boundary_requires_unpack_dequant:big64,buildable,vta/tutorials/frontend/report_out/yolov3_tiny_pipeline_baseline/20260514_resnet_style_cpu_vta_cpu_100/packages/yolo_pool4_route_to_dual_pre18_14__rt_s04_s23_q2_poll1000_post1000,
yolo_pool4_route_to_dual_pre18_14__rt_s03_s22_q2_poll1000_post1000,pool4_route,dual_pre18_14,"['route23', 'small42', 'big64']",True,"[0, 1, 2, 3, 4]","[5, 6, 7, 8, 11]","[9, 10, 12]","[4, 8, 11]",cpu/vta/cpu,63.00811636363639,321.67060169696975,464.99268276297596,264.30370909090914,0.5113018181818182,0.7499093333333333,0.06,0.0,201.29559272727275,3.0,3.0,0.0,1.0,0.0,264.30370909090914,78.38650181818183,201.29559272727275,1124864,369.83415814303197,2.7039146546686847,yolo_pool4_route_to_dual_pre18_14,"{'stage0_threads': 3, 'stage2_threads': 2, 'queue_depth': 2, 'poll_sleep_ns': 1000, 'post_start_sleep_ns': 1000}",s03_s22_q2_poll1000_post1000,True,safe,,,per_stage_quantization_experimental;cpu_tail_requires_serial_raw_gate;route_branch_cpu_to_vta_boundary;concat_route_cpu_tail_boundary;cpu_to_vta_boundary_requires_pack_quant:pool4_route;cpu_to_vta_boundary_requires_pack_quant:route23;vta_to_cpu_boundary_requires_unpack_dequant:route23;vta_to_cpu_boundary_requires_unpack_dequant:small42;vta_to_cpu_boundary_requires_unpack_dequant:big64,buildable,vta/tutorials/frontend/report_out/yolov3_tiny_pipeline_baseline/20260514_resnet_style_cpu_vta_cpu_100/packages/yolo_pool4_route_to_dual_pre18_14__rt_s03_s22_q2_poll1000_post1000,
yolo_pool4_route_to_dual_pre18_14__rt_s04_s24_q2_poll1000_post1000,pool4_route,dual_pre18_14,"['route23', 'small42', 'big64']",True,"[0, 1, 2, 3, 4]","[5, 6, 7, 8, 11]","[9, 10, 12]","[4, 8, 11]",cpu/vta/cpu,63.00811636363639,321.67060169696975,464.99268276297596,264.30370909090914,0.5113018181818182,0.7499093333333333,0.06,0.0,201.29559272727275,3.0,3.0,0.0,1.0,0.0,264.30370909090914,78.38650181818183,201.29559272727275,1124864,369.83436970399197,2.703913107914713,yolo_pool4_route_to_dual_pre18_14,"{'stage0_threads': 4, 'stage2_threads': 4, 'queue_depth': 2, 'poll_sleep_ns': 1000, 'post_start_sleep_ns': 1000}",s04_s24_q2_poll1000_post1000,True,safe,,,per_stage_quantization_experimental;cpu_tail_requires_serial_raw_gate;route_branch_cpu_to_vta_boundary;concat_route_cpu_tail_boundary;cpu_to_vta_boundary_requires_pack_quant:pool4_route;cpu_to_vta_boundary_requires_pack_quant:route23;vta_to_cpu_boundary_requires_unpack_dequant:route23;vta_to_cpu_boundary_requires_unpack_dequant:small42;vta_to_cpu_boundary_requires_unpack_dequant:big64,buildable,vta/tutorials/frontend/report_out/yolov3_tiny_pipeline_baseline/20260514_resnet_style_cpu_vta_cpu_100/packages/yolo_pool4_route_to_dual_pre18_14__rt_s04_s24_q2_poll1000_post1000,
yolo_pool4_route_to_dual_pre18_14__rt_s03_s23_q2_poll1000_post1000,pool4_route,dual_pre18_14,"['route23', 'small42', 'big64']",True,"[0, 1, 2, 3, 4]","[5, 6, 7, 8, 11]","[9, 10, 12]","[4, 8, 11]",cpu/vta/cpu,63.00811636363639,321.67060169696975,464.99268276297596,264.30370909090914,0.5113018181818182,0.7499093333333333,0.06,0.0,201.29559272727275,3.0,3.0,0.0,1.0,0.0,264.30370909090914,78.38650181818183,201.29559272727275,1124864,369.83471624863193,2.7039105742785963,yolo_pool4_route_to_dual_pre18_14,"{'stage0_threads': 3, 'stage2_threads': 3, 'queue_depth': 2, 'poll_sleep_ns': 1000, 'post_start_sleep_ns': 1000}",s03_s23_q2_poll1000_post1000,True,safe,,,per_stage_quantization_experimental;cpu_tail_requires_serial_raw_gate;route_branch_cpu_to_vta_boundary;concat_route_cpu_tail_boundary;cpu_to_vta_boundary_requires_pack_quant:pool4_route;cpu_to_vta_boundary_requires_pack_quant:route23;vta_to_cpu_boundary_requires_unpack_dequant:route23;vta_to_cpu_boundary_requires_unpack_dequant:small42;vta_to_cpu_boundary_requires_unpack_dequant:big64,buildable,vta/tutorials/frontend/report_out/yolov3_tiny_pipeline_baseline/20260514_resnet_style_cpu_vta_cpu_100/packages/yolo_pool4_route_to_dual_pre18_14__rt_s03_s23_q2_poll1000_post1000,
yolo_pool4_route_to_dual_pre18_14__rt_s02_s22_q2_poll1000_post1000,pool4_route,dual_pre18_14,"['route23', 'small42', 'big64']",True,"[0, 1, 2, 3, 4]","[5, 6, 7, 8, 11]","[9, 10, 12]","[4, 8, 11]",cpu/vta/cpu,63.00811636363639,321.67060169696975,464.99268276297596,264.30370909090914,0.5113018181818182,0.7499093333333333,0.06,0.0,201.29559272727275,3.0,3.0,0.0,1.0,0.0,264.30370909090914,78.38650181818183,201.29559272727275,1124864,369.8354093379119,2.7039055070206057,yolo_pool4_route_to_dual_pre18_14,"{'stage0_threads': 2, 'stage2_threads': 2, 'queue_depth': 2, 'poll_sleep_ns': 1000, 'post_start_sleep_ns': 1000}",s02_s22_q2_poll1000_post1000,True,safe,,,per_stage_quantization_experimental;cpu_tail_requires_serial_raw_gate;route_branch_cpu_to_vta_boundary;concat_route_cpu_tail_boundary;cpu_to_vta_boundary_requires_pack_quant:pool4_route;cpu_to_vta_boundary_requires_pack_quant:route23;vta_to_cpu_boundary_requires_unpack_dequant:route23;vta_to_cpu_boundary_requires_unpack_dequant:small42;vta_to_cpu_boundary_requires_unpack_dequant:big64,buildable,vta/tutorials/frontend/report_out/yolov3_tiny_pipeline_baseline/20260514_resnet_style_cpu_vta_cpu_100/packages/yolo_pool4_route_to_dual_pre18_14__rt_s02_s22_q2_poll1000_post1000,
yolo_pool4_route_to_dual_pre18_14__rt_s04_s22_q2_poll1000_post1000,pool4_route,dual_pre18_14,"['route23', 'small42', 'big64']",True,"[0, 1, 2, 3, 4]","[5, 6, 7, 8, 11]","[9, 10, 12]","[4, 8, 11]",cpu/vta/cpu,63.00811636363639,321.67060169696975,464.99268276297596,264.30370909090914,0.5113018181818182,0.7499093333333333,0.06,0.0,201.29559272727275,3.0,3.0,0.0,1.0,0.0,264.30370909090914,78.38650181818183,201.29559272727275,1124864,369.83561181343197,2.703904026701631,yolo_pool4_route_to_dual_pre18_14,"{'stage0_threads': 4, 'stage2_threads': 2, 'queue_depth': 2, 'poll_sleep_ns': 1000, 'post_start_sleep_ns': 1000}",s04_s22_q2_poll1000_post1000,True,safe,,,per_stage_quantization_experimental;cpu_tail_requires_serial_raw_gate;route_branch_cpu_to_vta_boundary;concat_route_cpu_tail_boundary;cpu_to_vta_boundary_requires_pack_quant:pool4_route;cpu_to_vta_boundary_requires_pack_quant:route23;vta_to_cpu_boundary_requires_unpack_dequant:route23;vta_to_cpu_boundary_requires_unpack_dequant:small42;vta_to_cpu_boundary_requires_unpack_dequant:big64,buildable,vta/tutorials/frontend/report_out/yolov3_tiny_pipeline_baseline/20260514_resnet_style_cpu_vta_cpu_100/packages/yolo_pool4_route_to_dual_pre18_14__rt_s04_s22_q2_poll1000_post1000,
yolo_pool2_to_shared13__rt_s02_s24_q2_poll1000_post1000,pool2,shared13,"['route23', 'shared38']",False,"[0, 1, 2]","[3, 4, 5, 6, 7]","[8, 9, 10, 11, 12]","[4, 7]",cpu/vta/cpu,119.90683151515157,360.2909323636365,393.42234847618374,263.38598787878794,0.3933090909090909,0.5768533333333333,0.04,0.0,263.38598787878794,3.0,3.0,0.0,1.0,0.0,143.47915636363638,90.38242909090908,263.38598787878794,865280,369.88731694638807,2.703526058302078,yolo_pool2_to_shared13,"{'stage0_threads': 2, 'stage2_threads': 4, 'queue_depth': 2, 'poll_sleep_ns': 1000, 'post_start_sleep_ns': 1000}",s02_s24_q2_poll1000_post1000,True,safe,,,per_stage_quantization_experimental;non_pool4_start_boundary_experimental;cpu_tail_requires_serial_raw_gate;concat_route_cpu_tail_boundary;cpu_to_vta_boundary_requires_pack_quant:pool2;vta_to_cpu_boundary_requires_unpack_dequant:route23;vta_to_cpu_boundary_requires_unpack_dequant:shared38,buildable,vta/tutorials/frontend/report_out/yolov3_tiny_pipeline_baseline/20260514_resnet_style_cpu_vta_cpu_100/packages/yolo_pool2_to_shared13__rt_s02_s24_q2_poll1000_post1000,
yolo_pool2_to_shared13__rt_s02_s23_q2_poll1000_post1000,pool2,shared13,"['route23', 'shared38']",False,"[0, 1, 2]","[3, 4, 5, 6, 7]","[8, 9, 10, 11, 12]","[4, 7]",cpu/vta/cpu,119.90683151515157,360.2909323636365,393.42234847618374,263.38598787878794,0.3933090909090909,0.5768533333333333,0.04,0.0,263.38598787878794,3.0,3.0,0.0,1.0,0.0,143.47915636363638,90.38242909090908,263.38598787878794,865280,369.8879876826014,2.7035211558643364,yolo_pool2_to_shared13,"{'stage0_threads': 2, 'stage2_threads': 3, 'queue_depth': 2, 'poll_sleep_ns': 1000, 'post_start_sleep_ns': 1000}",s02_s23_q2_poll1000_post1000,True,safe,,,per_stage_quantization_experimental;non_pool4_start_boundary_experimental;cpu_tail_requires_serial_raw_gate;concat_route_cpu_tail_boundary;cpu_to_vta_boundary_requires_pack_quant:pool2;vta_to_cpu_boundary_requires_unpack_dequant:route23;vta_to_cpu_boundary_requires_unpack_dequant:shared38,buildable,vta/tutorials/frontend/report_out/yolov3_tiny_pipeline_baseline/20260514_resnet_style_cpu_vta_cpu_100/packages/yolo_pool2_to_shared13__rt_s02_s23_q2_poll1000_post1000,
yolo_pool2_to_shared13__rt_s03_s24_q2_poll1000_post1000,pool2,shared13,"['route23', 'shared38']",False,"[0, 1, 2]","[3, 4, 5, 6, 7]","[8, 9, 10, 11, 12]","[4, 7]",cpu/vta/cpu,119.90683151515157,360.2909323636365,393.42234847618374,263.38598787878794,0.3933090909090909,0.5768533333333333,0.04,0.0,263.38598787878794,3.0,3.0,0.0,1.0,0.0,143.47915636363638,90.38242909090908,263.38598787878794,865280,369.88811733038807,2.703520208265542,yolo_pool2_to_shared13,"{'stage0_threads': 3, 'stage2_threads': 4, 'queue_depth': 2, 'poll_sleep_ns': 1000, 'post_start_sleep_ns': 1000}",s03_s24_q2_poll1000_post1000,True,safe,,,per_stage_quantization_experimental;non_pool4_start_boundary_experimental;cpu_tail_requires_serial_raw_gate;concat_route_cpu_tail_boundary;cpu_to_vta_boundary_requires_pack_quant:pool2;vta_to_cpu_boundary_requires_unpack_dequant:route23;vta_to_cpu_boundary_requires_unpack_dequant:shared38,buildable,vta/tutorials/frontend/report_out/yolov3_tiny_pipeline_baseline/20260514_resnet_style_cpu_vta_cpu_100/packages/yolo_pool2_to_shared13__rt_s03_s24_q2_poll1000_post1000,
yolo_pool2_to_shared13__rt_s04_s24_q2_poll1000_post1000,pool2,shared13,"['route23', 'shared38']",False,"[0, 1, 2]","[3, 4, 5, 6, 7]","[8, 9, 10, 11, 12]","[4, 7]",cpu/vta/cpu,119.90683151515157,360.2909323636365,393.42234847618374,263.38598787878794,0.3933090909090909,0.5768533333333333,0.04,0.0,263.38598787878794,3.0,3.0,0.0,1.0,0.0,143.47915636363638,90.38242909090908,263.38598787878794,865280,369.88890646574805,2.7035144404705216,yolo_pool2_to_shared13,"{'stage0_threads': 4, 'stage2_threads': 4, 'queue_depth': 2, 'poll_sleep_ns': 1000, 'post_start_sleep_ns': 1000}",s04_s24_q2_poll1000_post1000,True,safe,,,per_stage_quantization_experimental;non_pool4_start_boundary_experimental;cpu_tail_requires_serial_raw_gate;concat_route_cpu_tail_boundary;cpu_to_vta_boundary_requires_pack_quant:pool2;vta_to_cpu_boundary_requires_unpack_dequant:route23;vta_to_cpu_boundary_requires_unpack_dequant:shared38,buildable,vta/tutorials/frontend/report_out/yolov3_tiny_pipeline_baseline/20260514_resnet_style_cpu_vta_cpu_100/packages/yolo_pool2_to_shared13__rt_s04_s24_q2_poll1000_post1000,
